seq_length,molecular_weight,nh3_tail,po3_pos,biotinylated,acylated_n_terminal,cyclic,amidated,stearyl_uptake,hexahistidine_tagged,aromaticity,instability_index,isoelectric_point,helix_fraction,turn_fraction,sheet_fraction,molar_extinction_coefficient_reduced,molar_extinction_coefficient_oxidized,gravy,is_cpp
26.0,3151.8361999999997,0,0,0,0,0,0,0,0,0.1923076923076923,10.653846153846153,11.608322334289554,0.5384615384615384,0.23076923076923078,0.23076923076923075,0.0,0.0,-1.4923076923076921,1
22.0,2785.1938999999998,0,0,0,0,0,0,0,0,0.13636363636363635,115.70045454545453,11.839377021789552,0.2272727272727273,0.18181818181818182,0.3181818181818182,1490.0,1490.0,-1.2727272727272727,1
10.0,1439.6794,0,0,0,0,0,0,0,0,0.0,328.0,11.999967765808105,0.30000000000000004,0.0,0.0,0.0,0.0,-3.71,1
10.0,1439.6794,0,0,0,0,0,0,0,0,0.0,328.0,11.999967765808105,0.30000000000000004,0.0,0.0,0.0,0.0,-3.71,1
10.0,1439.6794,0,0,0,0,0,0,0,0,0.0,328.0,11.999967765808105,0.30000000000000004,0.0,0.0,0.0,0.0,-3.71,1
10.0,1439.6794,0,0,0,0,0,0,0,0,0.0,328.0,11.999967765808105,0.30000000000000004,0.0,0.0,0.0,0.0,-3.71,1
12.0,1611.8579,0,0,0,0,0,0,0,0,0.0,227.2666666666667,11.999967765808105,0.5,0.0,0.0,0.0,0.0,-3.1833333333333336,1
12.0,1611.8579,0,0,0,0,0,0,0,0,0.0,227.2666666666667,11.999967765808105,0.5,0.0,0.0,0.0,0.0,-3.1833333333333336,1
12.0,1611.8579,0,0,0,0,0,0,0,0,0.0,227.2666666666667,11.999967765808105,0.5,0.0,0.0,0.0,0.0,-3.1833333333333336,1
11.0,1540.78,0,0,0,0,0,0,0,0,0.0,247.01818181818183,11.999967765808105,0.4545454545454546,0.0,0.0,0.0,0.0,-3.6363636363636362,1
7.0,971.1222999999999,0,0,0,0,0,0,0,0,0.0,300.62857142857143,11.999967765808105,0.4285714285714286,0.0,0.0,0.0,0.0,-3.3714285714285714,1
9.0,1283.4937,0,0,0,0,0,0,0,0,0.0,363.33333333333337,11.999967765808105,0.3333333333333333,0.0,0.0,0.0,0.0,-3.6222222222222222,1
10.0,1439.6794,0,0,0,0,0,0,0,0,0.0,385.28,11.999967765808105,0.30000000000000004,0.0,0.0,0.0,0.0,-3.71,1
11.0,1595.8651,0,0,0,0,0,0,0,0,0.0,403.2363636363636,11.999967765808105,0.2727272727272727,0.0,0.0,0.0,0.0,-3.7818181818181817,1
12.0,1752.0508,0,0,0,0,0,0,0,0,0.0,418.19999999999993,11.999967765808105,0.25,0.0,0.0,0.0,0.0,-3.841666666666667,1
3.0,346.3795,0,0,0,0,0,0,0,0,0.0,6.666666666666667,6.261804008483887,1.0,0.0,0.0,0.0,0.0,-1.8666666666666665,1
3.0,346.3795,0,0,0,0,0,0,0,0,0.0,6.666666666666667,6.261804008483887,1.0,0.0,0.0,0.0,0.0,-1.8666666666666665,1
17.0,2078.3658,0,0,0,0,0,0,0,0,0.0,113.97647058823529,11.824484825134277,0.23529411764705885,0.17647058823529413,0.23529411764705885,0.0,0.0,-1.1235294117647059,1
12.0,1208.5129,0,0,0,0,0,0,0,0,0.0,77.88333333333334,5.561547660827636,0.4166666666666667,0.25,0.4166666666666667,0.0,0.0,1.8583333333333334,1
18.0,1999.2907,0,0,0,0,0,0,0,0,0.0,76.78888888888888,11.999967765808105,0.49999999999999994,0.05555555555555555,0.05555555555555555,0.0,0.0,-1.0777777777777777,0
14.0,1115.1944999999998,0,0,0,0,0,0,0,0,0.0,3.9,4.599093055725096,0.7857142857142858,0.14285714285714288,0.14285714285714288,0.0,0.0,1.0714285714285714,0
32.0,3265.6271,0,0,0,0,0,0,0,0,0.09375,43.515625,4.0500284194946286,0.375,0.25,0.28125,4470.0,4595.0,0.4375,0
6.0,750.8426,0,0,0,0,0,0,0,0,0.5,8.333333333333334,5.57001667022705,0.5,0.0,0.5,11000.0,11000.0,1.0666666666666667,1
13.0,1520.8216,0,0,0,0,0,0,0,0,0.07692307692307693,86.65384615384616,11.999967765808105,0.46153846153846156,0.15384615384615385,0.23076923076923078,0.0,0.0,-1.2307692307692308,1
12.0,1192.4474,0,0,0,0,0,0,0,0,0.0,27.908333333333335,5.880357551574707,0.7500000000000001,0.25,0.33333333333333337,0.0,0.0,0.9833333333333333,1
23.0,2428.8478,0,0,0,0,0,0,0,0,0.043478260869565216,38.13478260869565,8.63278408050537,0.43478260869565216,0.2608695652173913,0.34782608695652173,1490.0,1490.0,0.29130434782608694,0
20.0,1988.2446999999997,0,0,0,0,0,0,0,0,0.0,67.20500000000001,5.4012048721313475,0.4,0.2,0.35,0.0,0.0,0.255,0
27.0,3379.9222999999997,0,0,0,0,0,0,0,0,0.037037037037037035,137.88518518518515,11.999967765808105,0.18518518518518517,0.1111111111111111,0.14814814814814814,0.0,125.0,-1.4,1
16.0,1546.9778000000001,0,0,0,0,0,0,0,0,0.0,33.45,8.795051002502444,0.8125,0.0625,0.5,0.0,0.0,2.28125,1
26.0,2680.2981999999997,0,0,0,0,0,0,0,0,0.038461538461538464,21.165384615384617,9.200299263000488,0.6538461538461539,0.19230769230769232,0.42307692307692313,0.0,0.0,1.1807692307692308,1
26.0,2710.3241999999996,0,0,0,0,0,0,0,0,0.038461538461538464,38.065384615384616,9.11629695892334,0.6923076923076923,0.15384615384615385,0.42307692307692313,1490.0,1490.0,1.023076923076923,1
25.0,2552.1259,0,0,0,0,0,0,0,0,0.04,21.612000000000002,8.24113864898682,0.64,0.2,0.44,0.0,0.0,1.3840000000000001,1
25.0,2582.1519,0,0,0,0,0,0,0,0,0.04,39.188,8.21838130950928,0.68,0.16,0.44,1490.0,1490.0,1.22,1
16.0,1515.9207000000001,0,0,0,0,0,0,0,0,0.0,45.4875,5.57001667022705,0.75,0.125,0.5,0.0,0.0,2.425,1
41.0,4437.2438,0,0,0,0,0,0,0,0,0.12195121951219512,48.048780487804876,6.183138847351074,0.5365853658536586,0.24390243902439027,0.4390243902439025,5960.0,5960.0,0.7756097560975609,1
28.0,3159.8683,0,0,0,0,0,0,0,0,0.0,128.1142857142857,11.999967765808105,0.5,0.14285714285714288,0.2857142857142857,0.0,0.0,-0.22142857142857147,1
29.0,3263.0112,0,0,0,0,0,0,0,0,0.0,121.44137931034481,11.999967765808105,0.48275862068965514,0.13793103448275862,0.27586206896551724,0.0,0.0,-0.12758620689655176,1
22.0,2453.0348999999997,0,0,0,0,0,0,0,0,0.0,162.56363636363636,11.999967765808105,0.5454545454545454,0.09090909090909091,0.36363636363636365,0.0,0.0,0.5363636363636363,1
28.0,2765.2504,0,0,0,0,0,0,0,0,0.03571428571428572,42.735714285714295,6.0040391921997065,0.5357142857142857,0.28571428571428575,0.39285714285714285,1490.0,1490.0,1.0535714285714286,1
25.0,2625.3091999999997,0,0,0,0,0,0,0,0,0.0,64.052,11.166391563415527,0.64,0.12,0.4,0.0,0.0,1.112,1
26.0,2781.4948999999997,0,0,0,0,0,0,0,0,0.0,72.82692307692308,11.999967765808105,0.6153846153846154,0.11538461538461538,0.3846153846153846,0.0,0.0,0.8961538461538462,1
43.0,4601.2910999999995,0,0,0,0,0,0,0,0,0.09302325581395349,34.8093023255814,4.0500284194946286,0.5813953488372093,0.16279069767441862,0.46511627906976744,0.0,0.0,0.944186046511628,1
12.0,1147.4497,0,0,0,0,0,0,0,0,0.0,57.31666666666667,5.57001667022705,0.6666666666666667,0.16666666666666669,0.5,0.0,0.0,2.3000000000000003,1
21.0,2281.8278999999998,0,0,0,0,0,0,0,0,0.0,76.03333333333332,11.999967765808105,0.5238095238095238,0.14285714285714288,0.380952380952381,0.0,0.0,0.48571428571428565,1
21.0,2210.7864,0,0,0,0,0,0,0,0,0.047619047619047616,6.566666666666666,10.176995277404785,0.8095238095238095,0.047619047619047616,0.4285714285714286,1490.0,1490.0,1.1428571428571428,1
14.0,1281.2871999999998,0,0,0,0,0,0,0,0,0.0,63.93571428571429,4.0500284194946286,0.14285714285714288,0.6428571428571429,0.07142857142857144,0.0,125.0,-0.85,1
17.0,1734.9951999999998,0,0,0,0,0,0,0,0,0.0,10.28823529411764,11.700963401794432,0.05882352941176471,0.411764705882353,0.0,0.0,125.0,-1.2058823529411764,1
6.0,548.6102999999999,0,0,0,0,0,0,0,0,0.0,101.10000000000001,4.0500284194946286,0.5,0.33333333333333337,0.16666666666666669,0.0,0.0,0.6333333333333333,0
17.0,1596.7784,0,0,0,0,0,0,0,0,0.0,20.27647058823529,10.438543510437011,0.05882352941176471,0.5294117647058824,0.0,0.0,125.0,-0.7705882352941176,1
25.0,2983.5503,0,0,0,0,0,0,0,0,0.08,79.27600000000001,9.114685249328613,0.48,0.12,0.36,1490.0,1490.0,-0.048000000000000015,0
17.0,1993.3159999999998,0,0,0,0,0,0,0,0,0.0,239.39411764705883,11.999967765808105,0.05882352941176471,0.29411764705882354,0.0,0.0,125.0,-1.7352941176470589,1
17.0,1596.7784,0,0,0,0,0,0,0,0,0.0,34.45882352941176,10.438543510437011,0.05882352941176471,0.5294117647058824,0.0,0.0,125.0,-0.7705882352941176,1
17.0,1458.5616,0,0,0,0,0,0,0,0,0.0,44.44705882352942,8.740639686584473,0.05882352941176471,0.6470588235294118,0.0,0.0,125.0,-0.33529411764705885,1
17.0,1320.3448,0,0,0,0,0,0,0,0,0.0,54.435294117647054,5.54557590484619,0.05882352941176471,0.7647058823529412,0.0,0.0,125.0,0.09999999999999998,1
31.0,3586.0155999999997,0,0,0,0,0,0,0,0,0.0967741935483871,44.80967741935483,4.110618782043456,0.4516129032258065,0.22580645161290322,0.22580645161290322,6990.0,7115.0,-0.4,0
24.0,2332.5271,0,0,0,0,0,0,0,0,0.0,11.491666666666669,4.137446784973144,0.45833333333333337,0.25,0.125,0.0,0.0,-0.07916666666666665,0
20.0,2249.3406,0,0,0,0,0,0,0,0,0.1,56.885,4.0500284194946286,0.25,0.45,0.30000000000000004,1490.0,1490.0,-0.45499999999999996,0
18.0,2011.3193999999999,0,0,0,0,0,0,0,0,0.0,34.63333333333334,4.679292869567871,0.5,0.16666666666666666,0.4444444444444444,0.0,0.0,-6.1679056923619804e-18,0
7.0,842.958,0,0,0,0,0,0,0,0,0.28571428571428575,-14.328571428571431,5.870979118347167,0.28571428571428575,0.28571428571428575,0.28571428571428575,1490.0,1490.0,-0.4571428571428572,0
10.0,1019.1700000000001,0,0,0,0,0,0,0,0,0.0,-10.86,4.0500284194946286,0.4,0.2,0.5,0.0,0.0,0.63,0
24.0,2820.1119999999996,0,0,0,0,0,0,0,0,0.125,51.15,4.316716957092285,0.2916666666666667,0.2916666666666667,0.4166666666666667,6990.0,6990.0,-0.6124999999999999,0
30.0,3208.5312999999996,0,0,0,0,0,0,0,0,0.1,30.983333333333334,4.139095115661621,0.23333333333333334,0.3666666666666667,0.43333333333333335,2980.0,2980.0,-0.06666666666666668,0
14.0,1688.9162,0,0,0,0,0,0,0,0,0.35714285714285715,70.80071428571429,4.0500284194946286,0.14285714285714288,0.35714285714285715,0.5714285714285715,2980.0,2980.0,0.5714285714285714,0
13.0,1509.7558999999999,0,0,0,0,0,0,0,0,0.0,22.099999999999998,10.903618431091306,0.5384615384615385,0.23076923076923078,0.15384615384615385,0.0,0.0,-1.4692307692307693,1
7.0,801.8484,0,0,0,0,0,0,0,0,0.0,8.571428571428571,6.188481712341309,0.7142857142857143,0.0,0.0,0.0,0.0,-1.5142857142857142,0
25.0,2982.3554,0,0,0,0,0,0,0,0,0.08,59.25600000000001,8.632139396667483,0.52,0.08,0.28,11000.0,11000.0,-0.784,0
26.0,2624.98,0,0,0,0,0,0,0,0,0.0,-2.9269230769230767,4.7830808639526365,0.5769230769230769,0.2692307692307693,0.34615384615384615,0.0,0.0,0.09999999999999999,1
9.0,1070.2168,0,0,0,0,0,0,0,0,0.1111111111111111,8.88888888888889,6.103734779357908,0.5555555555555556,0.1111111111111111,0.3333333333333333,1490.0,1490.0,-0.9666666666666666,0
37.0,4168.6769,0,0,0,0,0,0,0,0,0.13513513513513511,4.043243243243245,4.0500284194946286,0.4054054054054054,0.24324324324324323,0.48648648648648646,13980.0,13980.0,0.28108108108108104,1
5.0,505.4764,0,0,0,0,0,0,0,0,0.0,46.52,4.2404390335083,0.8,0.2,0.0,0.0,0.0,-0.8400000000000001,0
16.0,1756.9314000000002,0,0,0,0,0,0,0,0,0.0,71.2375,5.499365806579589,0.5,0.1875,0.25,0.0,0.0,-0.91875,1
30.0,3316.7834999999995,0,0,0,0,0,0,0,0,0.06666666666666667,13.163333333333334,6.797966194152831,0.33333333333333337,0.23333333333333334,0.4,2980.0,2980.0,-0.1766666666666667,0
30.0,3290.8095000000003,0,0,0,0,0,0,0,0,0.0,35.083333333333336,6.338252449035645,0.4,0.16666666666666666,0.3333333333333333,0.0,125.0,0.25666666666666665,0
27.0,3435.9004999999997,0,0,0,0,0,0,0,0,0.25925925925925924,81.94444444444444,4.65127124786377,0.3333333333333333,0.2222222222222222,0.3333333333333333,22460.0,22460.0,-0.6333333333333334,0
30.0,3361.9278999999997,0,0,0,0,0,0,0,0,0.13333333333333333,25.27,6.262997627258301,0.26666666666666666,0.23333333333333334,0.5666666666666667,0.0,0.0,1.1166666666666667,0
33.0,3927.3917,0,0,0,0,0,0,0,0,0.15151515151515152,33.148484848484856,4.498658561706543,0.30303030303030304,0.18181818181818182,0.48484848484848486,1490.0,1490.0,0.054545454545454515,0
32.0,3408.6418,0,0,0,0,0,0,0,0,0.125,13.128124999999999,4.751421546936036,0.28125,0.40625,0.28125,2980.0,2980.0,-0.753125,0
14.0,1538.9143,0,0,0,0,0,0,0,0,0.07142857142857144,13.664285714285711,8.800917625427246,0.4285714285714286,0.07142857142857144,0.7142857142857144,0.0,0.0,1.7214285714285713,0
13.0,1538.79,0,0,0,0,0,0,0,0,0.3076923076923077,32.23846153846154,8.909095573425294,0.23076923076923078,0.23076923076923078,0.3846153846153846,5500.0,5625.0,0.08461538461538459,0
14.0,1639.8938999999998,0,0,0,0,0,0,0,0,0.2857142857142857,30.650000000000002,8.909095573425294,0.2142857142857143,0.2142857142857143,0.4285714285714286,5500.0,5625.0,0.02857142857142855,0
12.0,1222.3058999999998,0,0,0,0,0,0,0,0,0.16666666666666669,18.933333333333337,4.207870292663575,0.25,0.41666666666666674,0.25,0.0,0.0,0.10833333333333332,0
16.0,1565.6847,0,0,0,0,0,0,0,0,0.0625,34.5125,5.078188896179198,0.3125,0.4375,0.3125,5500.0,5500.0,0.11249999999999998,0
15.0,1697.9386,0,0,0,0,0,0,0,0,0.0,149.96666666666664,9.56054859161377,0.26666666666666666,0.33333333333333337,0.2,0.0,0.0,-0.9800000000000001,0
32.0,3522.0033,0,0,0,0,0,0,0,0,0.09375,32.259375,10.464459800720213,0.28125,0.28125,0.3125,1490.0,1490.0,-0.4,0
26.0,2599.9786,0,0,0,0,0,0,0,0,0.038461538461538464,25.826923076923087,9.994936561584474,0.5,0.38461538461538464,0.34615384615384615,5500.0,5500.0,0.31153846153846154,0
7.0,795.8901,0,0,0,0,0,0,0,0,0.0,90.4,11.999967765808105,0.28571428571428575,0.28571428571428575,0.14285714285714288,0.0,0.0,-1.1142857142857143,1
16.0,1716.8407000000002,0,0,0,0,0,0,0,0,0.1875,64.95000000000002,4.37037296295166,0.3125,0.4375,0.3125,1490.0,1490.0,-0.36875,0
29.0,3376.6498999999994,1,0,0,0,0,1,0,0,0.034482758620689655,15.596551724137933,5.438945960998535,0.5172413793103449,0.13793103448275862,0.3103448275862069,1490.0,1490.0,-0.5275862068965518,1
29.0,3280.9115,1,0,0,0,0,1,0,0,0.034482758620689655,120.21724137931031,7.282916450500489,0.3103448275862069,0.13793103448275862,0.5172413793103449,1490.0,1490.0,1.1275862068965516,1
23.0,2601.9658999999997,1,0,0,0,0,1,0,0,0.043478260869565216,45.073913043478264,7.282916450500489,0.3913043478260869,0.17391304347826086,0.3913043478260869,1490.0,1490.0,0.24782608695652164,1
21.0,2350.7239999999997,0,0,0,0,0,0,0,0,0.047619047619047616,48.41428571428571,7.241935539245606,0.4285714285714286,0.14285714285714285,0.4285714285714286,1490.0,1490.0,0.5904761904761904,1
29.0,3389.1418999999996,1,0,0,0,0,1,0,0,0.034482758620689655,47.01724137931035,7.282916450500489,0.5172413793103449,0.13793103448275862,0.3103448275862069,1490.0,1490.0,0.5896551724137931,1
22.0,2269.8105,0,0,0,0,0,0,1,0,0.045454545454545456,2.8636363636363638,10.176995277404785,0.6818181818181818,0.18181818181818182,0.40909090909090906,1490.0,1490.0,0.8545454545454546,1
21.0,2182.7332,0,0,0,0,0,0,0,0,0.047619047619047616,-1.5190476190476196,10.176995277404785,0.7142857142857143,0.14285714285714285,0.4285714285714286,1490.0,1490.0,0.9333333333333332,1
38.0,4033.7639,0,0,0,0,0,0,0,0,0.07894736842105264,21.73421052631579,10.637364006042482,0.4736842105263158,0.2105263157894737,0.39473684210526316,2980.0,2980.0,0.3157894736842105,1
21.0,2208.7705,0,0,0,0,0,0,0,0,0.047619047619047616,-5.109523809523809,10.176995277404785,0.6666666666666667,0.19047619047619047,0.4285714285714286,1490.0,1490.0,0.7714285714285714,1
21.0,2266.7734,0,0,0,0,0,0,0,0,0.047619047619047616,43.01428571428572,11.723011589050294,0.5714285714285715,0.14285714285714285,0.4285714285714286,1490.0,1490.0,0.8476190476190476,1
19.0,1955.473,0,0,0,0,0,0,0,0,0.052631578947368425,-2.7315789473684218,10.176995277404785,0.7894736842105263,0.10526315789473685,0.42105263157894735,1490.0,1490.0,0.9789473684210526,0
21.0,2170.6794999999997,0,0,0,0,0,0,0,0,0.047619047619047616,-4.633333333333333,10.176995277404785,0.7142857142857143,0.14285714285714285,0.4285714285714286,1490.0,1490.0,0.6857142857142856,1
23.0,2439.0778,0,0,0,0,0,0,0,0,0.043478260869565216,-0.5173913043478267,10.398444175720215,0.7391304347826086,0.13043478260869565,0.3913043478260869,1490.0,1490.0,0.5130434782608695,1
21.0,2151.6761,0,0,0,0,0,0,0,0,0.047619047619047616,6.566666666666666,10.001705741882326,0.6666666666666667,0.19047619047619047,0.4285714285714286,1490.0,1490.0,1.0428571428571427,1
26.0,3328.9150999999997,0,0,0,0,0,0,0,0,0.11538461538461539,44.073076923076925,10.450470161437984,0.42307692307692313,0.07692307692307693,0.3076923076923077,11000.0,11000.0,-1.0923076923076922,1
23.0,2841.3219,0,0,0,0,0,0,0,0,0.043478260869565216,52.208695652173915,10.450470161437984,0.4782608695652174,0.13043478260869565,0.21739130434782608,5500.0,5500.0,-1.3956521739130436,0
25.0,3092.5638,0,0,0,0,0,0,0,0,0.04,48.83200000000001,10.450534629821775,0.44,0.16,0.2,5500.0,5500.0,-1.5519999999999998,0
23.0,2899.3595,0,0,0,0,0,0,0,0,0.08695652173913043,52.208695652173915,10.295874977111815,0.43478260869565216,0.13043478260869565,0.2608695652173913,11000.0,11000.0,-1.2652173913043478,0
26.0,3308.8839999999996,0,0,0,0,0,0,0,0,0.11538461538461539,50.75769230769231,10.450470161437984,0.38461538461538464,0.15384615384615385,0.23076923076923078,11000.0,11000.0,-1.3346153846153848,1
29.0,2996.3967000000002,0,0,0,0,0,0,0,0,0.034482758620689655,18.87586206896552,4.751421546936036,0.41379310344827586,0.24137931034482757,0.3793103448275862,1490.0,1490.0,0.38275862068965516,0
7.0,833.8949999999999,0,0,0,0,0,0,0,0,0.0,93.04285714285714,9.805528450012208,0.28571428571428575,0.28571428571428575,0.14285714285714288,0.0,0.0,-1.3714285714285717,1
33.0,3411.9625,0,0,0,0,0,0,0,0,0.0,43.445454545454545,5.400579643249511,0.30303030303030304,0.30303030303030304,0.36363636363636365,0.0,125.0,0.5363636363636364,0
30.0,2997.4906,0,0,0,0,0,0,0,0,0.03333333333333333,4.766666666666667,8.63278408050537,0.4,0.2,0.43333333333333335,1490.0,1490.0,0.93,0
9.0,1063.2472,0,0,0,0,0,0,0,0,0.1111111111111111,-9.9,5.880357551574707,0.2222222222222222,0.2222222222222222,0.5555555555555556,1490.0,1490.0,1.0,1
28.0,3139.5505999999996,0,0,0,0,0,0,0,0,0.03571428571428572,54.81785714285715,4.196673011779786,0.35714285714285715,0.28571428571428575,0.39285714285714285,0.0,0.0,0.02857142857142857,0
12.0,1345.5444,0,0,0,0,0,0,0,0,0.16666666666666669,20.05833333333334,8.795051002502444,0.25,0.41666666666666674,0.33333333333333337,0.0,0.0,-0.19166666666666674,1
17.0,1965.2309,0,0,0,0,0,0,0,0,0.17647058823529413,68.58882352941177,5.473560905456543,0.17647058823529413,0.17647058823529413,0.4705882352941177,1490.0,1490.0,0.32941176470588235,0
29.0,3206.4692999999997,0,0,0,0,0,0,0,0,0.034482758620689655,23.5896551724138,4.0500284194946286,0.27586206896551724,0.27586206896551724,0.41379310344827586,1490.0,1490.0,-0.11724137931034485,0
12.0,1194.3804,0,0,0,0,0,0,0,0,0.0,21.825,6.786086845397949,0.5,0.16666666666666669,0.41666666666666674,0.0,0.0,1.3,0
8.0,814.9729,0,0,0,0,0,0,0,0,0.0,-1.8625000000000003,11.001030158996581,0.5,0.25,0.25,0.0,0.0,0.2875,0
21.0,2272.6144,0,0,0,0,0,0,0,0,0.0,11.08095238095238,4.513379859924316,0.6190476190476191,0.14285714285714285,0.3333333333333333,0.0,0.0,-0.12380952380952379,0
6.0,676.8471,0,0,0,0,0,0,0,0,0.16666666666666669,-5.816666666666667,10.003317451477052,0.8333333333333335,0.0,0.33333333333333337,0.0,0.0,0.39999999999999997,0
26.0,2577.0112999999997,0,0,0,0,0,0,0,0,0.038461538461538464,-6.711538461538463,11.263932228088382,0.3076923076923077,0.3846153846153846,0.3076923076923077,0.0,0.0,0.1769230769230769,0
9.0,1254.4955,0,0,0,0,0,0,0,0,0.0,257.44444444444446,11.999967765808105,0.3333333333333333,0.0,0.0,0.0,0.0,-3.5555555555555554,0
34.0,3731.3999000000003,0,0,0,0,0,0,0,0,0.0,79.90882352941176,10.819229316711429,0.5294117647058824,0.3235294117647059,0.05882352941176471,0.0,0.0,-1.711764705882353,1
11.0,1303.4581,0,0,0,0,0,0,0,0,0.2727272727272727,-1.0727272727272725,4.207870292663575,0.36363636363636365,0.18181818181818182,0.5454545454545454,1490.0,1490.0,0.41818181818181815,0
25.0,2592.8815999999997,0,0,0,0,0,0,0,0,0.08,86.22800000000001,4.752160453796387,0.4,0.28,0.24,6990.0,6990.0,-0.10000000000000002,0
20.0,2335.5705,0,0,0,0,0,0,0,0,0.1,28.970000000000002,4.577721595764161,0.2,0.35000000000000003,0.4,0.0,0.0,-0.47000000000000003,0
28.0,3252.9561999999996,0,0,0,0,0,0,0,0,0.14285714285714288,14.785714285714285,9.629400825500486,0.4285714285714286,0.2142857142857143,0.4642857142857143,12490.0,12490.0,0.29999999999999993,1
16.0,1799.1793000000002,0,0,0,0,0,0,0,0,0.1875,32.375,5.5691640853881825,0.25,0.125,0.6875,1490.0,1490.0,1.6125,0
7.0,900.034,0,0,0,0,0,0,0,0,0.28571428571428575,-21.057142857142857,6.786086845397949,0.28571428571428575,0.14285714285714288,0.5714285714285715,5500.0,5500.0,0.7571428571428571,0
25.0,2455.8464,0,0,0,0,0,0,0,0,0.0,-4.3679999999999986,5.335101127624512,0.16,0.4,0.52,0.0,0.0,1.08,0
18.0,2167.6095,0,0,0,0,0,0,0,0,0.0,98.1888888888889,11.999967765808105,0.3888888888888889,0.05555555555555555,0.2777777777777778,0.0,0.0,-0.5555555555555556,0
29.0,3611.9256000000005,0,0,0,0,0,0,0,0,0.1724137931034483,46.15517241379312,5.094103813171387,0.5172413793103449,0.1724137931034483,0.27586206896551724,8480.0,8480.0,-1.3724137931034484,0
11.0,1166.5176,0,0,0,0,0,0,0,0,0.0,56.236363636363635,5.553419685363769,0.6363636363636364,0.18181818181818182,0.45454545454545453,0.0,125.0,2.3727272727272726,0
20.0,2179.41,0,0,0,0,0,0,0,0,0.05,35.7,6.247764778137207,0.45,0.25,0.2,1490.0,1490.0,-1.1099999999999999,0
9.0,853.9162,0,0,0,0,0,0,0,0,0.1111111111111111,8.88888888888889,5.57001667022705,0.3333333333333333,0.3333333333333333,0.4444444444444444,0.0,0.0,0.7555555555555555,0
29.0,3116.5416999999998,0,0,0,0,0,0,0,0,0.06896551724137931,62.36551724137931,4.891018104553221,0.3793103448275862,0.3103448275862069,0.41379310344827586,1490.0,1490.0,0.49310344827586206,0
13.0,1511.9354999999998,0,0,0,0,0,0,0,0,0.07692307692307693,7.853846153846151,10.47786922454834,0.7692307692307693,0.0,0.5384615384615385,5500.0,5500.0,0.4461538461538461,1
20.0,2377.0566,0,0,0,0,0,0,0,0,0.05,30.289999999999996,11.505301856994631,0.7000000000000001,0.05,0.4,5500.0,5500.0,-0.585,1
15.0,1944.2217,0,0,0,0,0,0,0,0,0.26666666666666666,130.85999999999999,10.903618431091306,0.2,0.2,0.4666666666666667,13980.0,13980.0,-0.9733333333333333,0
28.0,2850.5105000000003,0,0,0,0,0,0,0,0,0.03571428571428572,10.367857142857138,10.47786922454834,0.7142857142857143,0.10714285714285715,0.39285714285714285,5500.0,5500.0,1.032142857142857,1
17.0,1647.7374,0,0,0,0,0,0,0,0,0.11764705882352942,-0.5764705882352944,5.5691640853881825,0.35294117647058826,0.23529411764705885,0.4705882352941177,1490.0,1490.0,0.31176470588235294,0
25.0,3055.3994,0,0,0,0,0,0,0,0,0.12,47.98400000000001,8.421005439758304,0.4,0.2,0.32,2980.0,2980.0,-1.256,0
6.0,705.7822,0,0,0,0,0,0,0,0,0.16666666666666669,8.333333333333334,6.786086845397949,0.33333333333333337,0.33333333333333337,0.16666666666666669,0.0,0.0,-0.16666666666666674,0
26.0,2764.08,0,0,0,0,0,0,0,0,0.07692307692307693,53.53461538461538,8.255772972106932,0.19230769230769232,0.4615384615384615,0.2692307692307692,6990.0,6990.0,-0.23076923076923078,0
8.0,838.8617999999999,0,0,0,0,0,0,0,0,0.125,13.5625,5.57001667022705,0.25,0.25,0.5,0.0,0.0,-0.3375,0
34.0,4017.4862000000003,0,0,0,0,0,0,0,0,0.2058823529411765,49.50911764705884,10.11594371795654,0.2647058823529412,0.2647058823529412,0.3235294117647059,4470.0,4470.0,-1.0588235294117647,0
28.0,3156.5134,0,0,0,0,0,0,0,0,0.03571428571428572,143.80714285714285,10.903618431091306,0.32142857142857145,0.35714285714285715,0.1785714285714286,5500.0,5500.0,-1.1392857142857145,0
27.0,2974.3052,0,0,0,0,0,0,0,0,0.07407407407407407,47.24814814814814,9.527540779113771,0.37037037037037035,0.2222222222222222,0.3333333333333333,1490.0,1490.0,-0.725925925925926,0
9.0,1042.1864,0,0,0,0,0,0,0,0,0.3333333333333333,29.62222222222222,8.63491153717041,0.2222222222222222,0.3333333333333333,0.4444444444444444,1490.0,1490.0,0.09999999999999998,0
27.0,2552.9864,0,0,0,0,0,0,0,0,0.07407407407407407,36.80370370370371,6.775116920471191,0.2962962962962963,0.33333333333333337,0.37037037037037035,0.0,0.0,1.3185185185185186,0
10.0,1097.305,0,0,0,0,0,0,0,0,0.0,19.770000000000003,6.113283729553221,0.5,0.2,0.4,0.0,0.0,0.18000000000000005,0
11.0,1399.7727,0,0,0,0,0,0,0,0,0.09090909090909091,70.43636363636362,11.999967765808105,0.6363636363636364,0.09090909090909091,0.18181818181818182,0.0,0.0,-1.9727272727272727,1
10.0,1057.2479,0,0,0,0,0,0,0,0,0.0,60.86,11.263932228088382,0.4,0.4,0.1,0.0,0.0,-1.38,1
26.0,2871.2563999999998,0,0,0,0,0,0,0,0,0.038461538461538464,30.938461538461546,9.560355186462402,0.23076923076923078,0.3846153846153846,0.38461538461538464,0.0,0.0,-0.09615384615384617,0
25.0,2773.1580999999996,0,0,0,0,0,0,0,0,0.08,23.528,10.27833957672119,0.32,0.28,0.36,6990.0,6990.0,-0.4,0
14.0,1368.5565,0,0,0,0,0,0,0,0,0.07142857142857144,94.81428571428572,5.561547660827636,0.21428571428571427,0.5,0.14285714285714288,0.0,0.0,0.12857142857142853,0
34.0,3902.3010999999997,0,0,0,0,0,0,0,0,0.17647058823529413,27.87352941176471,4.572037696838379,0.29411764705882354,0.17647058823529413,0.3823529411764706,11460.0,11585.0,-0.35000000000000003,0
12.0,1432.5391,0,0,0,0,0,0,0,0,0.16666666666666669,84.41666666666669,8.798532295227051,0.16666666666666669,0.33333333333333337,0.33333333333333337,6990.0,6990.0,-1.0416666666666667,1
12.0,1520.6904,0,0,0,0,0,0,0,0,0.16666666666666669,60.841666666666676,8.79028034210205,0.16666666666666669,0.25,0.33333333333333337,1490.0,1490.0,-1.0833333333333333,0
34.0,3509.8602,0,0,0,0,0,0,0,0,0.08823529411764706,67.4941176470588,8.631752586364748,0.29411764705882354,0.35294117647058826,0.2647058823529412,6990.0,6990.0,-0.37941176470588234,0
16.0,2161.6196,0,0,0,0,0,0,0,0,0.1875,34.5625,11.999967765808105,0.375,0.0625,0.3125,11000.0,11000.0,-1.3375,1
24.0,2694.0732,0,0,0,0,0,0,0,0,0.08333333333333334,5.062500000000003,8.241074180603029,0.33333333333333337,0.125,0.2916666666666667,0.0,0.0,-0.08749999999999998,0
6.0,773.9473999999999,0,0,0,0,0,0,0,0,0.0,91.23333333333333,11.999967765808105,0.5,0.0,0.16666666666666669,0.0,0.0,-0.8333333333333334,0
28.0,3125.5603,0,0,0,0,0,0,0,0,0.03571428571428572,15.939285714285713,8.632977485656738,0.3571428571428572,0.1785714285714286,0.28571428571428575,5500.0,5500.0,-0.3071428571428571,0
13.0,1503.5259999999998,0,0,0,0,0,0,0,0,0.07692307692307693,105.16153846153847,4.0500284194946286,0.3076923076923077,0.38461538461538464,0.23076923076923078,5500.0,5500.0,-1.5538461538461539,0
13.0,1521.6803,0,0,0,0,0,0,0,0,0.07692307692307693,53.292307692307695,11.097216987609862,0.3076923076923077,0.3076923076923077,0.15384615384615385,1490.0,1490.0,-1.723076923076923,1
28.0,3200.4942,0,0,0,0,0,0,0,0,0.14285714285714288,42.44285714285715,4.751364707946778,0.2857142857142857,0.25000000000000006,0.39285714285714285,8480.0,8480.0,-0.18214285714285716,0
30.0,3638.3682,0,0,0,0,0,0,0,0,0.16666666666666666,50.27666666666666,8.218252372741702,0.4,0.16666666666666666,0.5,1490.0,1490.0,0.42666666666666664,0
31.0,3292.7177,0,0,0,0,0,0,0,0,0.0,22.27741935483871,4.359289360046388,0.5483870967741935,0.1935483870967742,0.32258064516129037,0.0,0.0,0.022580645161290294,0
24.0,2796.0544,0,0,0,0,0,0,0,0,0.04166666666666667,59.26666666666667,4.305576515197754,0.5416666666666667,0.125,0.16666666666666669,0.0,0.0,-0.8291666666666666,0
26.0,2766.1339999999996,0,0,0,0,0,0,0,0,0.11538461538461539,0.9423076923076927,6.004891777038574,0.3846153846153846,0.3076923076923077,0.34615384615384615,5500.0,5500.0,0.43076923076923074,0
7.0,646.6936999999999,0,0,0,0,0,0,0,0,0.0,41.58571428571429,9.79502010345459,0.14285714285714288,0.5714285714285715,0.14285714285714288,0.0,0.0,-0.08571428571428573,0
6.0,672.7741,0,0,0,0,0,0,0,0,0.0,-5.816666666666667,8.792794609069826,0.6666666666666667,0.16666666666666669,0.16666666666666669,0.0,0.0,-1.1166666666666667,0
20.0,2180.4179,0,0,0,0,0,0,0,0,0.0,19.130000000000003,4.557827949523926,0.45,0.25,0.4,0.0,0.0,0.11499999999999995,0
14.0,1443.6496,0,0,0,0,0,0,0,0,0.0,52.37142857142858,6.809106636047363,0.5714285714285715,0.2142857142857143,0.2142857142857143,0.0,0.0,0.2285714285714285,0
16.0,1565.6850000000002,0,0,0,0,0,0,0,0,0.0,87.39375000000001,11.166391563415527,0.25,0.625,0.125,0.0,0.0,-0.75625,0
32.0,3265.5016,0,0,0,0,0,0,0,0,0.0625,12.6125,4.226001930236817,0.375,0.28125,0.3125,0.0,0.0,-0.031250000000000014,0
16.0,1821.9996999999998,0,0,0,0,0,0,0,0,0.0,55.84375000000001,4.49405460357666,0.625,0.25,0.1875,0.0,0.0,-0.98125,0
17.0,1823.0767999999998,0,0,0,0,0,0,0,0,0.11764705882352942,20.077058823529413,6.79904613494873,0.4705882352941177,0.23529411764705885,0.29411764705882354,1490.0,1490.0,-0.04705882352941177,0
6.0,628.7413,0,0,0,0,0,0,0,0,0.0,8.333333333333334,6.786086845397949,0.5,0.16666666666666669,0.16666666666666669,0.0,0.0,1.0,0
21.0,2262.6276,0,0,0,0,0,0,0,0,0.047619047619047616,34.2047619047619,9.994936561584474,0.42857142857142855,0.2857142857142857,0.2857142857142857,5500.0,5500.0,0.3047619047619048,1
49.0,5281.0017,0,0,0,0,0,0,0,0,0.04081632653061225,24.63673469387755,4.33376865386963,0.46938775510204084,0.20408163265306123,0.34693877551020413,2980.0,3105.0,0.09591836734693876,0
11.0,1180.3555,0,0,0,0,0,0,0,0,0.09090909090909091,-6.245454545454544,8.800917625427246,0.36363636363636365,0.18181818181818182,0.4545454545454546,5500.0,5500.0,0.018181818181818177,0
33.0,3498.7632,0,0,0,0,0,0,0,0,0.030303030303030304,24.6939393939394,4.332120323181154,0.3939393939393939,0.15151515151515152,0.33333333333333337,1490.0,1490.0,0.01818181818181821,0
15.0,1571.8184,0,0,0,0,0,0,0,0,0.06666666666666667,31.92,9.79502010345459,0.4666666666666667,0.26666666666666666,0.4666666666666667,0.0,0.0,0.5666666666666667,0
40.0,4178.7429999999995,0,0,0,0,0,0,0,0,0.025,35.8725,4.0500284194946286,0.325,0.275,0.35000000000000003,5500.0,5500.0,0.545,0
5.0,461.576,0,0,0,0,0,0,0,0,0.0,-8.98,5.561547660827636,0.2,0.2,0.4,0.0,0.0,2.52,0
16.0,1733.9604,0,0,0,0,0,0,0,0,0.125,71.03125,6.784950065612793,0.25,0.25,0.5,1490.0,1490.0,0.99375,0
20.0,2260.4594,0,0,0,0,0,0,0,0,0.05,14.774999999999999,4.7782495498657225,0.25,0.4,0.4,5500.0,5500.0,-0.725,0
27.0,2901.2344999999996,0,0,0,0,0,0,0,0,0.037037037037037035,21.170370370370367,6.141703224182128,0.2222222222222222,0.37037037037037035,0.37037037037037035,1490.0,1490.0,-0.18518518518518517,0
6.0,647.7842999999999,0,0,0,0,0,0,0,0,0.0,-16.716666666666665,5.57001667022705,0.33333333333333337,0.16666666666666669,0.5,0.0,0.0,1.3666666666666665,0
17.0,1945.0970000000002,0,0,0,0,0,0,0,0,0.23529411764705885,40.6,8.792665672302245,0.17647058823529413,0.35294117647058826,0.35294117647058826,5500.0,5500.0,-0.5529411764705883,0
12.0,1256.3636,0,0,0,0,0,0,0,0,0.08333333333333334,54.91666666666667,4.0500284194946286,0.4166666666666667,0.4166666666666667,0.25,0.0,0.0,-0.08333333333333336,1
17.0,1942.1713,0,0,0,0,0,0,0,0,0.11764705882352942,44.19411764705883,4.531568336486816,0.23529411764705885,0.29411764705882354,0.35294117647058826,1490.0,1490.0,-0.9,0
12.0,1471.6695,0,0,0,0,0,0,0,0,0.25,-28.40833333333333,11.999967765808105,0.5,0.0,0.25,16500.0,16500.0,-0.44999999999999996,1
17.0,1935.409,0,0,0,0,0,0,0,0,0.05882352941176471,50.78235294117648,11.999967765808105,0.7058823529411765,0.05882352941176471,0.23529411764705885,5500.0,5500.0,-0.6,1
17.0,2147.4009,0,0,0,0,0,0,0,0,0.23529411764705885,50.400000000000006,11.834348487854005,0.05882352941176471,0.29411764705882354,0.35294117647058826,8480.0,8480.0,-0.9588235294117647,1
26.0,3297.8977,0,0,0,0,0,0,0,0,0.15384615384615385,56.446153846153855,10.182990837097169,0.46153846153846156,0.07692307692307693,0.34615384615384615,12490.0,12490.0,-0.8153846153846154,1
23.0,2829.2309999999998,0,0,0,0,0,0,0,0,0.2608695652173913,65.51304347826087,4.679292869567871,0.30434782608695654,0.30434782608695654,0.3913043478260869,6990.0,6990.0,-0.35652173913043483,0
13.0,1296.4670999999998,0,0,0,0,0,0,0,0,0.15384615384615385,35.292307692307695,5.568311500549315,0.07692307692307693,0.3846153846153846,0.5384615384615385,2980.0,2980.0,0.9461538461538462,0
34.0,3798.3322,0,0,0,0,0,0,0,0,0.17647058823529413,34.788529411764706,10.161587333679197,0.35294117647058826,0.29411764705882354,0.3235294117647059,2980.0,2980.0,-0.13823529411764707,0
22.0,2399.8244,0,0,0,0,0,0,0,0,0.13636363636363635,-3.5272727272727264,4.531568336486816,0.5,0.22727272727272727,0.40909090909090906,6990.0,6990.0,0.8045454545454546,0
20.0,2673.2112,0,0,0,0,0,0,0,0,0.30000000000000004,15.105,11.203074073791505,0.35,0.1,0.45,13980.0,13980.0,-1.22,1
13.0,1124.158,0,0,0,0,0,0,0,0,0.07692307692307693,36.50000000000001,4.0500284194946286,0.3076923076923077,0.46153846153846156,0.23076923076923078,1490.0,1490.0,0.6153846153846154,0
27.0,3138.6036999999997,0,0,0,0,0,0,0,0,0.07407407407407407,65.49259259259259,9.866257667541504,0.2962962962962963,0.25925925925925924,0.37037037037037035,2980.0,2980.0,-0.38148148148148153,0
17.0,2117.4213,1,0,0,1,0,1,0,0,0.17647058823529413,107.2,9.844918632507323,0.17647058823529413,0.17647058823529413,0.23529411764705885,8480.0,8605.0,-1.1764705882352942,1
22.0,2898.3498,1,0,0,1,0,1,0,0,0.13636363636363635,215.29090909090905,11.789994239807132,0.13636363636363635,0.13636363636363635,0.18181818181818182,8480.0,8605.0,-1.9318181818181819,1
27.0,3446.0710999999997,1,0,0,1,0,1,0,0,0.18518518518518517,93.6296296296296,11.010378074645995,0.25925925925925924,0.1111111111111111,0.37037037037037035,13980.0,14105.0,-0.8814814814814815,1
22.0,3052.6085,0,0,0,1,0,0,0,0,0.36363636363636365,90.53636363636363,11.999967765808105,0.2727272727272727,0.09090909090909091,0.5454545454545454,33000.0,33000.0,-0.10000000000000005,1
23.0,3022.4392,0,0,0,1,0,0,0,0,0.21739130434782608,19.0304347826087,9.51864414215088,0.3913043478260869,0.08695652173913043,0.3913043478260869,27500.0,27500.0,-1.673913043478261,1
20.0,2384.8116,0,0,0,1,0,0,0,0,0.15000000000000002,89.10499999999998,11.999967765808105,0.15000000000000002,0.2,0.35000000000000003,11000.0,11000.0,-0.25,1
24.0,2866.4435,0,0,0,1,0,0,0,0,0.125,83.94583333333331,11.999967765808105,0.20833333333333334,0.16666666666666669,0.4166666666666667,11000.0,11000.0,0.09583333333333333,1
21.0,2970.5778,1,0,0,0,0,1,0,0,0.19047619047619047,96.95238095238095,11.999967765808105,0.380952380952381,0.047619047619047616,0.5238095238095238,22000.0,22000.0,-0.6380952380952382,1
10.0,1494.7645,0,0,0,0,0,0,0,0,0.0,467.2399999999999,11.999967765808105,0.1,0.0,0.0,0.0,0.0,-3.87,1
12.0,1208.5129,0,0,0,0,0,0,0,0,0.0,77.88333333333334,5.561547660827636,0.4166666666666667,0.25,0.4166666666666667,0.0,0.0,1.8583333333333334,1
12.0,1156.4383,0,0,0,0,0,0,0,0,0.0,45.78333333333333,5.561547660827636,0.5833333333333333,0.08333333333333334,0.4166666666666667,0.0,0.0,2.4250000000000003,1
12.0,1182.4756,0,0,0,0,0,0,0,0,0.0,61.833333333333336,5.561547660827636,0.5,0.16666666666666669,0.4166666666666667,0.0,0.0,2.1416666666666666,1
12.0,1208.5129,0,0,0,0,0,0,0,0,0.0,77.88333333333334,5.561547660827636,0.4166666666666667,0.25,0.4166666666666667,0.0,0.0,1.8583333333333334,1
12.0,1182.4756,0,0,0,0,0,0,0,0,0.0,61.833333333333336,5.561547660827636,0.5,0.16666666666666669,0.4166666666666667,0.0,0.0,2.1416666666666666,1
12.0,1208.5129,0,0,0,0,0,0,0,0,0.0,77.88333333333334,5.561547660827636,0.4166666666666667,0.25,0.4166666666666667,0.0,0.0,1.8583333333333334,1
5.0,462.5642,0,0,0,0,0,0,0,0,0.0,8.0,8.22224941253662,0.8,0.0,0.0,0.0,0.0,0.8,1
18.0,1756.2028999999998,0,0,0,0,0,0,0,0,0.0,36.82777777777778,6.731919288635253,0.6666666666666667,0.1111111111111111,0.4444444444444445,0.0,0.0,2.1166666666666667,1
10.0,1050.2964,0,0,0,0,0,0,0,0,0.1,112.5,8.045283699035647,0.4,0.30000000000000004,0.1,1490.0,1615.0,0.38,0
7.0,617.7583,0,0,0,0,0,0,0,0,0.0,14.071428571428571,5.518122673034666,0.28571428571428575,0.28571428571428575,0.4285714285714286,0.0,0.0,2.242857142857143,0
12.0,1220.4624,0,0,0,0,0,0,0,0,0.0,11.06666666666667,8.058370780944824,0.4166666666666667,0.25,0.25,0.0,125.0,0.4749999999999999,1
9.0,1177.4062,0,0,0,0,0,0,0,0,0.1111111111111111,107.64444444444445,9.69193515777588,0.2222222222222222,0.0,0.2222222222222222,1490.0,1615.0,-0.8222222222222223,1
26.0,2985.3109999999997,0,0,0,0,0,0,0,0,0.07692307692307693,32.669230769230765,6.001026725769043,0.19230769230769232,0.3076923076923077,0.3076923076923077,2980.0,3105.0,-0.6269230769230769,0
35.0,3748.1207000000004,0,0,0,0,0,0,0,0,0.0,100.69142857142856,11.903329658508298,0.2571428571428571,0.34285714285714286,0.11428571428571428,0.0,0.0,-1.2457142857142858,1
33.0,3632.9564,0,0,0,0,0,0,0,0,0.030303030303030304,16.915151515151514,4.06923999786377,0.2727272727272727,0.30303030303030304,0.3939393939393939,1490.0,1490.0,0.030303030303030318,0
13.0,1220.3976999999998,0,0,0,0,0,0,0,0,0.07692307692307693,76.83076923076923,5.518122673034666,0.5384615384615384,0.15384615384615385,0.23076923076923078,0.0,0.0,1.5307692307692307,1
23.0,2433.0499,0,0,0,0,0,0,0,0,0.08695652173913043,-0.5173913043478267,9.868191719055176,0.6521739130434783,0.13043478260869565,0.43478260869565216,1490.0,1490.0,1.0826086956521739,1
28.0,3097.7637999999997,0,0,0,0,0,0,0,0,0.07142857142857144,42.25000000000001,11.10553340911865,0.32142857142857145,0.17857142857142858,0.4642857142857143,5500.0,5500.0,0.4428571428571429,1
25.0,2717.2138999999997,0,0,0,0,0,0,0,0,0.16,0.7040000000000006,9.63062572479248,0.36,0.28,0.32,0.0,0.0,0.288,1
20.0,2480.6987999999997,1,0,0,0,0,1,0,0,0.05,107.26,11.999967765808105,0.15,0.25,0.05,0.0,0.0,-2.175,1
20.0,2480.6987999999997,1,0,0,0,0,1,0,0,0.05,107.26,11.999967765808105,0.15,0.25,0.05,0.0,0.0,-2.175,1
14.0,1982.2964999999997,1,0,0,0,0,1,0,0,0.07142857142857144,345.41428571428565,11.999967765808105,0.0,0.14285714285714288,0.07142857142857144,0.0,0.0,-3.0214285714285714,1
16.0,2090.6211,0,0,0,0,0,0,0,0,0.25,17.69375,10.57740840911865,0.5,0.0625,0.5,1490.0,1490.0,-0.03750000000000006,1
18.0,2497.0441,0,0,0,0,0,0,0,0,0.2222222222222222,42.53333333333334,11.745382118225098,0.2777777777777778,0.05555555555555555,0.3333333333333333,11000.0,11000.0,-1.2444444444444445,1
22.0,2314.792,0,0,0,0,0,0,0,0,0.045454545454545456,-31.17727272727273,10.48663692474365,0.36363636363636365,0.36363636363636365,0.2272727272727273,0.0,0.0,-1.6681818181818182,1
2.0,268.332,0,0,0,0,0,0,0,0,0.5,5.0,5.518122673034666,0.0,0.0,0.5,0.0,0.0,2.65,1
29.0,3426.9606000000003,0,0,0,0,0,0,0,0,0.06896551724137931,107.50344827586207,11.999967765808105,0.1724137931034483,0.24137931034482757,0.24137931034482757,1490.0,1490.0,-1.420689655172414,1
47.0,5249.9785999999995,0,0,0,0,0,0,0,0,0.19148936170212766,29.829787234042552,4.747783851623535,0.3404255319148936,0.2765957446808511,0.5531914893617021,7450.0,7450.0,0.6127659574468084,0
18.0,1682.96,0,0,0,0,0,0,0,0,0.1111111111111111,9.005555555555553,5.518122673034666,0.4444444444444444,0.33333333333333337,0.33333333333333337,5500.0,5500.0,1.1888888888888889,1
23.0,3004.3612,0,0,0,0,0,0,0,0,0.043478260869565216,204.23913043478257,11.826870155334472,0.21739130434782608,0.17391304347826086,0.13043478260869565,1490.0,1490.0,-2.3434782608695652,1
22.0,2319.7153,0,0,0,0,0,0,0,0,0.045454545454545456,113.20454545454544,4.0500284194946286,0.2727272727272727,0.5,0.3181818181818182,5500.0,5500.0,-0.004545454545454585,1
7.0,691.7574999999999,0,0,0,0,0,0,0,0,0.0,-3.5571428571428574,8.249712944030762,0.28571428571428575,0.28571428571428575,0.14285714285714288,0.0,0.0,-0.42857142857142855,1
7.0,833.9597,0,0,0,0,0,0,0,0,0.0,76.84285714285714,10.860424613952638,0.14285714285714288,0.28571428571428575,0.14285714285714288,0.0,0.0,-2.142857142857143,1
9.0,994.1539,0,0,0,0,0,0,0,0,0.0,52.55555555555556,9.695867729187015,0.1111111111111111,0.3333333333333333,0.1111111111111111,0.0,125.0,-1.4333333333333333,1
33.0,3922.4269000000004,0,0,0,0,0,0,0,0,0.09090909090909091,89.9121212121212,11.295715141296387,0.18181818181818182,0.24242424242424243,0.2727272727272727,12490.0,12615.0,-1.3575757575757574,1
27.0,2768.0262,0,0,0,0,0,0,0,0,0.037037037037037035,23.392592592592592,8.145532035827639,0.4074074074074074,0.37037037037037035,0.07407407407407407,1490.0,1490.0,-1.162962962962963,1
21.0,2642.1944,0,0,0,0,0,0,0,0,0.047619047619047616,115.39999999999999,11.999967765808105,0.28571428571428575,0.1904761904761905,0.09523809523809523,1490.0,1490.0,-2.657142857142857,1
16.0,1964.3129,0,0,0,0,0,0,0,0,0.0,113.69999999999999,11.999967765808105,0.25,0.1875,0.0,0.0,0.0,-2.45625,1
15.0,1893.2350000000001,0,0,0,0,0,0,0,0,0.0,158.79999999999998,11.999967765808105,0.2,0.2,0.0,0.0,0.0,-2.74,1
20.0,2248.6245,0,0,0,0,0,0,0,0,0.0,64.32000000000001,11.999967765808105,0.4,0.15000000000000002,0.0,0.0,0.0,-1.605,1
16.0,1964.3129,0,0,0,0,0,0,0,0,0.0,149.5,11.999967765808105,0.25,0.1875,0.0,0.0,0.0,-2.45625,1
20.0,2501.1027,0,0,0,0,0,0,0,0,0.0,93.21,11.999967765808105,0.4,0.15000000000000002,0.3,0.0,0.0,-1.0050000000000001,1
16.0,2048.4723,0,0,0,0,0,0,0,0,0.0,161.5375,11.999967765808105,0.25,0.1875,0.125,0.0,0.0,-2.20625,1
15.0,1893.2350000000001,0,0,0,0,0,0,0,0,0.0,158.79999999999998,11.999967765808105,0.2,0.2,0.0,0.0,0.0,-2.74,1
16.0,1964.3129,0,0,0,0,0,0,0,0,0.0,149.5,11.999967765808105,0.25,0.1875,0.0,0.0,0.0,-2.45625,1
16.0,2048.4723,0,0,0,0,0,0,0,0,0.0,161.5375,11.999967765808105,0.25,0.1875,0.125,0.0,0.0,-2.20625,1
15.0,1893.2350000000001,0,0,0,0,0,0,0,0,0.0,158.79999999999998,11.999967765808105,0.2,0.2,0.0,0.0,0.0,-2.74,1
16.0,1964.3129,0,0,0,0,0,0,0,0,0.0,149.5,11.999967765808105,0.25,0.1875,0.0,0.0,0.0,-2.45625,1
16.0,2048.4723,0,0,0,0,0,0,0,0,0.0,161.5375,11.999967765808105,0.25,0.1875,0.125,0.0,0.0,-2.20625,1
14.0,1822.1570999999997,0,0,0,0,0,0,0,0,0.0,210.34285714285716,11.999967765808105,0.14285714285714288,0.2142857142857143,0.0,0.0,0.0,-3.064285714285714,1
16.0,2194.5769,0,0,0,0,0,0,0,0,0.125,185.3,11.999967765808105,0.125,0.1875,0.125,11000.0,11000.0,-2.79375,1
16.0,2194.5769,0,0,0,0,0,0,0,0,0.125,185.3,11.999967765808105,0.125,0.1875,0.125,11000.0,11000.0,-2.79375,1
16.0,2194.5769,0,0,0,0,0,0,0,0,0.125,185.3,11.999967765808105,0.125,0.1875,0.125,11000.0,11000.0,-2.79375,1
20.0,2939.4165,0,0,0,0,0,0,0,0,0.3,150.24,11.999967765808105,0.1,0.15000000000000002,0.3,33000.0,33000.0,-2.415,1
18.0,2677.1807,0,0,0,0,0,0,0,0,0.0,486.77777777777766,11.999967765808105,0.0,0.05555555555555555,0.0,0.0,0.0,-3.8833333333333337,1
5.0,508.5498,0,0,0,0,0,0,0,0,0.0,85.04,8.249712944030762,0.0,0.6000000000000001,0.0,0.0,0.0,-0.8,0
7.0,645.7684999999999,0,0,0,0,0,0,0,0,0.0,23.957142857142863,5.518122673034666,0.14285714285714288,0.28571428571428575,0.4285714285714286,0.0,0.0,1.4285714285714286,0
21.0,3001.3653999999997,0,0,0,0,0,0,0,0,0.0,252.42857142857136,11.999967765808105,0.0,0.0,0.0,0.0,125.0,-3.2142857142857144,1
18.0,2564.8001999999997,0,0,0,0,0,0,0,0,0.1111111111111111,101.89999999999999,10.41391658782959,0.0,0.0,0.1111111111111111,11000.0,11125.0,-2.5444444444444447,1
10.0,1397.6010999999999,0,0,0,0,0,0,0,0,0.0,232.7,11.526383018493654,0.0,0.0,0.0,0.0,125.0,-2.58,1
28.0,3269.6507,0,0,0,0,0,0,0,0,0.14285714285714288,50.214285714285715,4.142675971984862,0.2857142857142857,0.28571428571428575,0.3928571428571429,2980.0,2980.0,-0.38571428571428573,0
10.0,1156.3556,0,0,0,0,0,0,0,0,0.0,28.26,6.735329627990722,0.1,0.30000000000000004,0.4,0.0,0.0,0.7,1
23.0,2766.6216,0,0,0,0,0,0,0,0,0.0,-22.469565217391306,11.47358341217041,0.6086956521739131,0.08695652173913043,0.17391304347826086,0.0,0.0,-1.934782608695652,1
9.0,1263.6247,0,0,0,0,0,0,0,0,0.1111111111111111,108.75555555555556,11.17232265472412,0.5555555555555556,0.0,0.1111111111111111,5500.0,5500.0,-2.3444444444444446,1
10.0,1366.7676,0,0,0,0,0,0,0,0,0.1,98.88,10.480770301818847,0.5,0.0,0.1,5500.0,5625.0,-1.86,1
21.0,2593.1217,0,0,0,0,0,0,0,0,0.14285714285714285,88.91428571428571,10.020079231262208,0.38095238095238093,0.2857142857142857,0.19047619047619047,8480.0,8480.0,-1.0952380952380953,1
13.0,1791.1429999999998,0,0,0,0,0,0,0,0,0.07692307692307693,174.77692307692308,11.999967765808105,0.23076923076923075,0.07692307692307693,0.07692307692307693,1490.0,1490.0,-3.1846153846153844,1
25.0,2714.0146999999997,0,0,0,0,0,0,0,0,0.16,39.896000000000015,6.733567619323731,0.16,0.28,0.44,1490.0,1490.0,-0.10400000000000002,1
20.0,2901.4017,0,0,0,0,0,0,0,0,0.15000000000000002,186.03499999999997,11.999967765808105,0.1,0.0,0.25,6990.0,7115.0,-2.005,1
18.0,1936.1752000000001,0,0,0,0,0,0,0,0,0.0,16.70555555555556,6.167792320251464,0.3888888888888889,0.2222222222222222,0.2222222222222222,0.0,125.0,-0.3277777777777777,0
5.0,551.6407,0,0,0,0,0,0,0,0,0.0,-22.06,8.072102546691895,0.0,0.4,0.0,0.0,125.0,-0.6799999999999999,1
6.0,608.6919999999999,0,0,0,0,0,0,0,0,0.0,-16.716666666666665,8.072102546691895,0.0,0.5,0.0,0.0,125.0,-0.6333333333333333,1
16.0,1744.2205000000001,0,0,0,0,0,0,0,0,0.0,-24.14375,10.065142631530762,0.5625,0.25,0.3125,0.0,125.0,-0.05000000000000004,1
20.0,2043.5468,0,0,0,0,0,0,0,0,0.0,-13.07,10.21309757232666,0.65,0.2,0.2,0.0,125.0,-0.06500000000000002,1
11.0,1080.2396999999999,0,0,0,0,0,0,0,0,0.0,-1.0727272727272725,8.072102546691895,0.09090909090909091,0.36363636363636365,0.36363636363636365,0.0,125.0,0.21818181818181817,1
40.0,4403.9232,0,0,0,0,0,0,0,0,0.07500000000000001,98.8,7.698011589050293,0.125,0.375,0.15000000000000002,6990.0,7490.0,-0.8150000000000001,1
39.0,4022.4849999999997,0,0,0,0,0,0,0,0,0.025641025641025644,45.94871794871794,6.260155677795409,0.20512820512820515,0.43589743589743596,0.15384615384615385,1490.0,1865.0,-0.6846153846153846,1
24.0,2988.5308999999997,0,0,0,0,0,0,0,0,0.0,150.07916666666665,11.894497489929197,0.2916666666666667,0.25,0.04166666666666667,0.0,0.0,-2.8249999999999997,1
29.0,3545.1003,0,0,0,0,0,0,0,0,0.0,132.56896551724137,11.568222999572757,0.27586206896551724,0.27586206896551724,0.06896551724137931,0.0,0.0,-2.603448275862069,1
14.0,1466.5487999999998,0,0,0,0,0,0,0,0,0.07142857142857144,71.61428571428571,4.0500284194946286,0.2142857142857143,0.5,0.14285714285714288,0.0,125.0,-0.7357142857142858,0
6.0,719.9132999999999,0,0,0,0,0,0,0,0,0.0,13.71666666666667,6.210137367248534,0.6666666666666667,0.16666666666666669,0.16666666666666669,0.0,0.0,-0.1333333333333334,1
28.0,3215.5452999999998,0,0,0,0,0,0,0,0,0.14285714285714288,47.89642857142858,4.536456489562989,0.1785714285714286,0.28571428571428575,0.4285714285714286,2980.0,2980.0,-0.05714285714285717,0
22.0,2585.866,0,0,0,0,0,0,0,0,0.09090909090909091,58.49090909090909,4.7827966690063475,0.36363636363636365,0.18181818181818182,0.3181818181818182,6990.0,7115.0,-0.7818181818181817,0
5.0,605.7081,0,0,0,0,0,0,0,0,0.0,8.0,8.22224941253662,0.6000000000000001,0.0,0.0,0.0,0.0,-1.52,1
16.0,1974.5461,0,0,0,0,0,0,0,0,0.0625,-9.206249999999997,10.402441215515136,0.75,0.0,0.3125,0.0,0.0,-0.76875,1
21.0,2539.0499,0,0,0,0,0,0,0,0,0.0,125.21904761904763,11.885471916198728,0.38095238095238093,0.14285714285714285,0.09523809523809523,0.0,125.0,-1.7333333333333332,1
10.0,1318.6798999999999,0,0,0,0,0,0,0,0,0.2,-6.029999999999999,9.89816951751709,0.3,0.0,0.2,0.0,125.0,-0.76,1
10.0,1357.716,0,0,0,0,0,0,0,0,0.2,66.28,9.89816951751709,0.3,0.0,0.2,5500.0,5625.0,-1.1300000000000001,1
5.0,577.6549,0,0,0,0,0,0,0,0,0.0,-25.96,8.222056007385255,0.2,0.4,0.0,0.0,0.0,-1.9600000000000002,1
9.0,950.0517,0,0,0,0,0,0,0,0,0.0,-27.788888888888888,5.946574974060058,0.1111111111111111,0.5555555555555556,0.0,0.0,125.0,-1.4222222222222223,1
9.0,950.0517,0,0,0,0,0,0,0,0,0.0,-27.788888888888888,5.946574974060058,0.1111111111111111,0.5555555555555556,0.0,0.0,125.0,-1.4222222222222223,1
9.0,978.0651,0,0,0,0,0,0,0,0,0.0,-26.733333333333338,5.9472570419311515,0.0,0.5555555555555556,0.0,0.0,125.0,-1.488888888888889,1
18.0,2421.9992,0,0,0,0,0,0,0,0,0.16666666666666666,53.23333333333334,11.081422233581542,0.2777777777777778,0.1111111111111111,0.2777777777777778,11000.0,11125.0,-1.1555555555555557,1
17.0,2349.8703,0,0,0,0,0,0,0,0,0.17647058823529413,44.44705882352942,11.745382118225098,0.29411764705882354,0.05882352941176471,0.29411764705882354,11000.0,11000.0,-1.4823529411764707,1
17.0,1856.2013000000002,0,0,0,0,0,0,0,0,0.0,33.11764705882353,10.763593101501463,0.411764705882353,0.17647058823529413,0.35294117647058826,0.0,0.0,0.0,0
20.0,2901.4017,0,0,0,0,0,0,0,0,0.15000000000000002,187.93500000000003,11.999967765808105,0.1,0.0,0.25,6990.0,7115.0,-2.005,1
16.0,2235.7649,0,0,0,0,0,0,0,0,0.0,273.8375,11.999967765808105,0.25,0.0625,0.0625,0.0,0.0,-3.1875,1
13.0,1751.1566999999998,0,0,0,0,0,0,0,0,0.15384615384615385,90.82307692307694,10.928567695617676,0.3076923076923077,0.07692307692307693,0.23076923076923078,11000.0,11125.0,-1.2538461538461538,1
10.0,1357.716,0,0,0,0,0,0,0,0,0.2,51.25,9.89816951751709,0.3,0.0,0.2,5500.0,5625.0,-1.1300000000000001,1
10.0,1396.7521,0,0,0,0,0,0,0,0,0.2,123.56,9.89816951751709,0.3,0.0,0.2,11000.0,11125.0,-1.5,1
8.0,1094.3159,0,0,0,0,0,0,0,0,0.25,151.95,9.695867729187015,0.125,0.125,0.25,11000.0,11125.0,-1.2625,1
11.0,1453.8034,0,0,0,0,0,0,0,0,0.18181818181818182,113.23636363636363,9.89816951751709,0.2727272727272727,0.09090909090909091,0.18181818181818182,11000.0,11125.0,-1.4000000000000001,1
10.0,1380.6865,0,0,0,0,0,0,0,0,0.2,123.56,10.332815361022949,0.3,0.1,0.2,11000.0,11125.0,-1.83,1
10.0,1364.6209000000001,0,0,0,0,0,0,0,0,0.2,142.82,11.10553340911865,0.3,0.2,0.2,11000.0,11000.0,-2.16,0
9.0,1210.5422,0,0,0,0,0,0,0,0,0.1111111111111111,72.53333333333333,9.89816951751709,0.33333333333333337,0.0,0.1111111111111111,5500.0,5625.0,-1.5666666666666667,1
9.0,1240.5664,0,0,0,0,0,0,0,0,0.2222222222222222,72.53333333333333,9.502655982971191,0.33333333333333337,0.0,0.2222222222222222,11000.0,11125.0,-1.1666666666666667,1
9.0,1210.5422,0,0,0,0,0,0,0,0,0.1111111111111111,136.17777777777778,9.89816951751709,0.33333333333333337,0.0,0.1111111111111111,5500.0,5625.0,-1.5666666666666667,1
16.0,1866.2256000000002,0,0,0,0,0,0,0,0,0.1875,34.2,5.9935808181762695,0.1875,0.3125,0.5,1490.0,1490.0,0.71875,1
28.0,2834.3936000000003,0,0,0,0,0,0,0,0,0.03571428571428572,65.08571428571427,8.839469718933106,0.25,0.25,0.25000000000000006,0.0,250.0,0.9142857142857144,0
6.0,812.9751,0,0,0,0,0,0,0,0,0.33333333333333337,44.033333333333324,8.197493553161618,0.33333333333333337,0.0,0.6666666666666667,6990.0,6990.0,-0.08333333333333336,1
7.0,950.1144,0,0,0,0,0,0,0,0,0.28571428571428575,56.79999999999999,8.206390190124512,0.28571428571428575,0.0,0.5714285714285715,6990.0,6990.0,-0.5285714285714286,1
34.0,3561.1507,0,0,0,0,0,0,0,0,0.0,11.997058823529413,9.046606636047361,0.44117647058823534,0.3235294117647059,0.411764705882353,0.0,0.0,0.1176470588235294,0
19.0,2288.7676,0,0,0,0,0,0,0,0,0.0,29.715789473684215,11.834864234924318,0.2105263157894737,0.15789473684210528,0.368421052631579,0.0,0.0,-0.6736842105263158,1
13.0,1552.8183,0,0,0,0,0,0,0,0,0.15384615384615385,14.200000000000005,8.058241844177246,0.15384615384615385,0.23076923076923078,0.38461538461538464,6990.0,7115.0,0.023076923076923047,1
16.0,1399.6978,0,0,0,0,0,0,0,0,0.0,-16.562500000000004,5.518122673034666,0.375,0.25,0.5,0.0,0.0,2.1125,1
12.0,1447.6198,0,0,0,0,0,0,0,0,0.25,23.466666666666665,5.8159589767456055,0.0,0.33333333333333337,0.33333333333333337,11000.0,11125.0,-0.375,0
5.0,691.885,0,0,0,0,0,0,0,0,0.2,55.36,9.790184974670407,0.6,0.0,0.2,5500.0,5500.0,-2.02,1
10.0,1332.7465,0,0,0,0,0,0,0,0,0.1,32.68,10.48663692474365,0.8,0.0,0.1,5500.0,5500.0,-2.96,1
15.0,1973.6080000000002,0,0,0,0,0,0,0,0,0.06666666666666667,25.119999999999997,10.745090675354007,0.8666666666666667,0.0,0.06666666666666667,5500.0,5500.0,-3.2733333333333334,1
20.0,2614.4695,0,0,0,0,0,0,0,0,0.05,21.34,10.906197166442869,0.9,0.0,0.05,5500.0,5500.0,-3.4299999999999997,1
10.0,1593.8835,0,0,0,0,0,0,0,0,0.4,204.52,11.526383018493654,0.0,0.0,0.4,22000.0,22125.0,-1.6600000000000001,1
10.0,1618.9129,0,0,0,0,0,0,0,0,0.4,204.52,11.999967765808105,0.1,0.0,0.4,22000.0,22000.0,-2.3,1
12.0,1936.2791,0,0,0,0,0,0,0,0,0.41666666666666663,219.83333333333334,11.82500057220459,0.0,0.0,0.41666666666666663,27500.0,27625.0,-1.8333333333333333,1
30.0,4551.4635,0,0,0,0,0,0,0,0,0.06666666666666667,418.51999999999987,11.999967765808105,0.0,0.0,0.06666666666666667,11000.0,11250.0,-3.3266666666666667,1
9.0,1087.2321,0,0,0,0,0,0,0,0,0.2222222222222222,9.277777777777782,8.058241844177246,0.0,0.3333333333333333,0.2222222222222222,1490.0,1615.0,-0.7777777777777778,0
12.0,1662.9706999999999,0,0,0,0,0,0,0,0,0.08333333333333334,188.50833333333335,11.999967765808105,0.16666666666666669,0.08333333333333334,0.08333333333333334,1490.0,1490.0,-3.125,1
9.0,1240.5664,0,0,0,0,0,0,0,0,0.2222222222222222,98.84444444444446,9.502655982971191,0.33333333333333337,0.0,0.2222222222222222,11000.0,11125.0,-1.1666666666666667,1
6.0,711.9608999999999,0,0,0,0,0,0,0,0,0.0,8.333333333333334,9.107013511657716,0.5,0.0,0.0,0.0,125.0,-0.6999999999999998,1
7.0,1021.2039999999998,0,0,0,0,1,0,0,0,0.14285714285714288,281.57142857142856,11.999967765808105,0.0,0.0,0.14285714285714288,0.0,0.0,-2.314285714285714,1
13.0,1826.1524,0,0,0,0,0,0,0,0,0.0,317.66153846153844,11.999967765808105,0.15384615384615385,0.07692307692307693,0.07692307692307693,0.0,0.0,-2.930769230769231,1
13.0,1812.1257999999998,0,0,0,0,0,0,0,0,0.0,355.1923076923076,11.999967765808105,0.07692307692307693,0.15384615384615385,0.07692307692307693,0.0,0.0,-2.930769230769231,1
12.0,1697.0384,0,0,0,0,0,0,0,0,0.0,336.22499999999997,11.999967765808105,0.08333333333333334,0.08333333333333334,0.08333333333333334,0.0,0.0,-2.8833333333333333,1
35.0,3757.1108999999997,0,0,0,0,0,0,0,0,0.0,92.76285714285713,11.999967765808105,0.2571428571428571,0.37142857142857144,0.08571428571428572,0.0,0.0,-1.437142857142857,1
34.0,3644.9777999999997,0,0,0,0,0,0,0,0,0.0,97.69411764705882,11.999967765808105,0.2647058823529412,0.35294117647058826,0.11764705882352942,0.0,0.0,-1.3558823529411765,1
33.0,3547.8626000000004,0,0,0,0,0,0,0,0,0.0,88.67878787878787,11.999967765808105,0.2727272727272727,0.33333333333333337,0.12121212121212122,0.0,0.0,-1.3484848484848484,1
34.0,3658.0195999999996,0,0,0,0,0,0,0,0,0.0,94.23235294117647,11.999967765808105,0.2647058823529412,0.3235294117647059,0.11764705882352942,0.0,0.0,-1.3558823529411765,1
28.0,2970.2037,0,0,0,0,0,0,0,0,0.03571428571428572,49.57142857142858,4.0500284194946286,0.2857142857142857,0.35714285714285715,0.35714285714285715,0.0,0.0,-0.11428571428571431,0
6.0,684.7152,0,0,0,0,0,0,0,0,0.16666666666666669,62.66666666666667,4.0500284194946286,0.33333333333333337,0.16666666666666669,0.33333333333333337,0.0,0.0,-0.10000000000000002,0
17.0,1788.9117,0,0,0,0,0,0,0,0,0.05882352941176471,1.3235294117647074,4.225945091247559,0.11764705882352942,0.4705882352941177,0.29411764705882354,0.0,0.0,-0.5176470588235295,0
7.0,737.7579999999999,0,0,0,0,0,0,0,0,0.0,51.471428571428575,4.353093910217285,0.4285714285714286,0.28571428571428575,0.14285714285714288,0.0,0.0,-0.5714285714285714,0
29.0,3252.9465,0,0,0,0,0,0,0,0,0.034482758620689655,21.80344827586207,4.751194190979004,0.41379310344827586,0.24137931034482757,0.4482758620689655,1490.0,1490.0,0.7068965517241379,0
34.0,3751.2216,0,0,0,0,0,0,0,0,0.029411764705882356,37.711764705882345,4.518154335021973,0.29411764705882354,0.3235294117647059,0.3235294117647059,1490.0,1490.0,-0.3764705882352941,0
19.0,2113.4777,0,0,0,0,0,0,0,0,0.052631578947368425,66.57368421052632,6.724814414978028,0.26315789473684215,0.10526315789473685,0.4736842105263158,0.0,125.0,0.39473684210526316,0
11.0,1511.8395,0,0,0,0,0,0,0,0,0.18181818181818182,113.23636363636363,9.5014310836792,0.2727272727272727,0.09090909090909091,0.18181818181818182,11000.0,11125.0,-1.6818181818181819,1
34.0,3938.5105999999996,0,0,0,0,0,0,0,0,0.08823529411764706,6.4911764705882335,8.033357048034667,0.2058823529411765,0.2058823529411765,0.44117647058823534,1490.0,1615.0,-0.18823529411764706,0
20.0,2253.4202,0,0,0,0,0,0,0,0,0.1,8.510000000000002,4.0500284194946286,0.15000000000000002,0.4,0.45,2980.0,2980.0,-0.365,0
33.0,3675.1306000000004,0,0,0,0,0,0,0,0,0.06060606060606061,53.00303030303029,6.752153968811036,0.33333333333333337,0.3939393939393939,0.2727272727272727,0.0,0.0,-0.6696969696969698,0
32.0,3795.1465,0,0,0,0,0,0,0,0,0.09375,63.25624999999999,4.098853111267089,0.34375,0.3125,0.375,5500.0,5500.0,-0.565625,0
5.0,520.491,0,0,0,0,0,0,0,0,0.0,29.540000000000003,4.207813453674317,0.2,0.8,0.0,0.0,0.0,-2.42,0
9.0,1025.0685,0,0,0,0,0,0,0,0,0.0,45.111111111111114,4.0500284194946286,0.6666666666666667,0.3333333333333333,0.0,0.0,0.0,-1.3666666666666667,0
23.0,3200.7526,1,0,0,0,0,1,0,0,0.17391304347826086,89.39130434782608,11.999967765808105,0.34782608695652173,0.13043478260869565,0.4782608695652174,22000.0,22000.0,-0.982608695652174,1
32.0,3681.0308000000005,0,0,0,0,0,0,0,0,0.0625,50.715625,4.590794563293457,0.3125,0.34375,0.34375,5500.0,5500.0,-0.596875,0
16.0,1795.0023999999999,0,0,0,0,0,0,0,0,0.0,4.06875,5.380913352966309,0.3125,0.3125,0.375,0.0,0.0,-0.28750000000000003,0
16.0,1745.91,0,0,0,0,0,0,0,0,0.0625,47.36874999999999,5.3206071853637695,0.1875,0.375,0.3125,1490.0,1490.0,-0.6062500000000001,0
19.0,2388.8548,0,0,0,0,0,0,0,0,0.15789473684210528,41.08947368421052,8.058241844177246,0.2105263157894737,0.2105263157894737,0.368421052631579,6990.0,7115.0,-0.03157894736842108,0
26.0,3196.5287,0,0,0,0,0,0,0,0,0.15384615384615385,52.59615384615385,4.965136146545409,0.2692307692307693,0.3076923076923077,0.2692307692307693,0.0,0.0,-0.7884615384615384,0
14.0,1542.6514,0,0,0,0,0,0,0,0,0.07142857142857144,17.65714285714286,5.3206071853637695,0.2857142857142857,0.14285714285714288,0.28571428571428575,0.0,0.0,-0.42142857142857143,0
12.0,1593.7592,0,0,0,0,0,0,0,0,0.25,-23.000000000000004,4.0500284194946286,0.08333333333333334,0.4166666666666667,0.41666666666666674,11000.0,11000.0,-0.7083333333333334,0
18.0,1947.1527,0,0,0,0,0,0,0,0,0.16666666666666669,43.744444444444454,6.743628120422364,0.16666666666666666,0.3333333333333333,0.3888888888888889,0.0,0.0,-0.12777777777777782,1
34.0,3946.3536999999997,0,0,0,0,0,0,0,0,0.14705882352941177,23.708823529411767,4.664969444274903,0.17647058823529413,0.29411764705882354,0.411764705882353,4470.0,4470.0,-0.4676470588235294,0
7.0,835.9042999999999,0,0,0,0,0,0,0,0,0.14285714285714288,-2.2,6.246173286437989,0.5714285714285715,0.14285714285714288,0.14285714285714288,0.0,0.0,-1.2857142857142858,0
43.0,4431.8384,0,0,0,0,0,0,0,0,0.09302325581395349,21.718604651162792,6.773127555847168,0.20930232558139533,0.37209302325581395,0.3023255813953488,5500.0,5500.0,-0.2441860465116279,0
19.0,2029.2383999999997,0,0,0,0,0,0,0,0,0.052631578947368425,46.4,5.718764305114747,0.26315789473684215,0.3157894736842105,0.31578947368421056,5500.0,5500.0,0.20526315789473681,0
18.0,2076.3278,0,0,0,0,0,0,0,0,0.16666666666666669,-3.6222222222222222,4.0500284194946286,0.16666666666666666,0.3888888888888889,0.5,0.0,0.0,0.5333333333333333,0
7.0,797.8329,0,0,0,0,0,0,0,0,0.14285714285714288,-3.5571428571428574,4.0500284194946286,0.14285714285714288,0.5714285714285715,0.28571428571428575,1490.0,1490.0,-0.8428571428571429,0
14.0,1517.5955,0,0,0,0,0,0,0,0,0.07142857142857144,9.285714285714286,4.0500284194946286,0.28571428571428575,0.3571428571428572,0.28571428571428575,0.0,0.0,-0.6428571428571429,0
11.0,1251.3622,0,0,0,0,0,0,0,0,0.09090909090909091,-25.95454545454545,4.0500284194946286,0.18181818181818182,0.36363636363636365,0.5454545454545454,5500.0,5500.0,0.12727272727272723,0
32.0,4068.7496,0,0,0,0,0,0,0,0,0.21875,65.353125,8.788281822204592,0.21875,0.1875,0.40625,15470.0,15595.0,-0.325,0
12.0,1347.5123999999998,0,0,0,0,0,0,0,0,0.08333333333333334,46.00000000000001,4.207813453674317,0.16666666666666669,0.41666666666666674,0.41666666666666674,1490.0,1490.0,-0.125,0
20.0,2183.5475,0,0,0,0,0,0,0,0,0.0,7.614999999999999,8.497013664245607,0.25,0.30000000000000004,0.45,0.0,0.0,0.08000000000000004,0
28.0,3027.3183,0,0,0,0,0,0,0,0,0.03571428571428572,53.64285714285715,4.246066093444825,0.32142857142857145,0.35714285714285715,0.28571428571428575,5500.0,5500.0,-0.40714285714285714,0
30.0,3319.9912999999997,0,0,0,0,0,0,0,0,0.03333333333333333,22.869999999999997,9.404599571228026,0.4,0.06666666666666667,0.5333333333333333,0.0,0.0,0.5133333333333333,0
28.0,3271.7128000000002,0,0,0,0,0,0,0,0,0.21428571428571427,18.20714285714286,6.211444664001465,0.4285714285714286,0.25000000000000006,0.4642857142857143,4470.0,4470.0,-0.12857142857142861,0
20.0,2231.4165,0,0,0,0,0,0,0,0,0.05,18.830000000000002,4.49769229888916,0.35000000000000003,0.35,0.2,0.0,0.0,-0.95,0
23.0,2720.1117,0,0,0,0,0,0,0,0,0.21739130434782608,-2.6782608695652166,8.192787361145019,0.30434782608695654,0.21739130434782608,0.43478260869565216,12490.0,12490.0,0.21739130434782605,0
6.0,632.6605,0,0,0,0,0,0,0,0,0.0,-5.816666666666667,4.0500284194946286,0.33333333333333337,0.5,0.5,0.0,0.0,-0.08333333333333338,0
19.0,2083.2264,0,0,0,0,0,0,0,0,0.052631578947368425,43.57368421052632,4.0500284194946286,0.5263157894736842,0.2631578947368421,0.368421052631579,0.0,0.0,0.0894736842105263,0
7.0,847.9513,0,0,0,0,0,0,0,0,0.14285714285714288,8.571428571428571,4.0500284194946286,0.14285714285714288,0.4285714285714286,0.5714285714285715,1490.0,1490.0,0.4142857142857142,0
8.0,900.0276000000001,0,0,0,0,0,0,0,0,0.0,73.575,4.0500284194946286,0.25,0.25,0.5,0.0,0.0,1.075,0
33.0,3850.2878,0,0,0,0,0,0,0,0,0.09090909090909091,40.02727272727273,6.280958747863769,0.21212121212121213,0.33333333333333337,0.24242424242424243,5500.0,5625.0,-0.6515151515151515,0
34.0,4015.6940999999997,0,0,0,0,0,0,0,0,0.08823529411764706,22.158823529411762,6.299942970275879,0.3823529411764706,0.14705882352941177,0.4705882352941177,1490.0,1490.0,-0.19999999999999998,0
18.0,1989.1861,0,0,0,0,0,0,0,0,0.05555555555555555,26.216666666666665,4.0500284194946286,0.2777777777777778,0.38888888888888884,0.4444444444444444,0.0,0.0,0.005555555555555554,0
12.0,1305.398,0,0,0,0,0,0,0,0,0.08333333333333334,11.41666666666667,6.744537544250489,0.08333333333333334,0.5833333333333334,0.16666666666666669,0.0,0.0,-1.4666666666666668,1
26.0,2608.8945999999996,0,0,0,0,0,0,0,0,0.0,-28.838461538461548,6.207522773742675,0.15384615384615385,0.46153846153846156,0.3846153846153846,0.0,0.0,-0.773076923076923,1
15.0,1677.8595999999998,0,0,0,0,0,0,0,0,0.0,27.71333333333333,9.98616886138916,0.13333333333333333,0.5333333333333333,0.2,0.0,0.0,-2.086666666666667,1
10.0,1153.1531,0,0,0,0,0,0,0,0,0.1,40.6,4.0500284194946286,0.5,0.2,0.2,0.0,0.0,-1.5699999999999998,0
9.0,1180.185,0,0,0,0,0,0,0,0,0.1111111111111111,93.93333333333335,4.679122352600097,0.2222222222222222,0.3333333333333333,0.1111111111111111,0.0,0.0,-2.7222222222222223,0
18.0,2063.278,0,0,0,0,0,0,0,0,0.05555555555555555,13.377777777777778,6.753006553649903,0.2777777777777778,0.2222222222222222,0.2222222222222222,0.0,0.0,-0.9555555555555555,0
13.0,1385.5224999999998,0,0,0,0,0,0,0,0,0.0,2.7,4.558112144470216,0.46153846153846156,0.15384615384615385,0.23076923076923078,0.0,0.0,-0.17692307692307688,0
23.0,2444.6499,0,0,0,0,0,0,0,0,0.13043478260869565,17.761304347826087,4.428973960876465,0.30434782608695654,0.3913043478260869,0.30434782608695654,1490.0,1490.0,-0.24347826086956523,0
19.0,2281.7168,0,0,0,0,0,0,0,0,0.10526315789473685,15.142105263157896,6.75204029083252,0.4736842105263158,0.15789473684210528,0.4210526315789474,5500.0,5500.0,0.37368421052631573,0
17.0,2221.0909,0,0,0,0,0,0,0,0,0.0,-17.2,4.160580253601075,0.0,0.6470588235294117,0.0,0.0,0.0,-3.8529411764705883,1
10.0,1374.3808,0,0,0,0,0,0,0,0,0.0,-28.7,6.145511436462402,0.0,0.5,0.0,0.0,0.0,-4.0,1
17.0,2124.3383,0,0,0,0,0,0,0,0,0.0,231.14117647058822,11.999967765808105,0.11764705882352942,0.35294117647058826,0.0,0.0,0.0,-2.923529411764706,1
22.0,2564.8356,0,0,0,0,0,0,0,0,0.0,206.91818181818178,11.999967765808105,0.2727272727272727,0.2727272727272727,0.0,0.0,0.0,-2.1363636363636362,1
7.0,838.9082999999999,0,0,0,0,0,0,0,0,0.0,-6.314285714285714,6.744537544250489,0.0,0.28571428571428575,0.4285714285714286,0.0,0.0,-1.3857142857142857,0
7.0,836.8675999999999,0,0,0,0,0,0,0,0,0.0,63.60000000000001,4.1373899459838865,0.5714285714285715,0.28571428571428575,0.0,0.0,0.0,-1.7285714285714284,0
33.0,3997.4239,0,0,0,0,0,0,0,0,0.09090909090909091,49.875757575757575,4.645644187927247,0.3333333333333333,0.15151515151515152,0.42424242424242425,4470.0,4470.0,-0.5757575757575758,0
24.0,3036.2934,0,0,0,0,0,0,0,0,0.125,37.866666666666674,10.283368110656735,0.25,0.20833333333333337,0.125,2980.0,2980.0,-2.4541666666666666,1
15.0,2007.2493,0,0,0,0,0,0,0,0,0.3333333333333333,31.333333333333332,9.526315879821777,0.26666666666666666,0.26666666666666666,0.4666666666666667,13980.0,13980.0,-1.0466666666666666,1
29.0,3156.4221,0,0,0,0,0,0,0,0,0.034482758620689655,47.13103448275863,4.926087760925292,0.3103448275862069,0.3448275862068966,0.3103448275862069,5500.0,5500.0,-0.2793103448275862,0
28.0,3163.3152,0,0,0,0,0,0,0,0,0.14285714285714288,46.56071428571429,4.0500284194946286,0.07142857142857144,0.5,0.3928571428571429,2980.0,2980.0,-0.525,0
17.0,1842.0589,0,0,0,0,0,0,0,0,0.0,-11.01764705882353,8.589977073669434,0.29411764705882354,0.35294117647058826,0.35294117647058826,0.0,0.0,-0.7058823529411765,0
24.0,2830.1760999999997,0,0,0,0,0,0,0,0,0.16666666666666669,14.570833333333333,6.745162773132326,0.16666666666666669,0.25,0.45833333333333337,2980.0,2980.0,-0.11666666666666665,0
22.0,2640.0885,0,0,0,0,0,0,0,0,0.13636363636363635,22.272727272727277,6.753006553649903,0.2727272727272727,0.09090909090909091,0.5454545454545454,5500.0,5500.0,0.6636363636363636,1
27.0,3204.7461,0,0,0,0,0,0,0,0,0.1111111111111111,22.774074074074072,6.913576698303221,0.2222222222222222,0.14814814814814814,0.48148148148148145,5500.0,5500.0,0.38518518518518513,1
32.0,3462.7279000000003,0,0,0,0,0,0,0,0,0.09375,57.084374999999994,4.952858924865722,0.34375,0.375,0.25,0.0,0.0,-1.0375,0
20.0,2231.5009,0,0,0,0,0,0,0,0,0.05,56.790000000000006,4.139095115661621,0.30000000000000004,0.4,0.4,1490.0,1490.0,-0.030000000000000034,0
7.0,760.7896999999999,0,0,0,0,0,0,0,0,0.0,4.457142857142857,4.274371910095215,0.28571428571428575,0.4285714285714286,0.28571428571428575,0.0,0.0,-0.9142857142857143,0
33.0,3445.9404,0,0,0,0,0,0,0,0,0.06060606060606061,87.07272727272725,8.175187492370608,0.33333333333333337,0.2727272727272727,0.30303030303030304,1490.0,1490.0,0.24545454545454545,0
35.0,3922.0942999999997,0,0,0,0,0,0,0,0,0.11428571428571428,52.44571428571428,4.356788444519044,0.37142857142857144,0.37142857142857144,0.2571428571428571,12490.0,12490.0,-1.162857142857143,0
10.0,1182.3317,0,0,0,0,0,0,0,0,0.1,20.720000000000002,9.598713874816895,0.30000000000000004,0.30000000000000004,0.30000000000000004,5500.0,5500.0,-0.99,0
11.0,1605.8167999999998,1,0,0,0,0,1,0,0,0.0,303.45454545454544,11.999967765808105,0.09090909090909091,0.18181818181818182,0.0,0.0,0.0,-4.1454545454545455,1
29.0,3176.5240000000003,0,0,0,0,0,0,0,0,0.13793103448275862,-5.63103448275862,8.288136100769044,0.24137931034482757,0.27586206896551724,0.3103448275862069,2980.0,2980.0,-0.07931034482758623,0
29.0,3498.0319,0,0,0,0,0,0,0,0,0.06896551724137931,60.020689655172426,5.695403480529785,0.5172413793103449,0.06896551724137931,0.3793103448275862,1490.0,1490.0,-0.6344827586206896,0
27.0,3071.5011,0,0,0,0,0,0,0,0,0.1111111111111111,63.292592592592584,4.130341911315917,0.37037037037037035,0.25925925925925924,0.4074074074074074,6990.0,6990.0,0.44814814814814813,0
27.0,2665.883,0,0,0,0,0,0,0,0,0.0,86.26296296296293,4.252716255187988,0.3333333333333333,0.4444444444444444,0.14814814814814814,0.0,0.0,-0.6777777777777778,0
17.0,1931.0639999999999,0,0,0,0,0,0,0,0,0.11764705882352942,67.7764705882353,4.0500284194946286,0.23529411764705885,0.411764705882353,0.23529411764705885,1490.0,1490.0,-0.6764705882352942,0
10.0,1164.2883,0,0,0,0,0,0,0,0,0.1,76.05,6.155287742614745,0.30000000000000004,0.4,0.1,1490.0,1490.0,-2.07,1
9.0,953.9029,0,0,0,0,0,0,0,0,0.1111111111111111,3.044444444444448,4.0500284194946286,0.4444444444444445,0.3333333333333333,0.2222222222222222,0.0,0.0,-1.2111111111111112,0
34.0,3730.3826,0,0,0,0,0,0,0,0,0.05882352941176471,52.36764705882353,4.783308219909667,0.3235294117647059,0.29411764705882354,0.3235294117647059,1490.0,1490.0,0.1588235294117647,0
22.0,2489.8597,0,0,0,0,0,0,0,0,0.045454545454545456,57.69090909090909,4.833781242370605,0.40909090909090906,0.22727272727272727,0.40909090909090906,0.0,0.0,-0.07727272727272728,0
22.0,2273.6983,0,0,0,0,0,0,0,0,0.0,80.16363636363637,6.280276679992675,0.7272727272727273,0.18181818181818182,0.13636363636363635,0.0,0.0,0.17727272727272725,0
24.0,2548.6767,0,0,0,0,0,0,0,0,0.04166666666666667,8.995833333333335,4.100899314880371,0.2916666666666667,0.5,0.16666666666666669,0.0,0.0,-0.9125000000000001,0
15.0,1892.0677,0,0,0,0,0,0,0,0,0.26666666666666666,46.06,4.407431983947753,0.5333333333333333,0.13333333333333333,0.4,8480.0,8480.0,-0.76,0
3.0,405.3573,0,0,0,0,0,0,0,0,0.0,224.00000000000003,4.0500284194946286,1.0,0.0,0.0,0.0,0.0,-3.5,1
5.0,547.5131,0,0,0,0,0,0,0,0,0.0,138.4,4.0500284194946286,1.0,0.0,0.0,0.0,0.0,-1.3800000000000001,0
13.0,1558.7423,0,0,0,0,0,0,0,0,0.0,109.53846153846155,10.267637825012205,0.6153846153846154,0.07692307692307693,0.07692307692307693,0.0,0.0,-2.553846153846154,1
8.0,932.03,0,0,0,0,0,0,0,0,0.0,90.25,6.325293159484863,1.0,0.0,0.0,0.0,0.0,-2.325,0
18.0,2155.051,0,0,0,0,0,0,0,0,0.05555555555555555,173.57777777777778,4.0500284194946286,0.6666666666666667,0.2222222222222222,0.1111111111111111,0.0,0.0,-2.0055555555555555,0
23.0,2923.1263999999996,0,0,0,0,0,0,0,0,0.0,296.85217391304343,6.542759132385254,0.4782608695652174,0.17391304347826086,0.08695652173913043,0.0,0.0,-2.630434782608696,1
7.0,905.0309,0,0,0,0,0,0,0,0,0.0,101.71428571428572,6.241796684265137,0.5714285714285715,0.14285714285714288,0.14285714285714288,0.0,0.0,-1.8285714285714287,0
23.0,2584.8449,0,0,0,0,0,0,0,0,0.043478260869565216,59.978260869565226,10.903747367858884,0.30434782608695654,0.34782608695652173,0.17391304347826086,0.0,0.0,-1.4739130434782608,0
5.0,627.601,0,0,0,0,0,0,0,0,0.0,43.14,4.130341911315917,0.4,0.2,0.2,0.0,0.0,-1.9,0
14.0,1683.7263999999998,0,0,0,0,0,0,0,0,0.14285714285714288,15.77142857142857,4.48598346710205,0.28571428571428575,0.3571428571428572,0.3571428571428572,1490.0,1490.0,-1.2428571428571427,0
14.0,1671.7205999999999,0,0,0,0,0,0,0,0,0.14285714285714288,4.014285714285714,4.719932746887206,0.14285714285714288,0.28571428571428575,0.5,5500.0,5500.0,-0.9285714285714286,0
28.0,3167.5244000000002,0,0,0,0,0,0,0,0,0.03571428571428572,8.567857142857147,4.441251182556152,0.32142857142857145,0.25,0.35714285714285715,5500.0,5500.0,-0.41428571428571426,0
15.0,1838.1412,0,0,0,0,0,0,0,0,0.13333333333333333,76.43333333333334,8.13715114593506,0.4,0.13333333333333333,0.2,1490.0,1615.0,-0.9533333333333334,0
7.0,736.861,0,0,0,0,0,0,0,0,0.0,81.22857142857143,6.080146598815917,0.28571428571428575,0.28571428571428575,0.14285714285714288,0.0,125.0,-3.172065784643304e-17,0
31.0,3403.9005,0,0,0,0,0,0,0,0,0.06451612903225806,23.125806451612902,6.869412803649904,0.3225806451612903,0.25806451612903225,0.3870967741935484,2980.0,2980.0,-0.17419354838709677,0
33.0,3692.1956,0,0,0,0,0,0,0,0,0.030303030303030304,32.74242424242425,9.972566032409667,0.21212121212121213,0.2727272727272727,0.3939393939393939,1490.0,1490.0,-0.3181818181818182,0
19.0,2126.5623,0,0,0,0,0,0,0,0,0.0,57.042105263157886,5.402910041809082,0.6842105263157895,0.2105263157894737,0.2631578947368421,0.0,0.0,0.23157894736842097,0
14.0,1703.0112,0,0,0,0,0,0,0,0,0.07142857142857144,16.042857142857144,6.325293159484863,0.6428571428571429,0.14285714285714288,0.3571428571428572,5500.0,5500.0,-0.65,0
26.0,2578.7837999999997,0,0,0,0,0,0,0,0,0.0,37.25000000000001,4.0500284194946286,0.3076923076923077,0.5,0.23076923076923078,0.0,0.0,-0.13461538461538464,0
44.0,5061.6406,0,0,0,0,0,0,0,0,0.18181818181818182,24.113636363636363,6.059911918640137,0.3181818181818182,0.22727272727272727,0.3181818181818182,2980.0,3105.0,-0.45909090909090916,0
25.0,2777.0841,0,0,0,0,0,0,0,0,0.04,48.11600000000001,4.14250545501709,0.4,0.24,0.44,1490.0,1490.0,0.08,0
11.0,1180.3075,0,0,0,0,0,0,0,0,0.0,119.07272727272729,4.0500284194946286,0.4545454545454546,0.2727272727272727,0.2727272727272727,0.0,0.0,-0.1,0
32.0,3848.3715,0,0,0,0,0,0,0,0,0.09375,49.89687500000001,8.276273918151858,0.21875,0.3125,0.3125,1490.0,1490.0,-0.83125,0
30.0,3173.2753999999995,0,0,0,0,0,0,0,0,0.06666666666666667,22.486666666666668,4.491155815124511,0.2,0.43333333333333335,0.26666666666666666,0.0,0.0,-0.78,0
25.0,2939.3383999999996,0,0,0,0,0,0,0,0,0.2,42.336000000000006,6.236112785339355,0.4,0.32,0.4,5960.0,5960.0,-0.28,0
9.0,1228.3503,0,0,0,0,0,0,0,0,0.2222222222222222,82.64444444444445,4.872715950012206,0.4444444444444444,0.1111111111111111,0.4444444444444444,2980.0,2980.0,-1.4666666666666666,0
18.0,1961.1332000000002,0,0,0,0,0,0,0,0,0.05555555555555555,49.544444444444444,4.252773094177246,0.2777777777777778,0.2222222222222222,0.3888888888888889,1490.0,1490.0,-0.3222222222222222,0
13.0,1494.561,0,0,0,0,0,0,0,0,0.0,9.230769230769232,6.326429939270019,0.46153846153846156,0.15384615384615385,0.3076923076923077,0.0,0.0,-2.161538461538462,0
28.0,3121.4525999999996,0,0,0,0,0,0,0,0,0.07142857142857144,16.035714285714285,5.057726860046387,0.35714285714285715,0.28571428571428575,0.35714285714285715,0.0,0.0,-0.3821428571428572,0
33.0,4075.6221000000005,0,0,0,0,0,0,0,0,0.09090909090909091,44.61545454545455,6.887601280212404,0.48484848484848486,0.12121212121212122,0.33333333333333337,2980.0,2980.0,-1.3242424242424242,0
10.0,1221.5548000000001,0,0,0,0,0,0,0,0,0.1,-16.47,10.002157020568848,0.6000000000000001,0.1,0.30000000000000004,0.0,0.0,-0.58,0
46.0,5408.0584,0,0,0,0,0,0,0,0,0.10869565217391304,6.982608695652173,5.196470832824706,0.43478260869565216,0.21739130434782608,0.34782608695652173,8480.0,8480.0,-0.6391304347826088,0
34.0,3523.0644,0,0,0,0,0,0,0,0,0.0,28.550000000000004,6.852531623840332,0.3823529411764706,0.29411764705882354,0.411764705882353,0.0,0.0,0.37941176470588234,0
84.0,8977.0476,0,0,0,0,0,0,0,0,0.07142857142857144,22.382142857142853,9.15555820465088,0.35714285714285715,0.25,0.2142857142857143,4470.0,4845.0,-0.6857142857142857,1
61.0,7409.350200000001,0,0,0,0,0,0,0,0,0.0819672131147541,67.51639344262294,10.972019386291507,0.39344262295081966,0.18032786885245902,0.29508196721311475,6990.0,6990.0,-1.3590163934426231,1
20.0,2458.8109,0,0,0,0,0,0,0,0,0.05,45.80500000000001,8.525250816345213,0.35,0.15000000000000002,0.35,1490.0,1490.0,-1.06,0
23.0,2608.9851,0,0,0,0,0,0,0,0,0.17391304347826086,10.221739130434782,8.52563762664795,0.3913043478260869,0.2608695652173913,0.3913043478260869,8480.0,8480.0,-0.10434782608695654,0
17.0,1849.2053999999998,0,0,0,0,0,0,0,0,0.0,33.97058823529412,8.355634498596196,0.35294117647058826,0.05882352941176471,0.4705882352941177,0.0,0.0,0.8176470588235294,0
18.0,1882.1559000000002,0,0,0,0,0,0,0,0,0.0,9.444444444444445,4.0500284194946286,1.0,0.0,0.38888888888888884,0.0,0.0,1.1055555555555554,0
22.0,2614.9746999999998,0,0,0,0,0,0,0,0,0.2272727272727273,71.4090909090909,8.299804878234863,0.3181818181818182,0.09090909090909091,0.4545454545454546,8480.0,8480.0,0.059090909090909055,0
27.0,3259.6944,0,0,0,0,0,0,0,0,0.07407407407407407,38.614814814814814,8.229856681823733,0.40740740740740744,0.2222222222222222,0.25925925925925924,6990.0,6990.0,-1.4703703703703705,0
13.0,1487.6325,0,0,0,0,0,0,0,0,0.07692307692307693,71.80000000000001,4.130341911315917,0.46153846153846156,0.23076923076923078,0.3076923076923077,0.0,0.0,-0.44615384615384623,0
24.0,2819.3826999999997,0,0,0,0,0,0,0,0,0.0,44.987500000000004,6.450282096862792,0.75,0.08333333333333334,0.375,0.0,0.0,-0.2916666666666667,0
14.0,1690.0819,0,0,0,0,0,0,0,0,0.07142857142857144,7.3428571428571425,9.705473518371583,0.6428571428571429,0.14285714285714288,0.35714285714285715,0.0,0.0,-0.3571428571428572,0
5.0,587.7291,0,0,0,0,0,0,0,0,0.0,85.04,4.0500284194946286,0.6000000000000001,0.2,0.4,0.0,0.0,0.96,1
13.0,1314.4876,0,0,0,0,0,0,0,0,0.0,36.06153846153846,6.101802253723143,0.46153846153846156,0.3076923076923077,0.3076923076923077,0.0,0.0,0.43076923076923074,0
29.0,3031.3995999999997,0,0,0,0,0,0,0,0,0.034482758620689655,22.010344827586206,4.948539161682128,0.4827586206896552,0.20689655172413793,0.3103448275862069,0.0,0.0,-0.03448275862068967,0
33.0,3527.9983,0,0,0,0,0,0,0,0,0.0,20.95757575757576,5.230290031433104,0.5151515151515151,0.24242424242424243,0.2727272727272727,0.0,0.0,-0.34545454545454546,0
13.0,1690.9392,0,0,0,0,0,0,0,0,0.15384615384615385,83.73846153846155,8.592362403869632,0.38461538461538464,0.23076923076923078,0.38461538461538464,2980.0,2980.0,-1.3153846153846156,1
18.0,1946.1814,0,0,0,0,0,0,0,0,0.1111111111111111,-16.68888888888889,4.6794633865356445,0.38888888888888884,0.2222222222222222,0.38888888888888884,1490.0,1490.0,-0.07777777777777777,0
18.0,2315.7314,0,0,0,0,0,0,0,0,0.2222222222222222,63.73333333333333,9.70212116241455,0.33333333333333337,0.1111111111111111,0.4444444444444444,6990.0,6990.0,-0.5222222222222223,0
17.0,2005.2934,0,0,0,0,0,0,0,0,0.11764705882352942,97.69411764705882,6.325293159484863,0.411764705882353,0.411764705882353,0.17647058823529413,0.0,0.0,-1.276470588235294,0
12.0,1531.6271,0,0,0,0,0,0,0,0,0.16666666666666669,61.50833333333334,4.558396339416505,0.16666666666666669,0.5,0.25,5500.0,5500.0,-1.7750000000000001,1
9.0,866.9151,0,0,0,0,0,0,0,0,0.0,42.25555555555556,4.531682014465332,0.3333333333333333,0.6666666666666667,0.0,0.0,0.0,-1.8777777777777775,0
27.0,2972.1886,0,0,0,0,0,0,0,0,0.0,149.74814814814815,10.267637825012205,0.2962962962962963,0.4444444444444445,0.1111111111111111,0.0,0.0,-1.5666666666666667,0
28.0,3168.3554999999997,0,0,0,0,0,0,0,0,0.03571428571428572,75.35357142857143,4.265107154846191,0.4285714285714286,0.2142857142857143,0.25,0.0,0.0,-1.2892857142857144,0
14.0,2015.1132,0,0,0,0,0,0,0,0,0.0,9.285714285714286,6.513202857971191,0.5,0.0,0.0,0.0,0.0,-4.0,1
20.0,2284.5867,0,0,0,0,0,0,0,0,0.05,64.185,4.536740684509279,0.35,0.35000000000000003,0.4,1490.0,1490.0,-0.19000000000000006,0
8.0,1157.3307,0,0,0,0,0,0,0,0,0.0,192.7,11.553911018371583,0.5,0.0,0.0,0.0,0.0,-4.1,0
8.0,975.9964,0,0,0,0,0,0,0,0,0.0,73.575,4.093453407287597,0.75,0.0,0.25,0.0,0.0,-1.7,0
29.0,3246.7598,0,0,0,0,0,0,0,0,0.06896551724137931,38.62068965517241,6.84349422454834,0.3103448275862069,0.24137931034482757,0.3793103448275862,0.0,0.0,0.3172413793103448,0
11.0,1400.6761999999999,0,0,0,0,0,0,0,0,0.0,55.32727272727273,11.711407279968263,0.4545454545454546,0.09090909090909091,0.09090909090909091,0.0,0.0,-1.3727272727272728,0
7.0,749.7654,0,0,0,0,0,0,0,0,0.14285714285714288,88.42857142857144,4.0500284194946286,0.5714285714285715,0.28571428571428575,0.14285714285714288,0.0,0.0,-0.42857142857142855,0
23.0,2705.0526999999997,0,0,0,0,0,0,0,0,0.13043478260869565,108.59130434782608,4.786434364318848,0.30434782608695654,0.2608695652173913,0.2608695652173913,0.0,0.0,-0.4956521739130435,0
33.0,3312.5283,0,0,0,0,0,0,0,0,0.06060606060606061,30.251515151515157,4.0500284194946286,0.30303030303030304,0.3939393939393939,0.30303030303030304,2980.0,2980.0,-0.23333333333333334,0
32.0,3650.2367999999997,0,0,0,0,0,0,0,0,0.09375,15.565624999999999,10.377556419372556,0.25,0.3125,0.34375,2980.0,2980.0,-0.7062499999999999,0
21.0,2321.6267,0,0,0,0,0,0,0,0,0.09523809523809523,8.399999999999999,6.324156379699708,0.33333333333333337,0.2857142857142857,0.38095238095238093,2980.0,2980.0,-0.2523809523809524,0
31.0,3424.681,0,0,0,0,0,0,0,0,0.16129032258064516,2.2999999999999985,4.0500284194946286,0.3225806451612903,0.22580645161290322,0.3870967741935484,1490.0,1490.0,0.06129032258064515,0
24.0,3069.5166999999997,0,0,0,0,0,0,0,0,0.20833333333333334,92.79166666666667,9.119326972961428,0.25,0.08333333333333334,0.45833333333333337,4470.0,4470.0,-0.49583333333333335,0
26.0,2473.6915999999997,0,0,0,0,0,0,0,0,0.0,23.250000000000004,4.558396339416505,0.3846153846153846,0.3076923076923077,0.34615384615384615,0.0,0.0,0.15384615384615385,0
9.0,1002.0732,0,0,0,0,0,0,0,0,0.0,43.31111111111112,4.0500284194946286,0.4444444444444445,0.2222222222222222,0.4444444444444444,0.0,0.0,0.2555555555555556,0
29.0,3259.6575999999995,0,0,0,0,0,0,0,0,0.13793103448275862,31.0448275862069,4.585394859313964,0.5172413793103449,0.1724137931034483,0.41379310344827586,6990.0,6990.0,0.07586206896551723,0
28.0,3458.742,0,0,0,0,0,0,0,0,0.17857142857142858,74.52499999999999,4.427950859069825,0.2142857142857143,0.28571428571428575,0.35714285714285715,4470.0,4470.0,-0.8571428571428571,0
18.0,1984.0771,0,0,0,0,0,0,0,0,0.1111111111111111,6.583333333333335,4.0500284194946286,0.3888888888888889,0.3333333333333333,0.3333333333333333,2980.0,2980.0,-0.8055555555555556,0
30.0,2984.3813,0,0,0,0,0,0,0,0,0.0,-3.073333333333333,4.437670326232911,0.3666666666666667,0.26666666666666666,0.3666666666666667,0.0,0.0,0.3366666666666667,0
38.0,4217.7753,0,0,0,0,0,0,0,0,0.18421052631578946,31.178947368421053,4.0500284194946286,0.3157894736842105,0.2368421052631579,0.3684210526315789,6990.0,7115.0,0.5894736842105263,0
9.0,1040.0815,0,0,0,0,0,0,0,0,0.1111111111111111,0.5111111111111111,4.531682014465332,0.5555555555555556,0.3333333333333333,0.2222222222222222,1490.0,1490.0,-1.2999999999999998,0
15.0,1533.6792,0,0,0,0,0,0,0,0,0.2,6.346666666666665,6.098448753356932,0.3333333333333333,0.26666666666666666,0.4666666666666667,2980.0,2980.0,0.09333333333333332,0
27.0,2973.2538999999997,0,0,0,0,0,0,0,0,0.037037037037037035,36.02962962962963,4.407431983947753,0.3333333333333333,0.3333333333333333,0.37037037037037035,1490.0,1490.0,-0.15185185185185185,0
12.0,1342.5173,0,0,0,0,0,0,0,0,0.25,10.29166666666667,4.0500284194946286,0.33333333333333337,0.33333333333333337,0.41666666666666674,5500.0,5500.0,0.5833333333333333,1
7.0,784.8124999999999,0,0,0,0,0,0,0,0,0.28571428571428575,-46.5,4.0500284194946286,0.14285714285714288,0.4285714285714286,0.4285714285714286,1490.0,1490.0,0.014285714285714282,0
30.0,3224.8716999999997,0,0,0,0,0,0,0,0,0.1,46.98,5.994262886047363,0.39999999999999997,0.2,0.5666666666666667,5500.0,5500.0,1.1466666666666667,0
12.0,1604.7603,0,0,0,0,0,0,0,0,0.4166666666666667,65.83333333333333,6.135053062438964,0.08333333333333334,0.41666666666666674,0.4166666666666667,6990.0,6990.0,-1.1,1
21.0,2613.083,0,0,0,0,0,0,0,0,0.19047619047619047,-15.585714285714287,9.403439140319826,0.33333333333333337,0.14285714285714285,0.47619047619047616,2980.0,2980.0,-0.34285714285714286,0
19.0,2177.5611,0,0,0,0,0,0,0,0,0.052631578947368425,79.86842105263158,4.751989936828613,0.4736842105263158,0.21052631578947367,0.4210526315789474,0.0,0.0,0.0684210526315789,0
17.0,2180.5729,0,0,0,0,0,0,0,0,0.35294117647058826,18.6,10.278081703186032,0.29411764705882354,0.05882352941176471,0.5294117647058824,13980.0,13980.0,0.20588235294117643,1
13.0,1612.9216999999999,0,0,0,0,0,0,0,0,0.23076923076923075,59.38461538461539,11.999967765808105,0.3846153846153846,0.07692307692307693,0.3076923076923077,0.0,0.0,-1.1,0
14.0,1555.7372999999998,0,0,0,0,0,0,0,0,0.42857142857142855,94.27142857142859,11.999967765808105,0.0,0.42857142857142855,0.42857142857142855,0.0,0.0,0.3857142857142856,1
15.0,2073.4416,0,0,0,0,0,0,0,0,0.26666666666666666,270.9799999999999,11.999967765808105,0.0,0.13333333333333333,0.26666666666666666,0.0,0.0,-1.54,1
12.0,1622.9082999999998,0,0,0,0,0,0,0,0,0.16666666666666669,288.4916666666666,11.999967765808105,0.0,0.16666666666666669,0.16666666666666669,0.0,0.0,-2.0166666666666666,1
15.0,2005.4092,0,0,0,0,0,0,0,0,0.13333333333333333,270.9799999999999,11.999967765808105,0.06666666666666667,0.13333333333333333,0.26666666666666666,0.0,0.0,-1.36,1
17.0,2230.6967,0,0,0,0,0,0,0,0,0.11764705882352942,233.5882352941176,11.999967765808105,0.11764705882352942,0.17647058823529413,0.23529411764705885,0.0,0.0,-1.523529411764706,1
16.0,2226.6882,0,0,0,0,0,0,0,0,0.125,288.66874999999993,11.999967765808105,0.125,0.125,0.25,0.0,0.0,-2.03125,1
32.0,3587.1475,0,0,0,0,0,0,0,0,0.09375,12.450000000000001,4.251693153381347,0.40625,0.25,0.40625,0.0,0.0,0.4375,0
31.0,2984.3448000000003,0,0,0,0,0,0,0,0,0.06451612903225806,84.02258064516128,9.196044349670409,0.3548387096774194,0.4193548387096774,0.16129032258064516,1490.0,1490.0,-0.2903225806451613,0
13.0,1410.6145999999999,0,0,0,0,0,0,0,0,0.07692307692307693,27.90000000000001,4.0500284194946286,0.38461538461538464,0.23076923076923078,0.3076923076923077,0.0,0.0,0.061538461538461514,0
30.0,3322.8491000000004,0,0,0,0,0,0,0,0,0.06666666666666667,14.016666666666667,5.999435234069824,0.23333333333333334,0.23333333333333334,0.5333333333333333,1490.0,1490.0,0.7933333333333333,1
12.0,1572.9769999999999,0,0,0,0,0,0,0,0,0.16666666666666669,25.391666666666662,10.289686012268067,0.4166666666666667,0.08333333333333334,0.5833333333333334,5500.0,5500.0,0.27499999999999997,1
12.0,1430.7384,0,0,0,0,0,0,0,0,0.16666666666666669,28.900000000000002,11.16626262664795,0.33333333333333337,0.08333333333333334,0.4166666666666667,0.0,0.0,0.5333333333333333,1
5.0,564.6311,0,0,0,0,0,0,0,0,0.2,95.88,5.525000190734862,0.2,0.2,0.4,0.0,0.0,0.96,0
6.0,707.8842,0,0,0,0,0,0,0,0,0.16666666666666669,8.333333333333334,8.249712944030762,0.0,0.16666666666666669,0.5,0.0,0.0,1.5666666666666667,1
16.0,2112.4747,1,0,0,0,0,1,0,0,0.0625,156.9,11.999967765808105,0.125,0.125,0.1875,0.0,0.0,-2.26875,1
16.0,1894.2708000000002,0,0,0,0,0,0,0,0,0.125,54.9375,11.744350624084472,0.3125,0.1875,0.375,1490.0,1490.0,-0.7125,0
18.0,2125.5429,0,0,0,0,0,0,0,0,0.1111111111111111,56.45555555555556,11.07529773712158,0.2777777777777778,0.16666666666666666,0.3333333333333333,1490.0,1490.0,-0.6888888888888889,0
20.0,2376.7848,0,0,0,0,0,0,0,0,0.1,51.81,11.07529773712158,0.25,0.2,0.30000000000000004,1490.0,1490.0,-0.9550000000000001,0
23.0,2813.3167,0,0,0,0,0,0,0,0,0.08695652173913043,124.56521739130434,11.999967765808105,0.21739130434782608,0.21739130434782608,0.2608695652173913,1490.0,1490.0,-1.5260869565217392,1
12.0,1753.1509999999998,0,0,0,0,0,0,0,0,0.25,92.10833333333333,11.735067176818848,0.33333333333333337,0.0,0.25,11000.0,11000.0,-1.9416666666666667,1
25.0,3100.5013,0,0,0,0,0,0,0,0,0.16,110.168,11.999967765808105,0.24,0.27999999999999997,0.16,0.0,0.0,-2.024,1
15.0,1917.3041000000003,0,0,0,0,0,0,0,0,0.13333333333333333,-3.8,10.565030479431151,0.26666666666666666,0.06666666666666667,0.4666666666666667,1490.0,1490.0,-0.8933333333333332,1
7.0,1000.2392999999998,0,0,0,0,0,0,0,0,0.42857142857142855,-12.899999999999999,11.263867759704592,0.42857142857142855,0.0,0.42857142857142855,0.0,0.0,-1.1142857142857143,0
15.0,1994.4692,0,0,0,0,0,0,0,0,0.26666666666666666,-6.2266666666666675,10.699318122863769,0.6000000000000001,0.13333333333333333,0.4666666666666667,11000.0,11000.0,-0.8333333333333334,1
24.0,2926.5056,0,0,0,0,0,0,0,0,0.16666666666666669,-13.895833333333334,9.927115821838381,0.4166666666666667,0.2916666666666667,0.2916666666666667,11000.0,11125.0,-1.0541666666666667,1
6.0,804.9132999999999,0,0,0,0,0,0,0,0,0.16666666666666669,133.08333333333334,6.748743629455567,0.5,0.16666666666666669,0.16666666666666669,0.0,0.0,-1.5666666666666667,0
19.0,2121.3502,0,0,0,0,0,0,0,0,0.15789473684210525,5.778947368421052,5.3206071853637695,0.3157894736842105,0.2631578947368421,0.3684210526315789,0.0,0.0,-0.04210526315789479,0
7.0,934.0073999999998,0,0,0,0,0,0,0,0,0.14285714285714288,130.92857142857147,8.750052070617677,0.14285714285714288,0.0,0.14285714285714288,0.0,0.0,-2.6571428571428575,1
5.0,561.7132,0,0,0,0,0,0,0,0,0.2,8.0,5.525000190734862,0.6000000000000001,0.0,0.8,0.0,0.0,3.28,0
15.0,1901.3823000000002,0,0,0,0,0,0,0,0,0.26666666666666666,9.726666666666667,10.301548194885253,0.6000000000000001,0.06666666666666667,0.5333333333333333,1490.0,1490.0,-0.0733333333333334,1
21.0,2200.6191,0,0,0,0,0,0,0,0,0.09523809523809523,-1.6904761904761907,5.835682106018066,0.33333333333333337,0.23809523809523808,0.5238095238095238,1490.0,1490.0,1.0380952380952382,0
23.0,2651.4323999999997,0,0,0,0,0,0,0,0,0.08695652173913043,-1.5086956521739132,9.850656318664551,0.3913043478260869,0.043478260869565216,0.5652173913043478,0.0,125.0,1.6521739130434783,1
28.0,3169.6574,0,0,0,0,0,0,0,0,0.07142857142857144,33.94642857142858,8.757272529602051,0.28571428571428575,0.2142857142857143,0.4642857142857143,1490.0,1490.0,0.34285714285714286,1
30.0,3541.1224999999995,0,0,0,0,0,0,0,0,0.1,25.03,5.007708549499512,0.5,0.2,0.3666666666666667,0.0,0.0,-0.11666666666666671,0
30.0,3672.179,0,0,0,0,0,0,0,0,0.23333333333333334,61.863333333333316,11.00038547515869,0.16666666666666666,0.33333333333333337,0.3666666666666667,16500.0,16500.0,-0.4033333333333334,0
16.0,1926.2576,0,0,0,0,0,0,0,0,0.25,21.868750000000002,6.077702522277831,0.25,0.125,0.5,4470.0,4470.0,0.43125,0
5.0,561.5874,0,0,0,0,0,0,0,0,0.2,-14.74,5.525000190734862,0.0,0.6000000000000001,0.2,0.0,0.0,-1.24,0
10.0,1421.7151,0,0,0,0,0,0,0,0,0.2,66.28,11.999967765808105,0.4,0.1,0.2,5500.0,5500.0,-2.3899999999999997,1
12.0,1452.522,0,0,0,0,0,0,0,0,0.25,58.599999999999994,4.353093910217285,0.16666666666666669,0.33333333333333337,0.33333333333333337,2980.0,2980.0,-0.9583333333333334,1
16.0,1986.3064,0,0,0,0,0,0,0,0,0.125,25.837500000000002,11.999967765808105,0.125,0.3125,0.25,5500.0,5500.0,-1.25625,0
6.0,918.0611,0,0,0,0,0,0,0,0,0.16666666666666669,326.8333333333333,11.999967765808105,0.0,0.0,0.16666666666666669,0.0,0.0,-3.1166666666666667,1
37.0,4327.2294999999995,0,0,0,0,0,0,0,0,0.08108108108108107,44.127027027027026,11.999967765808105,0.21621621621621623,0.16216216216216214,0.43243243243243246,5500.0,5500.0,0.2378378378378378,1
19.0,2417.5817,0,0,0,0,0,0,0,0,0.15789473684210528,51.10526315789474,4.512868309020996,0.31578947368421056,0.15789473684210528,0.31578947368421056,1490.0,1490.0,-1.4421052631578946,0
25.0,2798.1742999999997,0,0,0,0,0,0,0,0,0.12,20.136,5.945892906188964,0.2,0.36,0.4,1490.0,1615.0,0.027999999999999966,0
22.0,2476.6965,0,0,0,0,0,0,0,0,0.22727272727272727,49.3909090909091,5.968742179870605,0.13636363636363635,0.40909090909090906,0.40909090909090906,6990.0,6990.0,0.013636363636363587,0
36.0,4208.8338,0,0,0,0,0,0,0,0,0.08333333333333333,52.74166666666668,8.430288887023927,0.33333333333333337,0.19444444444444445,0.4166666666666667,6990.0,6990.0,-0.3055555555555556,0
24.0,2759.1978,0,0,0,0,0,0,0,0,0.125,55.91666666666668,4.251693153381347,0.4166666666666667,0.25,0.5,0.0,0.0,0.3374999999999999,0
19.0,2127.5649,0,0,0,0,0,0,0,0,0.2631578947368421,36.242105263157896,5.5114156723022445,0.2631578947368421,0.10526315789473685,0.6842105263157895,0.0,125.0,1.9947368421052631,0
12.0,1604.8429999999998,0,0,0,0,0,0,0,0,0.4166666666666667,37.458333333333336,6.000685691833495,0.33333333333333337,0.16666666666666669,0.6666666666666667,6990.0,6990.0,0.049999999999999926,1
8.0,962.1234999999999,0,0,0,0,0,0,0,0,0.125,-1.8625000000000003,6.748743629455567,0.5,0.0,0.375,0.0,0.0,-0.07500000000000001,0
8.0,948.0705,0,0,0,0,0,0,0,0,0.125,70.3625,4.531397819519043,0.5,0.25,0.375,0.0,0.0,-0.3125,0
31.0,3434.8070000000002,0,0,0,0,0,0,0,0,0.0967741935483871,59.65483870967741,4.870669746398924,0.22580645161290322,0.3225806451612903,0.4193548387096774,0.0,0.0,-0.29677419354838713,0
22.0,2685.045,0,0,0,0,0,0,0,0,0.09090909090909091,50.52727272727273,9.69677028656006,0.3181818181818182,0.18181818181818182,0.3181818181818182,0.0,0.0,-1.1727272727272728,0
22.0,2652.2882,0,0,0,0,0,0,0,0,0.045454545454545456,64.55454545454546,11.999967765808105,0.18181818181818182,0.13636363636363635,0.4090909090909091,0.0,0.0,0.09545454545454546,1
33.0,4115.6377,0,0,0,0,0,0,0,0,0.15151515151515152,50.21848484848486,9.854266548156737,0.33333333333333337,0.2727272727272727,0.2727272727272727,8480.0,8480.0,-1.3424242424242425,0
6.0,863.0550999999999,0,0,0,0,0,0,0,0,0.6666666666666667,-41.766666666666666,10.002737236022949,0.33333333333333337,0.0,0.6666666666666667,0.0,0.0,0.5666666666666665,1
13.0,1687.9569999999999,0,0,0,0,0,0,0,0,0.07692307692307693,168.24615384615385,11.999967765808105,0.23076923076923078,0.15384615384615385,0.07692307692307693,1490.0,1490.0,-2.9692307692307693,1
25.0,2767.2003,0,0,0,0,0,0,0,0,0.04,50.37200000000001,11.999967765808105,0.36,0.24,0.28,5500.0,5500.0,-0.664,1
14.0,1448.7058,0,0,0,0,0,0,0,0,0.07142857142857144,77.96428571428572,6.07281436920166,0.14285714285714288,0.4285714285714286,0.28571428571428575,0.0,125.0,0.32142857142857145,1
9.0,856.9665,0,0,0,0,0,0,0,0,0.0,-0.5444444444444447,6.0021066665649405,0.5555555555555556,0.1111111111111111,0.2222222222222222,0.0,0.0,0.8333333333333334,0
5.0,431.44079999999997,0,0,0,0,0,0,0,0,0.0,-25.96,4.299381065368652,0.2,0.6000000000000001,0.2,0.0,0.0,0.4,0
11.0,1117.2978,0,0,0,0,0,0,0,0,0.09090909090909091,-1.9818181818181815,8.750052070617677,0.45454545454545453,0.36363636363636365,0.36363636363636365,0.0,0.0,0.3545454545454545,0
12.0,1354.6226,0,0,0,0,0,0,0,0,0.08333333333333334,22.183333333333334,10.302128410339353,0.5,0.16666666666666669,0.25,0.0,0.0,-0.775,0
27.0,2973.6247999999996,0,0,0,0,0,0,0,0,0.1111111111111111,62.81111111111111,11.999967765808105,0.5555555555555556,0.18518518518518517,0.37037037037037035,5500.0,5500.0,0.5333333333333333,1
27.0,2862.4003,0,0,0,0,0,0,0,0,0.1111111111111111,30.525925925925925,11.999967765808105,0.4444444444444444,0.2962962962962963,0.25925925925925924,5500.0,5500.0,-0.14444444444444446,1
27.0,2821.3052999999995,0,0,0,0,0,0,0,0,0.1111111111111111,30.525925925925925,11.999967765808105,0.4074074074074074,0.33333333333333337,0.25925925925925924,5500.0,5500.0,-0.029629629629629655,1
27.0,2807.3185,0,0,0,0,0,0,0,0,0.1111111111111111,23.392592592592592,11.33375148773193,0.4444444444444444,0.2962962962962963,0.2962962962962963,5500.0,5500.0,-0.0037037037037037234,1
27.0,2766.2234999999996,0,0,0,0,0,0,0,0,0.1111111111111111,23.392592592592592,11.263867759704592,0.4074074074074074,0.33333333333333337,0.2962962962962963,5500.0,5500.0,0.11111111111111108,0
28.0,2869.3664,0,0,0,0,0,0,0,0,0.10714285714285715,22.914285714285715,10.318696784973142,0.39285714285714285,0.32142857142857145,0.28571428571428575,5500.0,5500.0,0.1964285714285714,1
24.0,2444.9382,0,0,0,0,0,0,0,0,0.08333333333333334,27.325,11.33375148773193,0.5,0.29166666666666663,0.2916666666666667,5500.0,5500.0,0.05833333333333332,1
17.0,1990.3070000000002,0,0,0,0,0,0,0,0,0.05882352941176471,43.858823529411765,9.524446296691895,0.5882352941176471,0.17647058823529413,0.29411764705882354,1490.0,1490.0,-0.8352941176470589,0
29.0,2951.3413,0,0,0,0,0,0,0,0,0.0,12.562068965517245,6.916020774841309,0.3448275862068966,0.27586206896551724,0.3103448275862069,0.0,0.0,0.21379310344827585,0
9.0,895.9827,0,0,0,0,0,0,0,0,0.0,-0.5444444444444447,6.907779121398925,0.3333333333333333,0.2222222222222222,0.2222222222222222,0.0,0.0,0.17777777777777773,0
22.0,2901.2183,0,0,0,0,0,0,0,0,0.045454545454545456,213.06818181818178,11.999967765808105,0.2272727272727273,0.18181818181818182,0.13636363636363635,1490.0,1490.0,-2.5636363636363635,1
16.0,1891.1759000000002,0,0,0,0,0,0,0,0,0.0625,154.0,11.999967765808105,0.125,0.3125,0.0625,1490.0,1490.0,-2.44375,1
27.0,3042.3786999999998,0,0,0,0,0,0,0,0,0.18518518518518517,24.625925925925927,4.782853507995605,0.2962962962962963,0.2962962962962963,0.37037037037037035,1490.0,1490.0,0.06666666666666662,0
18.0,2221.6584,0,0,0,0,0,0,0,0,0.1111111111111111,40.777777777777786,9.930983924865721,0.1111111111111111,0.1111111111111111,0.2777777777777778,2980.0,3230.0,-0.8888888888888888,1
10.0,1066.2744,0,0,0,0,0,0,0,0,0.0,11.280000000000003,6.7344770431518555,0.5,0.30000000000000004,0.3,0.0,0.0,0.30999999999999994,1
33.0,3864.5982999999997,0,0,0,0,0,0,0,0,0.0,77.44545454545454,9.455916404724121,0.36363636363636365,0.24242424242424243,0.15151515151515152,0.0,375.0,-1.2878787878787878,1
19.0,2109.2885,0,0,0,0,0,0,0,0,0.10526315789473685,65.25789473684212,10.694418525695799,0.052631578947368425,0.4210526315789474,0.2105263157894737,1490.0,1490.0,-1.5210526315789472,0
31.0,3589.8714,0,0,0,0,0,0,0,0,0.22580645161290322,37.148387096774194,4.316716957092285,0.22580645161290322,0.4193548387096774,0.3870967741935484,1490.0,1490.0,-0.27096774193548395,0
10.0,990.0228999999999,0,0,0,0,0,0,0,0,0.0,-7.98,4.1373899459838865,0.5,0.30000000000000004,0.2,0.0,0.0,-0.78,0
33.0,3762.1265000000003,0,0,0,0,0,0,0,0,0.09090909090909091,19.093939393939394,4.824175453186036,0.2727272727272727,0.33333333333333337,0.36363636363636365,8480.0,8480.0,-0.7090909090909091,0
28.0,3434.7742,0,0,0,0,0,0,0,0,0.03571428571428572,37.392857142857146,6.929832649230956,0.32142857142857145,0.28571428571428575,0.25,1490.0,1490.0,-1.7892857142857144,0
27.0,2846.0184999999997,0,0,0,0,0,0,0,0,0.1111111111111111,29.70370370370371,4.0500284194946286,0.2592592592592593,0.37037037037037035,0.4074074074074074,1490.0,1490.0,0.09629629629629628,0
16.0,1919.2192,0,0,0,0,0,0,0,0,0.0625,191.68750000000003,10.940172004699708,0.3125,0.1875,0.1875,1490.0,1490.0,-1.81875,1
15.0,1714.8199,0,0,0,0,0,0,0,0,0.13333333333333333,64.56,4.0500284194946286,0.6,0.26666666666666666,0.4,1490.0,1490.0,-0.06666666666666672,0
6.0,584.6623,0,0,0,0,0,0,0,0,0.0,59.966666666666676,4.0500284194946286,0.5,0.33333333333333337,0.33333333333333337,0.0,0.0,0.7166666666666667,0
22.0,2457.9487,0,0,0,0,0,0,0,0,0.045454545454545456,15.909090909090912,9.701025199890136,0.45454545454545453,0.18181818181818182,0.36363636363636365,1490.0,1490.0,-0.12272727272727274,1
21.0,2477.8303,0,0,0,0,0,0,0,0,0.14285714285714285,41.68571428571428,10.718336296081542,0.09523809523809523,0.2380952380952381,0.3333333333333333,6990.0,7115.0,-0.30952380952380953,1
23.0,2729.0721999999996,1,0,0,0,0,1,0,0,0.13043478260869565,38.9304347826087,10.718336296081542,0.08695652173913043,0.2608695652173913,0.30434782608695654,6990.0,7115.0,-0.5739130434782609,1
30.0,3480.1186,0,0,0,0,0,0,0,0,0.16666666666666666,53.51666666666666,11.553846549987792,0.23333333333333334,0.23333333333333334,0.3666666666666667,1490.0,1490.0,0.0733333333333333,0
30.0,3215.6265000000003,0,0,0,0,0,0,0,0,0.06666666666666667,31.420000000000005,4.0500284194946286,0.23333333333333334,0.4,0.3666666666666667,0.0,0.0,0.12666666666666662,0
26.0,3037.229,0,0,0,0,0,0,0,0,0.0,262.33461538461535,6.446132850646971,0.42307692307692313,0.2692307692307692,0.07692307692307693,0.0,0.0,-2.253846153846154,1
35.0,3489.2259999999997,0,0,0,0,0,0,0,0,0.0,14.339999999999998,11.999967765808105,0.8,0.08571428571428572,0.0,0.0,0.0,-1.0628571428571427,1
25.0,2968.4494,1,0,0,0,0,1,0,0,0.12,58.10400000000001,11.999967765808105,0.24000000000000002,0.32,0.2,11000.0,11000.0,-1.6280000000000001,1
13.0,1624.8560999999997,0,0,0,0,0,0,0,0,0.23076923076923075,169.8923076923077,11.999967765808105,0.0,0.3076923076923077,0.23076923076923075,0.0,0.0,-1.5538461538461539,1
13.0,1663.8921999999998,0,0,0,0,0,0,0,0,0.23076923076923078,213.95384615384614,11.999967765808105,0.0,0.3076923076923077,0.23076923076923078,5500.0,5500.0,-1.8384615384615386,1
13.0,1663.8921999999998,0,0,0,0,0,0,0,0,0.23076923076923078,169.8923076923077,11.999967765808105,0.0,0.3076923076923077,0.23076923076923078,5500.0,5500.0,-1.8384615384615386,1
13.0,1702.9282999999998,0,0,0,0,0,0,0,0,0.23076923076923078,213.95384615384614,11.999967765808105,0.0,0.3076923076923077,0.23076923076923078,11000.0,11000.0,-2.123076923076923,1
12.0,1495.7060999999999,0,0,0,0,0,0,0,0,0.0,374.1499999999999,11.999967765808105,0.0,0.33333333333333337,0.0,0.0,0.0,-3.1333333333333333,1
13.0,1663.8921999999998,0,0,0,0,0,0,0,0,0.23076923076923078,213.95384615384614,11.999967765808105,0.0,0.3076923076923077,0.23076923076923078,5500.0,5500.0,-1.8384615384615386,1
13.0,1702.9282999999998,0,0,0,0,0,0,0,0,0.23076923076923078,258.0153846153846,11.999967765808105,0.0,0.3076923076923077,0.23076923076923078,11000.0,11000.0,-2.123076923076923,1
13.0,1702.9282999999998,0,0,0,0,0,0,0,0,0.23076923076923078,213.95384615384614,11.999967765808105,0.0,0.3076923076923077,0.23076923076923078,11000.0,11000.0,-2.123076923076923,1
13.0,1741.9643999999998,0,0,0,0,0,0,0,0,0.23076923076923075,258.0153846153846,11.999967765808105,0.0,0.3076923076923077,0.23076923076923075,16500.0,16500.0,-2.4076923076923076,1
33.0,3741.1021,0,0,0,0,0,0,0,0,0.18181818181818182,34.369696969696975,5.054089164733886,0.24242424242424243,0.33333333333333337,0.3939393939393939,4470.0,4470.0,-0.3,0
27.0,3262.9581,0,0,0,0,0,0,0,0,0.07407407407407407,55.0962962962963,10.768170356750488,0.4444444444444445,0.1111111111111111,0.3333333333333333,1490.0,1490.0,-0.9407407407407407,1
11.0,1179.2829,0,0,0,0,0,0,0,0,0.09090909090909091,6.6000000000000005,8.747602272033692,0.18181818181818182,0.2727272727272727,0.4545454545454546,1490.0,1490.0,-0.4727272727272727,0
23.0,2656.1791,0,0,0,0,0,0,0,0,0.13043478260869565,68.33478260869566,11.733971214294431,0.30434782608695654,0.2608695652173913,0.34782608695652173,1490.0,1490.0,-0.40869565217391307,0
18.0,2360.83,0,0,0,0,0,0,0,0,0.16666666666666666,49.38888888888889,11.999967765808105,0.2777777777777778,0.16666666666666666,0.2777777777777778,11000.0,11000.0,-1.5833333333333333,1
4.0,444.48929999999996,0,0,0,0,0,0,0,0,0.0,181.55,11.999967765808105,0.0,0.5,0.0,0.0,0.0,-2.45,1
11.0,1452.6814,0,0,0,0,0,0,0,0,0.0,332.7454545454545,11.999967765808105,0.09090909090909091,0.18181818181818182,0.0,0.0,0.0,-3.1818181818181817,1
6.0,756.8607,0,0,0,0,0,0,0,0,0.0,315.3,11.999967765808105,0.0,0.33333333333333337,0.0,0.0,0.0,-3.1333333333333333,1
34.0,3419.8934,0,0,0,0,0,0,0,0,0.029411764705882356,54.5235294117647,8.33371524810791,0.14705882352941177,0.4705882352941177,0.14705882352941177,1490.0,1865.0,-0.27647058823529413,1
34.0,3362.799,0,0,0,0,0,0,0,0,0.029411764705882356,61.782352941176455,7.773948478698731,0.14705882352941177,0.4705882352941177,0.14705882352941177,1490.0,1865.0,-0.10882352941176471,1
34.0,3419.8934,0,0,0,0,0,0,0,0,0.029411764705882356,48.85882352941175,8.33371524810791,0.14705882352941177,0.4705882352941177,0.14705882352941177,1490.0,1865.0,-0.27647058823529413,1
34.0,3419.8934,0,0,0,0,0,0,0,0,0.029411764705882356,59.28529411764704,8.33371524810791,0.14705882352941177,0.4705882352941177,0.14705882352941177,1490.0,1865.0,-0.27647058823529413,1
34.0,3500.0245,0,0,0,0,0,0,0,0,0.029411764705882356,52.48823529411764,8.674624061584474,0.14705882352941177,0.4705882352941177,0.14705882352941177,5500.0,5875.0,-0.43235294117647055,1
34.0,3476.9878,0,0,0,0,0,0,0,0,0.029411764705882356,46.361764705882344,8.661859321594239,0.14705882352941177,0.4705882352941177,0.14705882352941177,1490.0,1865.0,-0.4441176470588235,1
34.0,3556.0513,0,0,0,0,0,0,0,0,0.029411764705882356,77.4970588235294,8.701829719543458,0.08823529411764706,0.4705882352941177,0.14705882352941177,5500.0,5875.0,-0.4676470588235294,1
34.0,3533.0146000000004,0,0,0,0,0,0,0,0,0.029411764705882356,71.37058823529411,8.687775611877441,0.08823529411764706,0.4705882352941177,0.14705882352941177,1490.0,1865.0,-0.47941176470588237,1
34.0,3574.1129,0,0,0,0,0,0,0,0,0.029411764705882356,77.03529411764706,9.214869117736818,0.08823529411764706,0.44117647058823534,0.14705882352941177,1490.0,1865.0,-0.5088235294117647,1
34.0,3574.1129,0,0,0,0,0,0,0,0,0.029411764705882356,71.64999999999999,9.214869117736818,0.08823529411764706,0.44117647058823534,0.14705882352941177,1490.0,1865.0,-0.5088235294117647,1
33.0,3450.8012,0,0,0,0,0,0,0,0,0.030303030303030304,19.500000000000007,11.013021278381348,0.15151515151515152,0.3939393939393939,0.24242424242424243,0.0,0.0,-0.8090909090909091,0
32.0,3568.0173999999997,0,0,0,0,0,0,0,0,0.03125,80.446875,11.878380393981931,0.28125,0.3125,0.28125,0.0,0.0,-0.865625,0
12.0,1121.1970999999999,0,0,0,0,0,0,0,0,0.08333333333333334,29.03333333333333,4.0851549148559565,0.25,0.41666666666666674,0.33333333333333337,1490.0,1490.0,0.5750000000000001,0
32.0,3589.0161,0,0,0,0,0,0,0,0,0.125,42.69718749999999,4.316716957092285,0.15625,0.34375,0.40625,2980.0,2980.0,-0.31875000000000003,0
24.0,2718.8392999999996,0,0,0,0,0,0,0,0,0.08333333333333334,47.775000000000006,4.370316123962403,0.08333333333333334,0.5416666666666667,0.2916666666666667,0.0,0.0,-0.9541666666666667,0
34.0,3498.4805,0,0,0,0,0,0,0,0,0.0,99.48529411764704,9.466747093200684,0.2058823529411765,0.4411764705882353,0.05882352941176471,0.0,0.0,-1.5,0
14.0,1522.7312,0,0,0,0,0,0,0,0,0.0,5.52857142857143,11.000901222229004,0.14285714285714288,0.3571428571428572,0.28571428571428575,0.0,0.0,-0.4714285714285714,0
13.0,1283.4306,0,0,0,0,0,0,0,0,0.0,5.953846153846156,8.750052070617677,0.23076923076923078,0.46153846153846156,0.3076923076923077,0.0,0.0,-0.5384615384615384,1
25.0,2719.3179,0,0,0,0,0,0,0,0,0.04,38.416000000000004,11.999967765808105,0.36,0.2,0.48,5500.0,5500.0,0.424,1
26.0,2847.4471,0,0,0,0,0,0,0,0,0.038461538461538464,44.73076923076924,11.999967765808105,0.34615384615384615,0.1923076923076923,0.46153846153846156,5500.0,5500.0,0.27307692307692305,1
23.0,2521.0141,0,0,0,0,0,0,0,0,0.13043478260869565,-10.96086956521739,10.0378080368042,0.34782608695652173,0.2608695652173913,0.30434782608695654,5500.0,5500.0,0.06521739130434781,1
23.0,2505.9332999999997,0,0,0,0,0,0,0,0,0.13043478260869565,5.260869565217392,10.00138339996338,0.3913043478260869,0.30434782608695654,0.30434782608695654,5500.0,5500.0,-0.0782608695652174,1
13.0,1460.7627,0,0,0,0,0,0,0,0,0.0,74.6692307692308,9.750021171569824,0.23076923076923075,0.3076923076923077,0.46153846153846156,0.0,0.0,0.46153846153846145,1
12.0,1240.4025,0,0,0,0,0,0,0,0,0.0,38.26666666666667,4.25265941619873,0.4166666666666667,0.25,0.33333333333333337,0.0,0.0,0.20000000000000004,0
14.0,1427.7081999999998,0,0,0,0,0,0,0,0,0.0,-19.67857142857143,8.197622489929199,0.14285714285714288,0.4285714285714286,0.35714285714285715,0.0,0.0,0.24285714285714288,0
17.0,2012.2758,0,0,0,0,0,0,0,0,0.23529411764705885,-5.335294117647057,11.097216987609862,0.17647058823529413,0.23529411764705885,0.411764705882353,6990.0,6990.0,-0.8058823529411765,0
16.0,2119.277,0,0,0,0,0,0,0,0,0.0,41.8875,11.705282783508299,0.1875,0.1875,0.0,0.0,0.0,-3.4375,1
16.0,1665.1156,0,0,0,0,0,0,0,0,0.0,0.18750000000000044,10.477740287780762,0.75,0.125,0.375,0.0,0.0,0.74375,1
49.0,5160.6673,0,0,0,0,0,0,0,0,0.10204081632653061,18.671428571428574,6.925399208068847,0.20408163265306123,0.40816326530612246,0.3673469387755102,8480.0,8480.0,-0.30000000000000004,0
10.0,1228.6173000000001,0,0,0,0,0,0,0,0,0.0,0.5099999999999998,10.903296089172361,0.9,0.1,0.0,0.0,0.0,-3.55,1
13.0,1640.0285,0,0,0,0,0,0,0,0,0.07692307692307693,12.86923076923077,10.845339012145995,0.6153846153846154,0.15384615384615385,0.07692307692307693,5500.0,5500.0,-3.161538461538462,0
11.0,1398.7434,0,0,0,0,0,0,0,0,0.0,52.92727272727273,11.263738822937015,0.7272727272727273,0.09090909090909091,0.09090909090909091,0.0,0.0,-2.9545454545454546,1
17.0,2029.3548999999998,0,0,0,0,0,0,0,0,0.0,86.28235294117646,11.999967765808105,0.4705882352941177,0.29411764705882354,0.05882352941176471,0.0,0.0,-2.4529411764705884,1
20.0,2108.4809999999998,0,0,0,0,0,0,0,0,0.0,33.94,9.703023719787598,0.5,0.25,0.35,0.0,0.0,-0.14000000000000004,0
17.0,1876.2905,0,0,0,0,0,0,0,0,0.05882352941176471,-9.417647058823528,10.699318122863769,0.5882352941176471,0.17647058823529413,0.35294117647058826,0.0,0.0,-0.6470588235294118,1
12.0,1438.8019,0,0,0,0,0,0,0,0,0.08333333333333334,-27.775,10.477740287780762,0.5,0.08333333333333334,0.41666666666666674,0.0,0.0,-0.3,0
15.0,1696.8177999999998,0,0,0,0,0,0,0,0,0.06666666666666667,10.34,6.751130867004395,0.2,0.4666666666666667,0.2,0.0,0.0,-1.5266666666666666,0
7.0,821.0169,0,0,0,0,0,0,0,0,0.28571428571428575,13.185714285714287,8.750052070617677,0.28571428571428575,0.28571428571428575,0.5714285714285715,0.0,0.0,1.1428571428571428,1
14.0,1470.6317999999999,0,0,0,0,0,0,0,0,0.07142857142857144,-29.735714285714288,11.000836753845213,0.14285714285714288,0.4285714285714286,0.3571428571428572,0.0,0.0,-0.6642857142857144,0
18.0,2097.3924,0,0,0,0,0,0,0,0,0.0,97.89444444444443,11.999967765808105,0.4444444444444444,0.16666666666666666,0.1111111111111111,0.0,0.0,-1.8166666666666669,1
15.0,1724.1068999999998,0,0,0,0,0,0,0,0,0.0,24.5,11.301130485534667,0.5333333333333333,0.33333333333333337,0.06666666666666667,0.0,0.0,-2.5866666666666664,1
17.0,2008.4682000000003,0,0,0,0,0,0,0,0,0.0,66.86470588235295,11.999967765808105,0.4705882352941177,0.29411764705882354,0.05882352941176471,0.0,0.0,-2.652941176470588,1
15.0,1814.0671000000002,0,0,0,0,0,0,0,0,0.06666666666666667,152.32666666666665,11.999967765808105,0.33333333333333337,0.13333333333333333,0.13333333333333333,1490.0,1490.0,-2.086666666666667,1
18.0,2293.6816,0,0,0,0,0,0,0,0,0.0,134.98888888888888,11.999967765808105,0.3888888888888889,0.1111111111111111,0.16666666666666666,0.0,0.0,-2.1555555555555554,1
34.0,3902.4852,0,0,0,0,0,0,0,0,0.11764705882352942,46.04117647058823,5.066195869445799,0.5294117647058824,0.14705882352941177,0.5,8480.0,8480.0,0.10882352941176468,0
21.0,2409.8079,0,0,0,0,0,0,0,0,0.09523809523809523,24.871428571428574,10.045608711242675,0.19047619047619047,0.3333333333333333,0.38095238095238093,1490.0,1490.0,0.052380952380952354,0
22.0,2499.9061,0,0,0,0,0,0,0,0,0.045454545454545456,45.231818181818184,10.565030479431151,0.2272727272727273,0.3181818181818182,0.4090909090909091,1490.0,1490.0,-1.1363636363636365,0
27.0,2807.3185,0,0,0,0,0,0,0,0,0.1111111111111111,26.53703703703704,11.33375148773193,0.4444444444444444,0.2962962962962963,0.2962962962962963,5500.0,5500.0,-0.0037037037037037234,1
27.0,2766.2234999999996,0,0,0,0,0,0,0,0,0.1111111111111111,26.53703703703704,11.263867759704592,0.4074074074074074,0.33333333333333337,0.2962962962962963,5500.0,5500.0,0.11111111111111108,1
15.0,1443.7075,0,0,0,0,0,0,0,0,0.0,0.8333333333333357,5.518122673034666,0.4,0.2,0.5333333333333333,0.0,0.0,1.34,0
8.0,903.1011000000001,0,0,0,0,0,0,0,0,0.0,-1.8625000000000003,8.74786014556885,0.625,0.25,0.25,0.0,0.0,-0.4,0
27.0,2890.1402,0,0,0,0,0,0,0,0,0.18518518518518517,53.17407407407407,4.0500284194946286,0.2962962962962963,0.40740740740740744,0.3333333333333333,12490.0,12490.0,-0.18518518518518523,1
20.0,2301.6718,0,0,0,0,0,0,0,0,0.1,30.97,4.0500284194946286,0.8,0.1,0.55,5500.0,5500.0,1.05,1
46.0,4706.3619,0,0,0,0,0,0,0,0,0.06521739130434782,21.96739130434782,6.766136360168457,0.30434782608695654,0.34782608695652173,0.3695652173913043,1490.0,1490.0,0.26304347826086955,0
20.0,2341.7983,0,0,0,0,0,0,0,0,0.1,33.18,7.156904411315918,0.55,0.1,0.55,5500.0,5500.0,1.1249999999999998,1
20.0,2296.9633,0,0,0,0,0,0,0,0,0.1,-11.645000000000003,10.602486610412598,0.8,0.1,0.55,5500.0,5500.0,0.95,1
25.0,2813.5962,0,0,0,0,0,0,0,0,0.12,-13.328000000000003,10.699318122863769,0.76,0.12,0.52,5500.0,5500.0,0.9239999999999999,1
20.0,2296.9633,0,0,0,0,0,0,0,0,0.1,-7.4,10.602486610412598,0.8,0.1,0.55,5500.0,5500.0,0.95,1
13.0,1613.8582,0,0,0,0,0,0,0,0,0.23076923076923078,95.0846153846154,9.750021171569824,0.23076923076923075,0.38461538461538464,0.46153846153846156,11000.0,11000.0,-0.2692307692307693,1
20.0,2437.0303,0,0,0,0,0,0,0,0,0.1,72.2,11.999967765808105,0.55,0.1,0.55,5500.0,5500.0,0.7999999999999999,1
34.0,3769.1175000000003,0,0,0,0,0,0,0,0,0.029411764705882356,59.83235294117647,4.750568962097168,0.23529411764705885,0.411764705882353,0.29411764705882354,0.0,0.0,-0.6294117647058824,0
22.0,2392.9716,0,0,0,0,0,0,0,0,0.0,24.56818181818182,11.50523738861084,0.5909090909090909,0.2727272727272727,0.2272727272727273,0.0,0.0,-1.018181818181818,1
12.0,1310.5831999999998,0,0,0,0,0,0,0,0,0.08333333333333334,53.35000000000001,6.0021066665649405,0.25,0.33333333333333337,0.5,0.0,0.0,0.9666666666666667,0
27.0,3222.8711999999996,0,0,0,0,0,0,0,0,0.037037037037037035,43.022222222222226,10.533956718444824,0.6666666666666667,0.1111111111111111,0.33333333333333337,0.0,0.0,-0.6777777777777778,1
21.0,2014.3267,0,0,0,0,0,0,0,0,0.0,5.48095238095238,11.000836753845213,0.4285714285714286,0.2380952380952381,0.38095238095238093,0.0,0.0,0.8,0
29.0,2943.4053999999996,0,0,0,0,0,0,0,0,0.034482758620689655,35.348275862068974,7.77819118499756,0.10344827586206896,0.3793103448275862,0.3103448275862069,5500.0,5875.0,0.04137931034482759,1
29.0,2945.3783000000003,0,0,0,0,0,0,0,0,0.034482758620689655,39.94827586206897,7.77819118499756,0.10344827586206896,0.3793103448275862,0.3103448275862069,5500.0,5875.0,-0.12758620689655173,1
29.0,2916.3369999999995,0,0,0,0,0,0,0,0,0.034482758620689655,46.5896551724138,5.962319374084472,0.06896551724137931,0.3793103448275862,0.3448275862068966,5500.0,5875.0,0.1517241379310345,1
15.0,1914.3484000000003,0,0,0,0,0,0,0,0,0.06666666666666667,50.94,11.754278755187986,0.5333333333333333,0.13333333333333333,0.26666666666666666,0.0,0.0,-1.7,1
16.0,2070.5341,0,0,0,0,0,0,0,0,0.0625,65.72500000000002,11.999967765808105,0.5,0.125,0.25,0.0,0.0,-1.875,1
32.0,4123.0529,0,0,0,0,0,0,0,0,0.0625,63.384375000000006,11.999967765808105,0.5,0.125,0.25,0.0,0.0,-1.875,1
24.0,2735.1733999999997,0,0,0,0,0,0,0,0,0.0,16.78333333333333,10.43306369781494,0.33333333333333337,0.33333333333333337,0.25,0.0,0.0,-1.175,0
27.0,2786.2018999999996,0,0,0,0,0,0,0,0,0.037037037037037035,41.38518518518519,4.1373899459838865,0.4444444444444444,0.25925925925925924,0.37037037037037035,0.0,0.0,0.4444444444444444,0
12.0,1147.2329,0,0,0,0,0,0,0,0,0.0,25.21666666666667,4.0500284194946286,0.25,0.4166666666666667,0.5,0.0,0.0,0.4666666666666666,0
20.0,2537.1081,0,0,0,0,0,0,0,0,0.15,80.18499999999999,11.999967765808105,0.5,0.1,0.45,16500.0,16500.0,-0.34,1
21.0,2738.3327,0,0,0,0,0,0,0,0,0.19047619047619047,87.03333333333332,11.999967765808105,0.47619047619047616,0.09523809523809523,0.42857142857142855,22000.0,22000.0,-0.7333333333333334,1
21.0,2723.3179999999998,0,0,0,0,0,0,0,0,0.19047619047619047,78.94761904761903,11.999967765808105,0.4761904761904762,0.09523809523809523,0.47619047619047616,22000.0,22000.0,-0.3666666666666667,1
21.0,2753.3422,0,0,0,0,0,0,0,0,0.2380952380952381,63.4238095238095,11.999967765808105,0.4761904761904762,0.09523809523809523,0.5238095238095238,27500.0,27500.0,-0.19523809523809527,1
21.0,2697.2377,0,0,0,0,0,0,0,0,0.19047619047619047,87.03333333333332,11.999967765808105,0.4285714285714286,0.14285714285714285,0.42857142857142855,22000.0,22000.0,-0.5857142857142857,1
20.0,2538.0962,0,0,0,0,0,0,0,0,0.15,84.42999999999999,11.999967765808105,0.45,0.15000000000000002,0.4,16500.0,16500.0,-0.835,1
20.0,2523.0815,0,0,0,0,0,0,0,0,0.15,75.94,11.999967765808105,0.45,0.15000000000000002,0.45,16500.0,16500.0,-0.45,1
20.0,2594.1576,0,0,0,0,0,0,0,0,0.2,88.46000000000001,11.999967765808105,0.5,0.1,0.55,22000.0,22000.0,0.17499999999999993,1
20.0,2622.171,0,0,0,0,0,0,0,0,0.2,88.46000000000001,11.999967765808105,0.44999999999999996,0.1,0.55,22000.0,22000.0,0.14499999999999993,1
27.0,3475.2349999999997,0,0,0,0,0,0,0,0,0.14814814814814814,91.31481481481481,11.999967765808105,0.4444444444444445,0.14814814814814814,0.4444444444444445,22000.0,22000.0,-0.6,1
24.0,3328.9629,0,0,0,0,0,0,0,0,0.33333333333333337,56.483333333333334,11.999967765808105,0.45833333333333337,0.08333333333333334,0.41666666666666674,44000.0,44000.0,-1.3458333333333332,1
20.0,2878.3876999999998,0,0,0,0,0,0,0,0,0.4,76.62,11.999967765808105,0.25,0.1,0.6,33000.0,33000.0,-0.32500000000000007,1
9.0,1089.2679,0,0,0,0,0,0,0,0,0.1111111111111111,0.5111111111111111,6.744537544250489,0.2222222222222222,0.2222222222222222,0.4444444444444444,0.0,0.0,0.07777777777777771,0
16.0,1791.9816999999998,0,0,0,0,0,0,0,0,0.125,49.48125,6.729873085021972,0.25,0.25,0.25,2980.0,3105.0,-0.33125,0
21.0,2404.6427,0,0,0,0,0,0,0,0,0.0,42.87619047619048,6.208545875549316,0.3333333333333333,0.2857142857142857,0.14285714285714285,0.0,0.0,-1.1571428571428573,1
23.0,2332.6312,0,0,0,0,0,0,0,0,0.0,17.747826086956522,5.076711082458496,0.08695652173913043,0.4782608695652174,0.34782608695652173,0.0,0.0,0.056521739130434755,0
16.0,1850.0427,0,0,0,0,0,0,0,0,0.0625,-12.96875,8.604353523254396,0.1875,0.25,0.375,1490.0,1490.0,-1.11875,0
13.0,1595.8376999999998,0,0,0,0,0,0,0,0,0.38461538461538464,79.79307692307694,6.740160942077638,0.07692307692307693,0.3076923076923077,0.5384615384615385,1490.0,1490.0,0.46153846153846145,1
20.0,2356.7621,0,0,0,0,0,0,0,0,0.05,109.09,11.999967765808105,0.2,0.25,0.15000000000000002,1490.0,1490.0,-1.685,1
8.0,711.8066999999999,0,0,0,0,0,0,0,0,0.0,-1.8625000000000003,5.525000190734862,0.25,0.5,0.25,0.0,0.0,0.475,1
16.0,1864.0315,0,0,0,0,0,0,0,0,0.0,153.65625,11.711342811584473,0.1875,0.375,0.125,0.0,0.0,-2.125,0
36.0,4335.7958,0,0,0,0,0,0,0,0,0.1388888888888889,52.11694444444445,9.51716136932373,0.11111111111111112,0.3333333333333333,0.3888888888888889,5960.0,5960.0,-1.0055555555555555,1
36.0,4363.8523,0,0,0,0,0,0,0,0,0.1388888888888889,64.3225,9.973210716247557,0.11111111111111112,0.3333333333333333,0.3888888888888889,5960.0,5960.0,-1.0333333333333334,1
36.0,4406.8804,0,0,0,0,0,0,0,0,0.1388888888888889,85.5836111111111,10.376073646545407,0.11111111111111112,0.3333333333333333,0.3611111111111111,5960.0,5960.0,-1.2833333333333334,1
40.0,4635.3108999999995,0,0,0,0,0,0,0,0,0.1,67.49499999999999,8.189177131652833,0.325,0.2,0.35,12490.0,12490.0,-0.35250000000000004,0
11.0,1295.5074,0,0,0,0,0,0,0,0,0.09090909090909091,96.18181818181817,8.74786014556885,0.4545454545454546,0.2727272727272727,0.2727272727272727,0.0,0.0,-0.4636363636363637,0
14.0,1489.8040999999998,0,0,0,0,0,0,0,0,0.07142857142857144,71.78571428571429,8.956479835510255,0.14285714285714288,0.35714285714285715,0.28571428571428575,0.0,125.0,0.24999999999999997,1
14.0,1533.8136,0,0,0,0,0,0,0,0,0.07142857142857144,52.642857142857146,8.058693122863769,0.07142857142857144,0.4285714285714286,0.28571428571428575,0.0,125.0,-0.1285714285714286,1
14.0,1572.8497,0,0,0,0,0,0,0,0,0.07142857142857144,55.8,8.058693122863769,0.07142857142857144,0.4285714285714286,0.28571428571428575,5500.0,5625.0,-0.39285714285714285,1
14.0,1585.9345999999998,0,0,0,0,0,0,0,0,0.07142857142857144,61.18571428571428,9.503945350646973,0.14285714285714288,0.35714285714285715,0.28571428571428575,5500.0,5625.0,-0.42142857142857143,1
14.0,1615.8778,0,0,0,0,0,0,0,0,0.07142857142857144,87.18571428571428,8.955835151672364,0.07142857142857144,0.4285714285714286,0.2142857142857143,5500.0,5625.0,-1.0357142857142858,1
24.0,2828.3831,0,0,0,0,0,0,0,0,0.0,61.145833333333336,11.999967765808105,0.33333333333333337,0.375,0.0,0.0,0.0,-3.0416666666666665,1
8.0,899.9549,0,0,0,0,0,0,0,0,0.0,139.3125,11.69902935028076,0.0,0.625,0.0,0.0,0.0,-2.525,1
24.0,2918.4611,0,0,0,0,0,0,0,0,0.0,131.17083333333332,11.999967765808105,0.33333333333333337,0.375,0.0,0.0,0.0,-3.091666666666667,1
12.0,1396.5187999999998,0,0,0,0,0,0,0,0,0.0,210.89166666666668,11.999967765808105,0.0,0.5833333333333334,0.0,0.0,0.0,-2.6333333333333333,1
9.0,897.0304000000001,0,0,0,0,0,0,0,0,0.0,54.22222222222223,9.750021171569824,0.1111111111111111,0.5555555555555556,0.3333333333333333,0.0,0.0,-0.18888888888888894,0
13.0,1451.6834,0,0,0,0,0,0,0,0,0.0,86.2923076923077,11.999967765808105,0.3846153846153846,0.23076923076923078,0.0,0.0,0.0,-2.023076923076923,1
12.0,1432.7629,0,0,0,0,0,0,0,0,0.0,50.891666666666666,11.999967765808105,0.5,0.25,0.08333333333333334,0.0,0.0,-2.525,1
7.0,928.0975,0,0,0,0,0,0,0,0,0.0,164.4857142857143,11.999967765808105,0.28571428571428575,0.14285714285714288,0.0,0.0,0.0,-3.6,0
14.0,1651.9415,0,0,0,0,0,0,0,0,0.0,123.12857142857143,11.999967765808105,0.28571428571428575,0.2142857142857143,0.0,0.0,0.0,-2.164285714285714,0
11.0,1353.6,0,0,0,0,0,0,0,0,0.0,153.98181818181817,11.724107551574708,0.18181818181818182,0.2727272727272727,0.0,0.0,0.0,-2.6727272727272724,0
13.0,1604.8419,0,0,0,0,0,0,0,0,0.0,131.83076923076922,11.724107551574708,0.15384615384615385,0.3076923076923077,0.0,0.0,0.0,-2.776923076923077,0
14.0,1737.0493,0,0,0,0,0,0,0,0,0.0,123.12857142857143,11.999967765808105,0.2142857142857143,0.2142857142857143,0.0,0.0,0.0,-2.6142857142857143,1
12.0,1509.7857,0,0,0,0,0,0,0,0,0.0,141.98333333333335,11.999967765808105,0.16666666666666669,0.25,0.0,0.0,0.0,-2.8249999999999997,0
10.0,1368.6412,0,0,0,0,0,0,0,0,0.0,175.42000000000002,11.999967765808105,0.3,0.1,0.0,0.0,0.0,-3.81,1
13.0,1665.9714,0,0,0,0,0,0,0,0,0.0,175.8923076923077,11.999967765808105,0.15384615384615385,0.23076923076923078,0.0,0.0,0.0,-2.9538461538461536,1
10.0,1396.6546,0,0,0,0,0,0,0,0,0.0,232.70000000000002,11.999967765808105,0.2,0.1,0.0,0.0,0.0,-3.87,1
11.0,1499.7975,0,0,0,0,0,0,0,0,0.0,212.45454545454547,11.999967765808105,0.18181818181818182,0.09090909090909091,0.0,0.0,0.0,-3.290909090909091,0
15.0,1898.2944000000002,0,0,0,0,0,0,0,0,0.0,158.46666666666667,11.999967765808105,0.3333333333333333,0.13333333333333333,0.13333333333333333,0.0,0.0,-1.8533333333333333,1
12.0,1590.885,0,0,0,0,0,0,0,0,0.0,227.68333333333337,11.999967765808105,0.16666666666666669,0.25,0.0,0.0,0.0,-3.4916666666666667,1
13.0,1694.0278999999998,0,0,0,0,0,0,0,0,0.0,205.13846153846154,11.999967765808105,0.15384615384615385,0.23076923076923078,0.0,0.0,0.0,-3.0307692307692307,0
13.0,1719.0141999999998,0,0,0,0,0,0,0,0,0.0,225.75384615384618,11.999967765808105,0.15384615384615385,0.23076923076923078,0.0,0.0,0.0,-3.4923076923076923,1
14.0,1822.1570999999997,0,0,0,0,0,0,0,0,0.0,204.95714285714286,11.999967765808105,0.14285714285714288,0.2142857142857143,0.0,0.0,0.0,-3.064285714285714,1
39.0,5121.012,0,0,0,0,0,0,0,0,0.0,226.2666666666666,11.999967765808105,0.15384615384615385,0.23076923076923078,0.0,0.0,0.0,-3.492307692307692,1
16.0,1996.29,0,0,0,0,0,0,0,0,0.0625,174.6875,11.999967765808105,0.125,0.3125,0.0625,1490.0,1490.0,-2.96875,1
16.0,2106.5151,0,0,0,0,0,0,0,0,0.0,185.3,11.999967765808105,0.1875,0.1875,0.0,0.0,0.0,-3.20625,1
30.0,3570.0449,0,0,0,0,0,0,0,0,0.06666666666666667,126.41999999999997,11.999967765808105,0.16666666666666669,0.26666666666666666,0.2,1490.0,1490.0,-1.7666666666666666,1
12.0,1621.899,0,0,0,0,0,0,0,0,0.0,227.68333333333337,11.999967765808105,0.16666666666666669,0.16666666666666669,0.0,0.0,0.0,-3.65,0
13.0,1808.1089,0,0,0,0,0,0,0,0,0.07692307692307693,193.90769230769232,11.999967765808105,0.15384615384615385,0.15384615384615385,0.07692307692307693,5500.0,5500.0,-3.4384615384615387,1
18.0,2239.6245,0,0,0,0,0,0,0,0,0.0,30.61666666666667,10.708601570129392,0.5555555555555555,0.2222222222222222,0.1111111111111111,0.0,0.0,-2.9833333333333334,1
8.0,1029.2445,0,0,0,0,0,0,0,0,0.0,90.25,11.999967765808105,0.375,0.125,0.125,0.0,0.0,-3.2875,0
31.0,3332.137,0,0,0,0,0,0,0,0,0.0967741935483871,-0.6419354838709672,6.748743629455567,0.4838709677419355,0.1935483870967742,0.5161290322580645,1490.0,1490.0,1.5483870967741935,0
6.0,701.9210999999999,0,0,0,0,0,0,0,0,0.0,8.333333333333334,9.750021171569824,0.5,0.16666666666666669,0.5,0.0,0.0,1.5166666666666666,0
17.0,2077.4872,0,0,0,0,0,0,0,0,0.0,70.74117647058823,11.999967765808105,0.411764705882353,0.29411764705882354,0.05882352941176471,0.0,0.0,-2.735294117647059,1
16.0,1825.1278000000002,0,0,0,0,0,0,0,0,0.0,75.98124999999999,11.999967765808105,0.375,0.25,0.1875,0.0,0.0,-1.30625,1
16.0,1852.1995000000002,0,0,0,0,0,0,0,0,0.0,82.7125,11.999967765808105,0.3125,0.25,0.1875,0.0,0.0,-1.36875,1
16.0,1908.2262999999998,0,0,0,0,0,0,0,0,0.0,115.48125,11.999967765808105,0.1875,0.25,0.1875,0.0,0.0,-1.44375,1
16.0,2007.3607000000002,0,0,0,0,0,0,0,0,0.0,192.38750000000005,11.999967765808105,0.1875,0.1875,0.1875,0.0,0.0,-1.7,1
16.0,1951.2543999999998,0,0,0,0,0,0,0,0,0.0,151.28125,11.999967765808105,0.1875,0.25,0.125,0.0,0.0,-2.00625,1
16.0,2050.3888,0,0,0,0,0,0,0,0,0.0,228.18749999999997,11.999967765808105,0.1875,0.1875,0.125,0.0,0.0,-2.2625,1
18.0,2229.6029,0,0,0,0,0,0,0,0,0.0,156.74444444444444,11.999967765808105,0.3888888888888889,0.16666666666666666,0.0,0.0,0.0,-2.2444444444444445,1
16.0,2009.2723,0,0,0,0,0,0,0,0,0.0,156.5875,11.999967765808105,0.1875,0.1875,0.0,0.0,0.0,-2.55,1
10.0,1351.6535999999999,0,0,0,0,0,0,0,0,0.0,219.35999999999999,11.999967765808105,0.3,0.1,0.3,0.0,0.0,-1.6,1
9.0,1196.4163,0,0,0,0,0,0,0,0,0.0,263.4666666666667,11.999967765808105,0.2222222222222222,0.1111111111111111,0.1111111111111111,0.0,0.0,-2.4222222222222225,0
5.0,699.8094,0,0,0,0,0,0,0,0,0.0,351.68,11.999967765808105,0.0,0.2,0.0,0.0,0.0,-3.6799999999999997,1
14.0,1699.9214,0,0,0,0,0,0,0,0,0.07142857142857144,113.88571428571429,11.999967765808105,0.2857142857142857,0.07142857142857144,0.2142857142857143,1490.0,1490.0,-1.95,1
12.0,1578.8311999999999,0,0,0,0,0,0,0,0,0.0,179.53333333333333,11.999967765808105,0.16666666666666669,0.16666666666666669,0.16666666666666669,0.0,0.0,-2.6833333333333336,1
10.0,1383.5697,0,0,0,0,0,0,0,0,0.0,274.14,11.999967765808105,0.2,0.2,0.0,0.0,0.0,-3.8299999999999996,1
9.0,1324.5521999999999,0,0,0,0,0,0,0,0,0.0,454.3999999999999,11.999967765808105,0.0,0.1111111111111111,0.0,0.0,0.0,-4.044444444444444,1
10.0,1480.7378999999999,0,0,0,0,0,0,0,0,0.0,467.2399999999999,11.999967765808105,0.0,0.1,0.0,0.0,0.0,-4.09,1
13.0,1803.0974999999999,0,0,0,0,0,0,0,0,0.0,406.1692307692307,11.999967765808105,0.0,0.23076923076923078,0.0,0.0,0.0,-3.661538461538462,1
13.0,1949.2949999999998,0,0,0,0,0,0,0,0,0.0,493.9076923076922,11.999967765808105,0.0,0.07692307692307693,0.0,0.0,0.0,-4.184615384615385,1
17.0,2574.0378,0,0,0,0,0,0,0,0,0.0,514.8235294117645,11.999967765808105,0.0,0.05882352941176471,0.0,0.0,0.0,-4.258823529411765,1
5.0,595.6054,0,0,0,0,0,0,0,0,0.2,95.88,8.747602272033692,0.0,0.6000000000000001,0.2,1490.0,1490.0,-2.1,0
30.0,3166.4798,0,0,0,0,0,0,0,0,0.03333333333333333,32.36333333333333,4.900339698791503,0.2,0.3666666666666667,0.3333333333333333,5500.0,5500.0,-0.12666666666666668,0
11.0,1056.1503,0,0,0,0,0,0,0,0,0.09090909090909091,28.563636363636363,8.197493553161618,0.18181818181818182,0.45454545454545453,0.2727272727272727,1490.0,1490.0,-0.2636363636363636,0
13.0,1414.4973,0,0,0,0,0,0,0,0,0.07692307692307693,-8.9,4.207813453674317,0.07692307692307693,0.5384615384615384,0.3076923076923077,0.0,0.0,-0.4153846153846154,0
21.0,2272.5132,0,0,0,0,0,0,0,0,0.09523809523809523,3.7238095238095235,8.74566822052002,0.09523809523809523,0.33333333333333337,0.47619047619047616,0.0,0.0,-0.0380952380952381,0
33.0,3306.7985,0,0,0,0,0,0,0,0,0.030303030303030304,35.800000000000004,7.778062248229982,0.15151515151515152,0.48484848484848486,0.15151515151515152,0.0,375.0,-0.03030303030303033,1
14.0,1505.7439,0,0,0,0,0,0,0,0,0.07142857142857144,-5.4785714285714295,10.025816917419434,0.35714285714285715,0.3571428571428572,0.07142857142857144,1490.0,1490.0,-1.957142857142857,1
14.0,1481.7622,0,0,0,0,0,0,0,0,0.07142857142857144,-11.542857142857143,10.025816917419434,0.35714285714285715,0.3571428571428572,0.14285714285714288,1490.0,1490.0,-1.407142857142857,0
9.0,968.9671000000001,0,0,0,0,0,0,0,0,0.0,61.566666666666684,5.240236854553221,0.1111111111111111,0.3333333333333333,0.1111111111111111,0.0,0.0,-1.6222222222222222,0
13.0,1599.7453999999998,0,0,0,0,0,0,0,0,0.3076923076923077,52.377692307692314,8.75482273101807,0.07692307692307693,0.38461538461538464,0.3846153846153846,1490.0,1490.0,-0.5692307692307693,1
13.0,1469.6056999999998,0,0,0,0,0,0,0,0,0.07692307692307693,64.71538461538462,9.762914848327636,0.07692307692307693,0.46153846153846156,0.23076923076923078,5500.0,5500.0,-1.4307692307692308,1
45.0,4381.638,0,0,0,0,0,0,0,0,0.0,35.004444444444445,6.783301734924316,0.33333333333333337,0.4888888888888889,0.044444444444444446,0.0,0.0,-1.0422222222222222,0
12.0,1360.5643,0,0,0,0,0,0,0,0,0.0,62.283333333333346,11.999967765808105,0.08333333333333334,0.41666666666666674,0.25,0.0,0.0,-0.6750000000000002,1
21.0,1963.2599,0,0,0,0,0,0,0,0,0.0,79.36190476190475,6.731919288635253,0.33333333333333337,0.4285714285714286,0.23809523809523808,0.0,0.0,0.8095238095238095,0
13.0,1745.8933,0,0,0,0,0,0,0,0,0.3846153846153846,95.52307692307694,9.750021171569824,0.0,0.46153846153846156,0.3846153846153846,27500.0,27500.0,-1.4230769230769231,0
16.0,2024.3118,0,0,0,0,0,0,0,0,0.0,310.21874999999994,11.999967765808105,0.0,0.3125,0.0625,0.0,0.0,-2.725,1
17.0,1611.884,0,0,0,0,0,0,0,0,0.0,-5.570588235294118,9.994291877746583,0.35294117647058826,0.29411764705882354,0.35294117647058826,0.0,0.0,0.48235294117647065,0
15.0,1538.6081,0,0,0,0,0,0,0,0,0.06666666666666667,29.459999999999994,4.0500284194946286,0.2,0.33333333333333337,0.4666666666666667,1490.0,1490.0,0.08666666666666668,0
25.0,2851.4523999999997,0,0,0,0,0,0,0,0,0.08,15.303999999999997,9.87425174713135,0.5599999999999999,0.12,0.36,1490.0,1490.0,-0.23199999999999998,1
12.0,1301.4009999999998,0,0,0,0,0,0,0,0,0.08333333333333334,-3.341666666666668,4.196729850769043,0.16666666666666669,0.41666666666666674,0.5,1490.0,1490.0,-0.2666666666666667,0
33.0,3561.9617,0,0,0,0,0,0,0,0,0.0,99.53939393939392,10.931533241271975,0.30303030303030304,0.3939393939393939,0.18181818181818182,0.0,0.0,-1.2363636363636363,0
22.0,2388.7012,0,0,0,0,0,0,0,0,0.0,5.045454545454547,6.9300031661987305,0.4090909090909091,0.2727272727272727,0.3181818181818182,0.0,0.0,-0.38636363636363635,0
18.0,1985.0702999999999,0,0,0,0,0,0,0,0,0.05555555555555555,30.37777777777778,6.069006156921386,0.2777777777777778,0.3888888888888889,0.33333333333333337,1490.0,1490.0,-1.261111111111111,1
28.0,3100.3684000000003,0,0,0,0,0,0,0,0,0.1785714285714286,15.471428571428572,4.3702592849731445,0.28571428571428575,0.35714285714285715,0.4285714285714286,11460.0,11460.0,-0.37142857142857144,0
27.0,2768.0869,0,0,0,0,0,0,0,0,0.037037037037037035,0.16666666666666738,4.63615207672119,0.18518518518518517,0.37037037037037035,0.37037037037037035,0.0,0.0,0.3851851851851852,0
14.0,1553.9471999999998,0,0,0,0,0,0,0,0,0.0,8.857142857142858,6.142555809020995,0.5000000000000001,0.14285714285714288,0.5000000000000001,0.0,0.0,1.0,0
9.0,888.0830000000001,0,0,0,0,0,0,0,0,0.0,12.477777777777783,4.0500284194946286,0.4444444444444444,0.33333333333333337,0.4444444444444444,0.0,0.0,1.5,0
20.0,2169.5126,0,0,0,0,0,0,0,0,0.05,45.425000000000004,11.10553340911865,0.3,0.4,0.2,5500.0,5500.0,-1.0,0
11.0,1228.4397999999999,0,0,0,0,0,0,0,0,0.09090909090909091,30.099999999999998,9.703023719787598,0.45454545454545453,0.36363636363636365,0.2727272727272727,5500.0,5500.0,-0.8272727272727273,0
27.0,2851.4736999999996,0,0,0,0,0,0,0,0,0.07407407407407407,6.1111111111111125,10.176866340637208,0.5925925925925927,0.2222222222222222,0.4444444444444445,6990.0,6990.0,0.6037037037037037,1
27.0,2877.511,0,0,0,0,0,0,0,0,0.07407407407407407,6.1111111111111125,10.176866340637208,0.5555555555555556,0.25925925925925924,0.4444444444444445,6990.0,6990.0,0.47777777777777775,1
26.0,2858.4644999999996,0,0,0,0,0,0,0,0,0.11538461538461539,14.47692307692308,10.289686012268067,0.4230769230769231,0.23076923076923078,0.5769230769230769,6990.0,6990.0,0.8923076923076922,0
28.0,3109.7064,0,0,0,0,0,0,0,0,0.10714285714285715,14.15714285714286,10.289686012268067,0.3928571428571429,0.25,0.5357142857142858,6990.0,6990.0,0.5892857142857143,0
25.0,2657.2003,0,0,0,0,0,0,0,0,0.08,8.72,10.176866340637208,0.56,0.24,0.44,6990.0,6990.0,0.46,1
27.0,2825.3934,0,0,0,0,0,0,0,0,0.07407407407407407,23.08148148148148,10.176866340637208,0.5555555555555556,0.25925925925925924,0.4074074074074074,6990.0,6990.0,0.4333333333333333,0
27.0,2841.4357999999997,0,0,0,0,0,0,0,0,0.07407407407407407,0.04444444444444481,10.176866340637208,0.5925925925925927,0.2222222222222222,0.4444444444444445,6990.0,6990.0,0.6333333333333333,1
27.0,2841.4357999999997,0,0,0,0,0,0,0,0,0.07407407407407407,-7.088888888888889,10.176866340637208,0.6296296296296297,0.2222222222222222,0.4444444444444444,6990.0,6990.0,0.6074074074074074,1
27.0,2825.3934,0,0,0,0,0,0,0,0,0.07407407407407407,14.31111111111111,10.176866340637208,0.5555555555555556,0.25925925925925924,0.4074074074074074,6990.0,6990.0,0.4333333333333333,0
29.0,3076.6353,0,0,0,0,0,0,0,0,0.06896551724137931,14.013793103448277,10.176866340637208,0.5172413793103449,0.27586206896551724,0.3793103448275862,6990.0,6990.0,0.17241379310344823,0
25.0,2614.1756,0,0,0,0,0,0,0,0,0.08,-0.7519999999999997,10.176866340637208,0.64,0.2,0.44000000000000006,6990.0,6990.0,0.6439999999999999,1
16.0,1669.8768,0,0,0,0,0,0,0,0,0.125,2.3875,6.740160942077638,0.3125,0.375,0.4375,6990.0,6990.0,0.39374999999999993,0
30.0,3157.4098999999997,0,0,0,0,0,0,0,0,0.1,7.086666666666666,8.604224586486819,0.23333333333333334,0.4666666666666667,0.3333333333333333,6990.0,6990.0,-0.4466666666666667,0
21.0,2266.7669,0,0,0,0,0,0,0,0,0.047619047619047616,5.2857142857142865,10.477740287780762,0.6190476190476191,0.19047619047619047,0.4285714285714286,5500.0,5500.0,0.4666666666666666,0
21.0,2234.5095,0,0,0,0,0,0,0,0,0.19047619047619047,45.48095238095238,8.747602272033692,0.1904761904761905,0.5238095238095237,0.38095238095238093,6990.0,6990.0,-0.08095238095238103,0
16.0,1832.1151,0,0,0,0,0,0,0,0,0.1875,35.85625,11.097152519226071,0.3125,0.25,0.3125,12490.0,12490.0,-0.5812499999999999,1
28.0,3062.6964,0,0,0,0,0,0,0,0,0.10714285714285715,40.18571428571429,9.59413661956787,0.5000000000000001,0.25,0.28571428571428575,6990.0,7115.0,0.21785714285714283,0
22.0,2439.5474,0,0,0,0,0,0,0,0,0.13636363636363635,40.85909090909091,5.374206352233887,0.2727272727272727,0.2727272727272727,0.45454545454545453,4470.0,4470.0,-0.7318181818181819,0
15.0,1862.0832,0,0,0,0,0,0,0,0,0.13333333333333333,30.233333333333338,10.295617103576657,0.13333333333333333,0.3333333333333333,0.13333333333333333,1490.0,1490.0,-2.2266666666666666,1
23.0,3087.6171,0,0,0,0,0,0,0,0,0.043478260869565216,216.99565217391302,11.999967765808105,0.13043478260869565,0.17391304347826086,0.13043478260869565,1490.0,1490.0,-3.0652173913043477,1
13.0,1673.9304,0,0,0,0,0,0,0,0,0.07692307692307693,161.7153846153846,11.999967765808105,0.15384615384615385,0.23076923076923075,0.07692307692307693,1490.0,1490.0,-3.1384615384615384,1
11.0,1323.4066,0,0,0,0,0,0,0,0,0.18181818181818182,26.18181818181818,5.320550346374512,0.18181818181818182,0.2727272727272727,0.4545454545454546,2980.0,2980.0,-1.4181818181818182,0
27.0,2849.1832,0,0,0,0,0,0,0,0,0.037037037037037035,17.607407407407408,8.587849617004395,0.3333333333333333,0.37037037037037035,0.25925925925925924,1490.0,1490.0,-0.40370370370370373,0
15.0,1736.8815,0,0,0,0,0,0,0,0,0.13333333333333333,-10.506666666666664,5.076711082458496,0.13333333333333333,0.4666666666666667,0.2,1490.0,1490.0,-1.34,0
15.0,2029.3295000000003,0,0,0,0,0,0,0,0,0.26666666666666666,57.58,11.553846549987792,0.13333333333333333,0.2,0.4666666666666667,13980.0,13980.0,-1.3933333333333335,1
22.0,2508.0705,1,0,0,0,0,1,0,0,0.0,6.7227272727272736,11.999967765808105,0.7272727272727273,0.045454545454545456,0.22727272727272727,0.0,0.0,-0.5954545454545456,1
22.0,2353.8543,1,0,0,0,0,1,0,0,0.0,-2.031818181818182,11.38842067718506,0.7727272727272727,0.09090909090909091,0.22727272727272727,0.0,0.0,-0.14090909090909093,1
22.0,2353.8543,1,0,0,0,0,1,0,0,0.0,-2.031818181818182,11.38842067718506,0.7727272727272727,0.09090909090909091,0.22727272727272727,0.0,0.0,-0.14090909090909093,1
11.0,1627.8687,1,0,0,0,0,1,0,0,0.0,310.30909090909086,11.999967765808105,0.09090909090909091,0.09090909090909091,0.0,0.0,0.0,-4.118181818181818,1
20.0,2647.1773,0,0,0,0,0,0,0,0,0.25,23.56,11.763691139221194,0.35,0.1,0.4,12490.0,12490.0,-1.315,1
10.0,1159.2518,0,0,0,0,0,0,0,0,0.1,57.17,8.757208061218265,0.2,0.30000000000000004,0.30000000000000004,0.0,0.0,-1.0,1
34.0,3815.2488000000003,0,0,0,0,0,0,0,0,0.11764705882352942,35.03529411764706,6.018305778503417,0.29411764705882354,0.29411764705882354,0.3235294117647059,5500.0,5500.0,-0.01764705882352944,0
36.0,4112.4284,0,0,0,0,0,0,0,0,0.1388888888888889,21.761111111111116,5.050906181335448,0.3611111111111111,0.22222222222222224,0.3333333333333333,6990.0,6990.0,-0.6194444444444445,0
7.0,722.7896999999999,0,0,0,0,0,0,0,0,0.0,41.58571428571429,6.743628120422364,0.28571428571428575,0.5714285714285715,0.14285714285714288,0.0,0.0,-1.3142857142857145,1
37.0,4209.2325,0,0,0,0,0,0,0,0,0.05405405405405405,-0.7405405405405416,6.2251996994018555,0.24324324324324323,0.32432432432432434,0.05405405405405405,1490.0,1490.0,-2.3621621621621625,1
37.0,4209.2325,0,0,0,0,0,0,0,0,0.05405405405405405,104.81351351351348,6.2251996994018555,0.24324324324324323,0.32432432432432434,0.05405405405405405,1490.0,1490.0,-2.3621621621621625,1
41.0,4741.7391,0,0,0,0,0,0,0,0,0.04878048780487805,-3.3707317073170744,6.024558067321778,0.2682926829268293,0.29268292682926833,0.04878048780487805,1490.0,1490.0,-2.4585365853658536,1
41.0,4741.7391,0,0,0,0,0,0,0,0,0.04878048780487805,91.8853658536585,6.024558067321778,0.2682926829268293,0.29268292682926833,0.04878048780487805,1490.0,1490.0,-2.4585365853658536,1
43.0,4825.2369,0,0,0,0,0,0,0,0,0.0,-10.330232558139535,6.020465660095215,0.6511627906976745,0.11627906976744186,0.16279069767441862,0.0,0.0,-1.1883720930232557,1
45.0,5274.2456999999995,0,0,0,0,0,0,0,0,0.044444444444444446,-5.533333333333332,5.897011375427247,0.2888888888888889,0.26666666666666666,0.044444444444444446,1490.0,1490.0,-2.537777777777778,1
42.0,5316.4117,0,0,0,0,0,0,0,0,0.047619047619047616,58.74761904761905,6.157390785217284,0.35714285714285715,0.14285714285714288,0.047619047619047616,1490.0,1490.0,-2.930952380952381,1
45.0,5274.2456999999995,0,0,0,0,0,0,0,0,0.044444444444444446,81.25555555555553,5.897011375427247,0.2888888888888889,0.26666666666666666,0.044444444444444446,1490.0,1490.0,-2.537777777777778,1
21.0,2243.4686,0,0,0,0,0,0,0,0,0.047619047619047616,24.909523809523808,4.751989936828613,0.33333333333333337,0.23809523809523808,0.42857142857142855,1490.0,1490.0,-0.07619047619047618,0
12.0,1367.5118,0,0,0,0,0,0,0,0,0.25,12.450000000000001,6.917725944519043,0.25,0.25,0.41666666666666674,11000.0,11000.0,0.3833333333333333,1
20.0,2381.7464999999997,0,0,0,0,0,0,0,0,0.15000000000000002,-23.775000000000006,8.438540840148928,0.35,0.15000000000000002,0.5,6990.0,6990.0,-0.38,0
31.0,3498.1077,0,0,0,0,0,0,0,0,0.06451612903225806,12.69032258064516,10.582759284973143,0.3870967741935484,0.25806451612903225,0.3225806451612903,0.0,0.0,-0.34838709677419355,0
44.0,5425.2869,0,0,0,0,0,0,0,0,0.18181818181818182,35.643409090909095,8.07455234527588,0.40909090909090906,0.1590909090909091,0.36363636363636365,12950.0,12950.0,-0.5704545454545454,0
25.0,2701.0723,0,0,0,0,0,0,0,0,0.12,36.996,10.053731727600098,0.32,0.24,0.36,6990.0,6990.0,-0.016000000000000035,1
13.0,1648.9053999999999,0,0,0,0,0,0,0,0,0.23076923076923078,148.5769230769231,7.021343421936035,0.15384615384615385,0.15384615384615385,0.6153846153846154,6990.0,6990.0,0.6076923076923075,0
23.0,2656.9701999999997,0,0,0,0,0,0,0,0,0.08695652173913043,1.6304347826086971,4.960475349426268,0.2608695652173913,0.2608695652173913,0.2608695652173913,1490.0,1615.0,-0.48695652173913045,0
6.0,840.8511,0,0,0,0,0,0,0,1,0.0,8.333333333333334,7.205899620056152,0.0,0.0,0.0,0.0,0.0,-3.2000000000000006,1
8.0,1092.093,1,0,0,0,0,1,0,1,0.0,38.35,7.247733116149903,0.0,0.125,0.0,0.0,0.0,-3.2375000000000003,1
17.0,2558.8938,0,0,0,0,0,0,0,1,0.0,346.3529411764705,11.999967765808105,0.0,0.0,0.0,0.0,0.0,-4.041176470588235,1
8.0,1115.1297,0,0,0,0,0,0,0,1,0.0,8.75,7.284337425231934,0.0,0.0,0.0,0.0,0.0,-3.2,1
10.0,1366.3716,1,0,0,0,0,1,0,1,0.0,32.68,7.316963005065918,0.0,0.1,0.0,0.0,0.0,-3.2300000000000004,1
12.0,1640.6501999999998,1,0,0,0,0,1,0,1,0.0,28.900000000000002,7.37329044342041,0.0,0.08333333333333334,0.0,0.0,0.0,-3.225,1
12.0,1663.6869,0,0,0,0,0,0,0,1,0.0,9.166666666666668,7.398015403747559,0.0,0.0,0.0,0.0,0.0,-3.2000000000000006,1
14.0,1914.9288,1,0,0,0,0,1,0,1,0.0,26.2,7.420978355407715,0.0,0.07142857142857144,0.0,0.0,0.0,-3.2214285714285715,1
16.0,2189.2074,1,0,0,0,0,1,0,1,0.0,24.175,7.462357139587403,0.0,0.0625,0.0,0.0,0.0,-3.21875,1
16.0,2212.2441,0,0,0,0,0,0,0,1,0.0,9.375,7.481227684020996,0.0,0.0,0.0,0.0,0.0,-3.2,1
18.0,2463.486,1,0,0,0,0,1,0,1,0.0,22.6,7.499075126647949,0.0,0.05555555555555555,0.0,0.0,0.0,-3.216666666666667,1
20.0,2737.7646,1,0,0,0,0,1,0,1,0.0,21.34,7.532098579406739,0.0,0.05,0.0,0.0,0.0,-3.215,1
20.0,2760.8012999999996,0,0,0,0,0,0,0,1,0.0,9.5,7.5474451065063475,0.0,0.0,0.0,0.0,0.0,-3.2,1
22.0,3012.0431999999996,1,0,0,0,0,1,0,1,0.0,20.30909090909091,7.562166404724122,0.0,0.045454545454545456,0.0,0.0,0.0,-3.213636363636364,1
24.0,3286.3217999999997,1,0,0,0,0,1,0,1,0.0,19.45,7.589733314514162,0.0,0.04166666666666667,0.0,0.0,0.0,-3.2125000000000004,1
26.0,3560.6003999999994,1,0,0,0,0,1,0,1,0.0,18.723076923076924,7.6152540206909185,0.0,0.038461538461538464,0.0,0.0,0.0,-3.2115384615384617,1
35.0,5103.5868,0,0,0,0,0,0,0,1,0.0,238.8342857142856,11.999967765808105,0.0,0.0,0.0,0.0,0.0,-3.757142857142857,1
31.0,4555.0296,0,0,0,0,0,0,0,1,0.0,268.36129032258054,11.999967765808105,0.0,0.0,0.0,0.0,0.0,-3.829032258064516,1
27.0,4006.472399999999,0,0,0,0,0,0,0,1,0.0,306.6370370370369,11.999967765808105,0.0,0.0,0.0,0.0,0.0,-3.9222222222222225,1
16.0,2364.6153,0,0,0,0,0,0,0,1,0.0,259.97499999999997,11.999967765808105,0.0,0.0,0.0,0.0,0.0,-3.85,1
23.0,3457.9152,0,0,0,0,0,0,0,1,0.0,358.2260869565216,11.999967765808105,0.0,0.0,0.0,0.0,0.0,-4.047826086956522,1
28.0,3365.7219999999998,0,0,0,0,0,0,0,1,0.0,62.435714285714276,9.978819465637208,0.10714285714285715,0.1785714285714286,0.39285714285714285,0.0,0.0,-1.2249999999999999,1
6.0,840.8511,0,0,0,0,0,0,0,1,0.0,8.333333333333334,7.205899620056152,0.0,0.0,0.0,0.0,0.0,-3.2000000000000006,1
11.0,1678.9188,0,0,0,0,0,0,0,0,0.0,373.5999999999999,11.999967765808105,0.0,0.0,0.0,0.0,0.0,-4.1454545454545455,1
32.0,3800.4741000000004,0,0,0,0,0,0,0,0,0.15625,17.925,9.99532337188721,0.25,0.125,0.53125,2980.0,2980.0,0.04687499999999999,0
12.0,1485.6446999999998,0,0,0,0,0,0,0,0,0.16666666666666669,151.11666666666667,9.756532478332517,0.08333333333333334,0.33333333333333337,0.33333333333333337,5500.0,5500.0,-0.7083333333333334,1
14.0,1676.8908999999999,0,0,0,0,0,0,0,0,0.2142857142857143,30.357142857142858,6.738683128356934,0.2142857142857143,0.3571428571428572,0.3571428571428572,6990.0,6990.0,-0.5285714285714286,0
41.0,4618.1295,0,0,0,0,0,0,0,0,0.14634146341463417,59.25365853658536,7.934333610534669,0.1951219512195122,0.34146341463414637,0.3170731707317073,5960.0,6085.0,-0.524390243902439,0
32.0,3767.3864000000003,0,0,0,0,0,0,0,0,0.09375,34.26875000000001,9.978432655334473,0.375,0.25,0.34375,5500.0,5500.0,-0.446875,0
12.0,1354.472,0,0,0,0,0,0,0,0,0.08333333333333334,115.78333333333333,6.921875190734863,0.08333333333333334,0.5833333333333333,0.08333333333333334,0.0,0.0,-1.7333333333333334,1
21.0,2450.7869,0,0,0,0,0,0,0,0,0.19047619047619047,40.72380952380953,4.8146265029907225,0.19047619047619047,0.19047619047619047,0.4285714285714286,12490.0,12615.0,0.3428571428571428,0
12.0,1468.6175999999998,0,0,0,0,0,0,0,0,0.08333333333333334,33.55000000000001,8.76417064666748,0.16666666666666669,0.4166666666666667,0.25,5500.0,5500.0,-1.9500000000000002,1
12.0,1559.8838999999998,0,0,0,0,0,0,0,0,0.0,162.23333333333335,11.999967765808105,0.25,0.08333333333333334,0.33333333333333337,0.0,0.0,-0.4750000000000001,1
8.0,1191.3153,0,0,0,0,0,0,0,0,0.0,80.975,11.999967765808105,0.0,0.0,0.0,0.0,0.0,-3.85,1
39.0,4783.4862,0,0,0,0,0,0,0,0,0.10256410256410257,81.11282051282052,11.369402503967283,0.3076923076923077,0.20512820512820515,0.3076923076923077,4470.0,4470.0,-1.323076923076923,1
18.0,2179.3848,0,0,0,0,0,0,0,0,0.16666666666666666,46.45555555555557,4.651157569885254,0.2222222222222222,0.3888888888888889,0.2777777777777778,2980.0,2980.0,-0.6000000000000001,0
5.0,602.7041,0,0,0,0,0,0,0,0,0.0,8.0,8.757208061218265,0.4,0.2,0.2,0.0,0.0,-1.34,0
17.0,1834.1491999999998,0,0,0,0,0,0,0,0,0.05882352941176471,36.65294117647058,8.267119407653809,0.05882352941176471,0.29411764705882354,0.4705882352941177,0.0,0.0,0.5529411764705882,1
33.0,3935.4071000000004,0,0,0,0,0,0,0,0,0.12121212121212122,32.23030303030304,5.755539131164551,0.21212121212121213,0.2727272727272727,0.33333333333333337,6990.0,6990.0,-0.6818181818181818,0
8.0,933.0161,0,0,0,0,0,0,0,0,0.125,38.825,5.4720262527465815,0.25,0.25,0.5,0.0,0.0,0.26249999999999996,0
14.0,1650.8537999999999,0,0,0,0,0,0,0,0,0.14285714285714288,167.2,6.735159111022949,0.14285714285714288,0.2857142857142857,0.3571428571428572,1490.0,1615.0,-0.20000000000000004,0
29.0,3248.7722999999996,0,0,0,0,0,0,0,0,0.10344827586206896,36.95517241379311,8.504749870300294,0.3793103448275862,0.24137931034482757,0.41379310344827586,5500.0,5500.0,0.006896551724137926,0
21.0,2180.3662999999997,0,0,0,0,0,0,0,0,0.0,7.976190476190477,7.026231575012206,0.14285714285714285,0.4285714285714286,0.1904761904761905,0.0,0.0,-0.8904761904761904,0
20.0,2663.1767,0,0,0,0,0,0,0,0,0.25,30.905000000000005,11.203074073791505,0.35,0.1,0.4,13980.0,13980.0,-1.52,1
20.0,2682.1782,0,0,0,0,0,0,0,0,0.30000000000000004,41.32000000000001,11.16600475311279,0.30000000000000004,0.1,0.45,13980.0,13980.0,-1.185,1
20.0,2624.1406,0,0,0,0,0,0,0,0,0.25,37.07500000000001,11.203074073791505,0.35,0.1,0.4,8480.0,8480.0,-1.335,1
13.0,1785.0357999999999,1,0,0,0,0,1,0,1,0.0,182.82307692307694,11.999967765808105,0.15384615384615385,0.15384615384615385,0.0,0.0,0.0,-3.7384615384615385,1
18.0,2209.6892,0,0,0,0,0,0,0,0,0.0,92.9,11.999967765808105,0.3888888888888889,0.05555555555555555,0.33333333333333337,0.0,0.0,-0.4444444444444444,0
20.0,2460.9311,0,0,0,0,0,0,0,0,0.0,84.61,11.999967765808105,0.35,0.1,0.3,0.0,0.0,-0.7350000000000001,0
18.0,1868.0067,0,0,0,0,0,0,0,0,0.0,7.077777777777779,4.13028507232666,0.33333333333333337,0.2222222222222222,0.38888888888888884,0.0,0.0,0.18333333333333335,0
33.0,3645.0811999999996,0,0,0,0,0,0,0,0,0.06060606060606061,27.384848484848487,4.300688362121583,0.42424242424242425,0.21212121212121213,0.30303030303030304,0.0,0.0,0.16969696969696968,0
20.0,2138.5036,0,0,0,0,0,0,0,0,0.05,59.040000000000006,4.3702592849731445,0.45,0.2,0.4,1490.0,1490.0,0.5149999999999999,0
21.0,2552.8176,0,0,0,0,0,0,0,0,0.047619047619047616,68.52380952380952,4.407318305969238,0.380952380952381,0.33333333333333337,0.14285714285714285,0.0,0.0,-1.4047619047619047,0
31.0,3465.1325,0,0,0,0,0,0,0,0,0.03225806451612903,54.64516129032259,6.751130867004395,0.4838709677419355,0.1935483870967742,0.41935483870967744,0.0,0.0,0.4387096774193548,0
17.0,1953.4223000000002,0,0,0,0,0,0,0,0,0.11764705882352942,4.064705882352943,11.999967765808105,0.411764705882353,0.17647058823529413,0.411764705882353,5500.0,5500.0,0.18823529411764706,1
28.0,3348.9444999999996,0,0,0,0,0,0,0,0,0.07142857142857144,67.46071428571429,9.219962120056149,0.1785714285714286,0.17857142857142858,0.3928571428571429,5500.0,5625.0,-0.12500000000000003,0
15.0,1674.8786,0,0,0,0,0,0,0,0,0.06666666666666667,67.50666666666666,8.23082370758057,0.06666666666666667,0.3333333333333333,0.3333333333333333,1490.0,1490.0,-0.4,1
11.0,1247.3072,0,0,0,0,0,0,0,0,0.09090909090909091,-0.20909090909090786,4.0500284194946286,0.18181818181818182,0.45454545454545453,0.36363636363636365,0.0,0.0,-0.38181818181818183,0
6.0,737.9069,0,0,0,0,0,0,0,0,0.16666666666666669,-5.816666666666667,5.828690910339356,0.16666666666666669,0.16666666666666669,0.5,0.0,0.0,1.1500000000000001,0
25.0,2886.1585,0,0,0,0,0,0,0,0,0.12,43.876000000000005,5.954077720642091,0.12,0.28,0.36,5500.0,5500.0,-0.38400000000000006,0
14.0,1814.0898,0,0,0,0,0,0,0,0,0.2142857142857143,49.87142857142857,5.3206071853637695,0.14285714285714288,0.14285714285714288,0.5714285714285715,11000.0,11000.0,0.34285714285714286,0
15.0,1580.7341999999999,0,0,0,0,0,0,0,0,0.06666666666666667,14.086666666666668,4.207813453674317,0.26666666666666666,0.3333333333333333,0.4,1490.0,1490.0,0.14666666666666667,0
33.0,3630.2852000000003,0,0,0,0,0,0,0,0,0.06060606060606061,14.857575757575754,6.243217658996582,0.33333333333333337,0.30303030303030304,0.36363636363636365,0.0,0.0,0.1939393939393939,0
17.0,1966.1942,0,0,0,0,0,0,0,0,0.11764705882352942,51.91176470588236,6.1418169021606435,0.29411764705882354,0.411764705882353,0.35294117647058826,1490.0,1490.0,-0.5941176470588235,0
28.0,3023.3197,0,0,0,0,0,0,0,0,0.03571428571428572,56.71071428571428,6.215878105163574,0.25,0.28571428571428575,0.32142857142857145,5500.0,5500.0,-0.4428571428571429,0
29.0,3395.8995999999997,0,0,0,0,0,0,0,0,0.20689655172413793,26.820689655172426,6.741070365905763,0.20689655172413793,0.3103448275862069,0.4482758620689655,2980.0,2980.0,0.06551724137931028,0
6.0,819.001,0,0,0,0,0,0,0,0,0.33333333333333337,47.800000000000004,5.525000190734862,0.33333333333333337,0.0,0.8333333333333335,5500.0,5500.0,1.75,1
5.0,584.6921,0,0,0,0,0,0,0,0,0.0,46.52,8.258609580993653,0.0,0.2,0.2,0.0,0.0,-0.22000000000000003,1
25.0,2720.0923,0,0,0,0,0,0,0,0,0.08,52.98,7.884950828552246,0.16,0.36,0.24,0.0,250.0,-0.32800000000000007,0
21.0,2360.5964,0,0,0,0,0,0,0,0,0.14285714285714285,58.78619047619048,4.558112144470216,0.23809523809523808,0.4285714285714286,0.3333333333333333,2980.0,2980.0,-0.5,0
8.0,933.0424,0,0,0,0,0,0,0,0,0.125,34.9875,6.741127204895021,0.25,0.375,0.25,0.0,0.0,-5.551115123125783e-17,0
29.0,3463.9902999999995,0,0,0,0,0,0,0,0,0.13793103448275862,23.448275862068968,9.311829566955566,0.24137931034482757,0.24137931034482757,0.3448275862068966,11000.0,11000.0,-0.36206896551724144,0
25.0,2947.3592999999996,0,0,0,0,0,0,0,0,0.04,95.22399999999999,4.325129127502442,0.28,0.16,0.52,1490.0,1490.0,0.01200000000000001,0
31.0,3491.9726,0,0,0,0,0,0,0,0,0.06451612903225806,67.91290322580645,9.11088161468506,0.3548387096774194,0.12903225806451613,0.3548387096774194,2980.0,2980.0,-0.15483870967741936,0
24.0,2592.9428,0,0,0,0,0,0,0,0,0.04166666666666667,22.095833333333335,5.9910799026489245,0.20833333333333337,0.25,0.5,1490.0,1490.0,0.65,1
9.0,1129.3086,0,0,0,0,0,0,0,0,0.1111111111111111,-9.9,6.743628120422364,0.1111111111111111,0.2222222222222222,0.5555555555555556,1490.0,1490.0,0.4444444444444444,1
10.0,1380.5704,0,0,0,0,0,0,0,0,0.3,-49.34,9.111203956604005,0.1,0.1,0.5,4470.0,4470.0,-1.4,0
14.0,1962.4124999999997,0,0,0,0,0,0,0,0,0.2142857142857143,38.07142857142857,11.999967765808105,0.3571428571428572,0.07142857142857144,0.3571428571428572,11000.0,11000.0,-1.407142857142857,1
15.0,1670.971,0,0,0,0,0,0,0,0,0.0,30.126666666666665,6.14323787689209,0.5333333333333333,0.2,0.3333333333333333,0.0,0.0,0.23333333333333334,0
21.0,2536.8829,0,0,0,0,0,0,0,0,0.047619047619047616,92.70952380952379,9.699929237365723,0.2857142857142857,0.2857142857142857,0.33333333333333337,1490.0,1490.0,-0.9333333333333333,0
8.0,873.9076,0,0,0,0,0,0,0,0,0.0,-11.287500000000001,4.748863792419433,0.375,0.375,0.125,0.0,0.0,-1.5,0
13.0,1608.9246999999998,0,0,0,0,0,0,0,0,0.07692307692307693,0.5769230769230763,11.000836753845213,0.07692307692307693,0.15384615384615385,0.5384615384615385,5500.0,5500.0,0.0076923076923077075,0
8.0,981.1137000000001,0,0,0,0,0,0,0,0,0.0,129.0,11.999967765808105,0.125,0.25,0.125,0.0,0.0,-2.0375,0
8.0,1089.3773,0,0,0,0,0,0,0,0,0.125,59.6,11.097152519226071,0.375,0.0,0.5,1490.0,1490.0,-0.6625,0
7.0,832.0198999999999,0,0,0,0,0,0,0,0,0.0,97.42857142857143,5.994262886047363,0.4285714285714286,0.14285714285714288,0.4285714285714286,0.0,0.0,0.6285714285714287,0
41.0,4787.595899999999,0,0,0,0,0,0,0,0,0.024390243902439025,87.43658536585366,10.736838722229006,0.3658536585365854,0.29268292682926833,0.24390243902439024,0.0,0.0,-0.5829268292682928,0
20.0,2264.7244,0,0,0,0,0,0,0,0,0.05,30.375000000000004,5.210851097106932,0.55,0.25,0.5,1490.0,1490.0,0.69,0
26.0,2951.5245,0,0,0,0,0,0,0,0,0.19230769230769232,30.803846153846155,9.994291877746583,0.4230769230769231,0.23076923076923078,0.5,1490.0,1490.0,1.2653846153846153,0
23.0,2397.9759,0,0,0,0,0,0,0,0,0.08695652173913043,38.469565217391306,5.5107336044311515,0.34782608695652173,0.13043478260869565,0.6956521739130435,1490.0,1615.0,2.221739130434783,0
11.0,1182.3646999999999,0,0,0,0,0,0,0,0,0.09090909090909091,94.92727272727274,4.0500284194946286,0.4545454545454546,0.36363636363636365,0.36363636363636365,0.0,0.0,0.409090909090909,0
20.0,2125.4252,0,0,0,0,0,0,0,0,0.0,29.72,4.196729850769043,0.30000000000000004,0.35000000000000003,0.4,0.0,0.0,0.27999999999999997,0
14.0,1714.0306999999998,0,0,0,0,0,0,0,0,0.0,117.32142857142857,11.999967765808105,0.3571428571428572,0.07142857142857144,0.2142857142857143,0.0,0.0,-1.1142857142857143,0
15.0,1870.2164000000002,0,0,0,0,0,0,0,0,0.0,115.82666666666667,11.999967765808105,0.3333333333333333,0.06666666666666667,0.2,0.0,0.0,-1.34,0
17.0,2121.4583,0,0,0,0,0,0,0,0,0.0,103.3764705882353,11.999967765808105,0.29411764705882354,0.11764705882352942,0.17647058823529413,0.0,0.0,-1.576470588235294,0
13.0,1409.5602999999999,0,0,0,0,0,0,0,0,0.07692307692307693,25.04615384615385,4.0500284194946286,0.15384615384615385,0.46153846153846156,0.38461538461538464,1490.0,1490.0,0.4846153846153846,0
27.0,3021.5501,0,0,0,0,0,0,0,0,0.07407407407407407,37.5,4.785979652404785,0.5185185185185185,0.14814814814814814,0.4814814814814815,11000.0,11000.0,0.7592592592592593,0
19.0,2354.8568,0,0,0,0,0,0,0,0,0.15789473684210528,29.094736842105263,10.446795463562012,0.4210526315789474,0.0,0.4210526315789474,1490.0,1490.0,-0.0263157894736842,0
24.0,2734.1339,0,0,0,0,0,0,0,0,0.08333333333333334,38.14166666666668,8.445438957214357,0.2916666666666667,0.125,0.5,2980.0,2980.0,-0.22083333333333335,0
34.0,3967.4161999999997,0,0,0,0,0,0,0,0,0.05882352941176471,38.076470588235296,4.555611228942872,0.35294117647058826,0.2647058823529412,0.29411764705882354,1490.0,1490.0,-0.7558823529411764,0
22.0,2567.9991999999997,0,0,0,0,0,0,0,0,0.2272727272727273,27.936363636363637,8.175187492370608,0.2727272727272727,0.2272727272727273,0.36363636363636365,8480.0,8480.0,0.14999999999999997,0
7.0,712.8344999999999,0,0,0,0,0,0,0,0,0.0,14.614285714285717,5.525000190734862,0.28571428571428575,0.5714285714285715,0.4285714285714286,0.0,0.0,0.8285714285714285,0
28.0,3091.4130999999998,0,0,0,0,0,0,0,0,0.07142857142857144,5.967857142857144,8.19736461639404,0.17857142857142858,0.3928571428571429,0.35714285714285715,6990.0,6990.0,-0.5535714285714286,0
14.0,1479.8919999999998,0,0,0,0,0,0,0,0,0.0,10.914285714285715,10.302063941955566,0.7857142857142858,0.07142857142857144,0.4285714285714286,0.0,0.0,1.157142857142857,1
14.0,1594.0808,0,0,0,0,0,0,0,0,0.0,-1.2142857142857137,10.602486610412598,0.7857142857142858,0.07142857142857144,0.4285714285714286,0.0,0.0,0.34285714285714286,1
22.0,2411.7199,0,0,0,0,0,0,0,0,0.0,74.72727272727273,11.553846549987792,0.3181818181818182,0.3181818181818182,0.2272727272727273,0.0,0.0,-0.7772727272727273,0
5.0,540.6959,0,0,0,0,0,0,0,0,0.0,23.780000000000005,8.750052070617677,0.6000000000000001,0.2,0.4,0.0,0.0,0.9199999999999999,1
28.0,3190.5975,0,0,0,0,0,0,0,0,0.03571428571428572,47.00357142857143,4.765801811218262,0.4285714285714286,0.1785714285714286,0.4285714285714286,0.0,0.0,0.017857142857142825,0
30.0,3673.1638000000003,0,0,0,0,0,0,0,0,0.16666666666666669,77.04666666666665,6.919601631164551,0.2,0.4,0.33333333333333337,4470.0,4470.0,-0.5833333333333335,0
27.0,2861.3115,0,0,0,0,0,0,0,0,0.07407407407407407,0.04074074074074053,4.531397819519043,0.3333333333333333,0.18518518518518517,0.5185185185185185,5500.0,5500.0,0.437037037037037,0
8.0,853.1234,0,0,0,0,0,0,0,0,0.0,29.225,5.518122673034666,0.25,0.25,0.625,0.0,0.0,2.475,1
16.0,2102.609,0,0,0,0,0,0,0,0,0.0,282.24999999999994,11.999967765808105,0.125,0.125,0.3125,0.0,0.0,-1.0125,1
5.0,600.814,0,0,0,0,0,0,0,0,0.0,-29.82,8.750052070617677,0.4,0.2,0.4,0.0,0.0,1.08,1
5.0,600.814,0,0,0,0,0,0,0,0,0.0,-29.82,8.750052070617677,0.6000000000000001,0.2,0.4,0.0,0.0,0.9399999999999998,1
15.0,2133.414,0,0,0,0,0,0,0,0,0.33333333333333337,171.25333333333333,10.278081703186032,0.13333333333333333,0.2,0.4,17990.0,17990.0,-1.74,1
27.0,3037.6225,0,0,0,0,0,0,0,0,0.1111111111111111,34.31111111111112,9.863485527038574,0.37037037037037035,0.18518518518518517,0.37037037037037035,1490.0,1490.0,-0.029629629629629645,0
20.0,2078.2927,0,0,0,0,0,0,0,0,0.0,60.155,9.510327720642092,0.25,0.35,0.2,0.0,0.0,-0.7350000000000001,0
18.0,1988.3586999999998,0,0,0,0,0,0,0,0,0.1111111111111111,0.4833333333333344,10.351898002624512,0.2222222222222222,0.2777777777777778,0.4444444444444444,5500.0,5500.0,0.7055555555555555,0
29.0,3421.9422999999997,0,0,0,0,0,0,0,0,0.06896551724137931,83.3344827586207,8.430417823791508,0.48275862068965514,0.24137931034482757,0.24137931034482757,1490.0,1490.0,-0.8482758620689655,0
5.0,669.7965,0,0,0,0,0,0,0,0,0.0,169.92000000000002,9.756532478332517,0.2,0.2,0.2,0.0,0.0,-0.9600000000000002,0
12.0,1510.7386999999999,0,0,0,0,0,0,0,0,0.08333333333333334,77.88333333333334,9.598713874816895,0.25,0.33333333333333337,0.4166666666666667,5500.0,5500.0,-0.5750000000000001,0
10.0,1253.4277,0,0,0,0,0,0,0,0,0.1,36.91,6.14323787689209,0.30000000000000004,0.1,0.4,1490.0,1490.0,-0.78,0
9.0,1147.3702,0,0,0,0,0,0,0,0,0.1111111111111111,0.5111111111111111,10.835024070739745,0.1111111111111111,0.1111111111111111,0.5555555555555556,1490.0,1490.0,0.26666666666666666,0
20.0,2277.6536,0,0,0,0,0,0,0,0,0.1,21.445,4.558112144470216,0.45,0.35000000000000003,0.5,1490.0,1490.0,0.37999999999999995,0
15.0,1702.9038,0,0,0,0,0,0,0,0,0.0,49.37333333333334,4.679122352600097,0.3333333333333333,0.2,0.4666666666666667,0.0,0.0,0.0066666666666666576,0
43.0,4548.218699999999,0,0,0,0,0,0,0,0,0.06976744186046512,37.84418604651162,4.3166601181030275,0.3488372093023256,0.2558139534883721,0.4186046511627907,2980.0,3105.0,0.6069767441860464,0
26.0,2886.4548999999997,0,0,0,0,0,0,0,0,0.038461538461538464,-15.026923076923078,9.699800300598145,0.5,0.19230769230769232,0.46153846153846156,0.0,0.0,0.31153846153846154,0
27.0,3024.3916,0,0,0,0,0,0,0,0,0.14814814814814814,14.155555555555555,8.604224586486819,0.14814814814814814,0.2222222222222222,0.48148148148148145,12490.0,12490.0,0.025925925925925936,0
21.0,2332.4391,0,0,0,0,0,0,0,0,0.047619047619047616,78.69047619047618,4.0500284194946286,0.14285714285714285,0.38095238095238093,0.23809523809523808,1490.0,1490.0,-0.9476190476190476,0
47.0,5056.3764,0,0,0,0,0,0,0,0,0.02127659574468085,35.75106382978725,4.289775276184082,0.36170212765957444,0.2978723404255319,0.2978723404255319,1490.0,1490.0,-0.7914893617021277,0
12.0,1444.7133,0,0,0,0,0,0,0,0,0.33333333333333337,29.259166666666665,5.524318122863768,0.25,0.25,0.75,6990.0,6990.0,1.7916666666666667,0
25.0,2895.2264999999998,0,0,0,0,0,0,0,0,0.16,11.260000000000003,6.121184349060058,0.16,0.36,0.44,11000.0,11000.0,-0.41200000000000003,0
22.0,2352.8743999999997,0,0,0,0,0,0,0,0,0.0,5.159090909090909,8.43138484954834,0.5454545454545454,0.13636363636363635,0.4090909090909091,0.0,0.0,0.440909090909091,0
12.0,1721.0826,0,0,0,0,0,0,0,0,0.25,56.900000000000006,11.999967765808105,0.33333333333333337,0.08333333333333334,0.33333333333333337,11000.0,11000.0,-1.6916666666666667,1
25.0,2860.4012,0,0,0,0,0,0,0,0,0.08,21.508000000000003,10.176866340637208,0.6,0.08,0.36,5500.0,5500.0,-0.22800000000000004,1
33.0,3761.4449000000004,1,0,0,0,0,1,0,0,0.09090909090909091,16.145454545454545,10.025881385803224,0.48484848484848486,0.12121212121212122,0.36363636363636365,5500.0,5500.0,-0.23030303030303034,1
36.0,4130.8676,1,0,0,0,0,1,0,0,0.08333333333333333,29.186111111111117,10.665214347839356,0.4444444444444445,0.1388888888888889,0.3333333333333333,5500.0,5500.0,-0.4722222222222222,1
38.0,4443.239,1,0,0,0,0,1,0,0,0.07894736842105264,58.32368421052631,11.604776573181152,0.42105263157894735,0.13157894736842105,0.3157894736842105,5500.0,5500.0,-0.6842105263157895,1
10.0,1251.3902,0,0,0,0,0,0,0,0,0.2,39.980000000000004,8.747602272033692,0.2,0.2,0.4,6990.0,6990.0,-0.52,1
8.0,1016.1510000000001,0,0,0,0,0,0,0,0,0.125,-12.3875,6.743628120422364,0.125,0.25,0.5,1490.0,1490.0,-0.06250000000000006,1
22.0,2786.2729,0,0,0,0,0,0,0,0,0.09090909090909091,47.73636363636364,11.999967765808105,0.18181818181818182,0.2272727272727273,0.2272727272727273,5500.0,5500.0,-1.5590909090909089,1
21.0,2132.7608,0,0,0,0,0,0,0,0,0.0,-6.647619047619048,10.602486610412598,1.0,0.0,0.38095238095238093,0.0,0.0,1.2047619047619047,1
8.0,829.9427000000001,0,0,0,0,0,0,0,0,0.125,-0.675,8.757208061218265,0.375,0.125,0.375,0.0,0.0,0.3,0
23.0,2487.0013999999996,0,0,0,0,0,0,0,0,0.08695652173913043,6.895652173913044,11.744350624084472,0.6521739130434783,0.043478260869565216,0.30434782608695654,1490.0,1490.0,0.26956521739130435,1
18.0,1877.4474,0,0,0,0,0,0,0,0,0.0,-9.422222222222222,10.602486610412598,1.0,0.0,0.38888888888888884,0.0,0.0,0.9944444444444444,1
18.0,1950.4996999999998,0,0,0,0,0,0,0,0,0.05555555555555555,-13.055555555555555,10.602486610412598,0.9444444444444445,0.0,0.38888888888888895,5500.0,5500.0,0.7333333333333333,1
12.0,1168.4723999999999,0,0,0,0,0,0,0,0,0.0,9.166666666666668,10.302063941955566,1.0,0.0,0.25,0.0,0.0,0.875,1
18.0,1866.3402999999998,0,0,0,0,0,0,0,0,0.05555555555555555,17.883333333333333,10.602486610412598,0.9444444444444444,0.0,0.2777777777777778,5500.0,5500.0,0.5111111111111111,1
11.0,1220.4641,0,0,0,0,0,0,0,0,0.09090909090909091,-6.345454545454546,10.461623191833493,0.45454545454545453,0.2727272727272727,0.2727272727272727,1490.0,1490.0,-0.8181818181818182,1
17.0,1837.3420999999998,0,0,0,0,0,0,0,0,0.05882352941176471,-9.417647058823528,10.602486610412598,0.9411764705882353,0.0,0.35294117647058826,5500.0,5500.0,0.5529411764705883,1
18.0,1950.4996999999998,0,0,0,0,0,0,0,0,0.05555555555555555,6.866666666666666,10.602486610412598,0.9444444444444445,0.0,0.38888888888888895,5500.0,5500.0,0.7333333333333333,1
18.0,1919.5270999999998,0,0,0,0,0,0,0,0,0.0,-23.572222222222226,10.602486610412598,1.0,0.0,0.4444444444444444,0.0,0.0,1.1055555555555554,1
15.0,1680.1716000000001,0,0,0,0,0,0,0,0,0.06666666666666667,6.239999999999999,10.477740287780762,0.9333333333333333,0.0,0.4666666666666667,5500.0,5500.0,0.9,1
34.0,4120.7416,0,0,0,0,0,0,0,0,0.17647058823529413,27.915000000000003,6.275843238830566,0.5,0.11764705882352942,0.4705882352941177,9970.0,9970.0,-0.2911764705882353,0
20.0,2300.6823,0,0,0,0,0,0,0,0,0.05,43.290000000000006,10.278081703186032,0.6,0.1,0.2,5500.0,5500.0,-0.795,1
24.0,2849.5479,0,0,0,0,0,0,0,0,0.0,49.17083333333334,11.999967765808105,0.5833333333333333,0.20833333333333334,0.04166666666666667,0.0,0.0,-2.4375,1
10.0,1396.7521,0,0,0,0,0,0,0,0,0.2,66.28,9.89816951751709,0.3,0.0,0.2,11000.0,11125.0,-1.5,1
22.0,2638.2517,0,0,0,0,0,0,0,0,0.09090909090909091,42.71363636363637,10.060887718200682,0.5,0.13636363636363635,0.2272727272727273,5500.0,5625.0,-0.5,0
13.0,1780.1316,0,0,0,0,0,0,0,0,0.15384615384615385,6.392307692307693,11.724107551574708,0.23076923076923078,0.07692307692307693,0.23076923076923078,5500.0,5500.0,-1.6384615384615384,0
19.0,2320.7644999999998,0,0,0,0,0,0,0,0,0.10526315789473685,40.49473684210526,10.928567695617676,0.15789473684210528,0.26315789473684215,0.2105263157894737,5500.0,5625.0,-1.0,1
22.0,2718.2801,0,0,0,0,0,0,0,0,0.09090909090909091,47.29545454545455,11.570285987854007,0.18181818181818182,0.2272727272727273,0.2272727272727273,5500.0,5625.0,-1.0409090909090908,1
22.0,2702.2145,0,0,0,0,0,0,0,0,0.09090909090909091,41.231818181818184,11.999967765808105,0.18181818181818182,0.2727272727272727,0.2272727272727273,5500.0,5500.0,-1.190909090909091,0
14.0,1742.1698999999999,0,0,0,0,0,0,0,0,0.14285714285714288,91.11428571428571,9.79766330718994,0.28571428571428575,0.14285714285714288,0.14285714285714288,11000.0,11250.0,-1.2285714285714284,1
15.0,2057.5384,0,0,0,0,0,0,0,0,0.26666666666666666,117.28,9.79766330718994,0.26666666666666666,0.06666666666666667,0.26666666666666666,22000.0,22250.0,-1.24,1
9.0,1127.3676,0,0,0,0,0,0,0,0,0.0,194.35555555555555,11.724107551574708,0.2222222222222222,0.3333333333333333,0.0,0.0,0.0,-2.533333333333333,1
28.0,3515.1754,0,0,0,0,0,0,0,0,0.0,131.44285714285712,11.0074125289917,0.4285714285714286,0.1785714285714286,0.14285714285714285,0.0,125.0,-2.05,1
30.0,3748.4267,0,0,0,0,0,0,0,0,0.03333333333333333,104.88666666666666,11.999967765808105,0.3,0.16666666666666666,0.2,0.0,0.0,-1.9,1
11.0,1605.9772,0,0,0,0,0,0,0,0,0.18181818181818182,113.23636363636363,11.735067176818848,0.36363636363636365,0.0,0.18181818181818182,11000.0,11000.0,-2.372727272727273,1
11.0,1524.9243999999999,0,0,0,0,0,0,0,0,0.18181818181818182,113.23636363636363,10.089060401916505,0.36363636363636365,0.0,0.18181818181818182,11000.0,11125.0,-1.718181818181818,1
13.0,1401.6807999999999,0,0,0,0,0,0,0,0,0.0,3.7384615384615394,8.706406974792483,0.15384615384615385,0.23076923076923078,0.23076923076923078,0.0,125.0,0.015384615384615389,0
26.0,3280.9302999999995,1,0,0,0,0,1,0,0,0.038461538461538464,73.71153846153847,11.999967765808105,0.3076923076923077,0.19230769230769232,0.19230769230769232,0.0,125.0,-1.8346153846153848,1
12.0,1640.0118,0,0,0,0,0,0,0,0,0.16666666666666669,104.63333333333334,9.752470970153805,0.33333333333333337,0.08333333333333334,0.16666666666666669,11000.0,11125.0,-1.8666666666666665,1
19.0,2064.3789,0,0,0,0,0,0,0,0,0.052631578947368425,0.5368421052631577,6.120445442199705,0.47368421052631576,0.15789473684210528,0.4736842105263158,0.0,0.0,0.20526315789473687,0
17.0,1817.0923000000003,0,0,0,0,0,0,0,0,0.11764705882352942,16.876470588235296,8.591073036193851,0.411764705882353,0.23529411764705885,0.35294117647058826,5500.0,5500.0,0.08235294117647059,0
17.0,2086.3996,0,0,0,0,0,0,0,0,0.0,133.91764705882352,8.059015464782714,0.411764705882353,0.11764705882352942,0.17647058823529413,0.0,125.0,-1.4529411764705882,0
6.0,717.8081,0,0,0,0,0,0,0,0,0.0,104.63333333333334,4.531397819519043,0.5,0.16666666666666669,0.33333333333333337,0.0,0.0,-0.45,0
8.0,970.2069000000001,0,0,0,0,0,0,0,0,0.0,22.212500000000006,8.591073036193851,0.75,0.125,0.5,0.0,0.0,0.13749999999999996,0
27.0,2980.5514999999996,0,0,0,0,0,0,0,0,0.0,52.39259259259259,9.693546867370607,0.5185185185185185,0.18518518518518517,0.2592592592592593,0.0,0.0,-0.2296296296296296,0
21.0,2770.1462,0,0,0,0,0,0,0,0,0.2380952380952381,27.047619047619047,9.8232572555542,0.380952380952381,0.09523809523809523,0.4285714285714286,16500.0,16500.0,-1.6857142857142857,1
28.0,3781.2114,0,0,0,0,0,0,0,0,0.17857142857142858,109.33571428571429,11.71727390289307,0.21428571428571427,0.17857142857142858,0.2857142857142857,27500.0,27500.0,-2.582142857142857,1
21.0,2848.2184,0,0,0,0,0,0,0,0,0.2380952380952381,19.890476190476193,9.8232572555542,0.380952380952381,0.09523809523809523,0.4285714285714286,27500.0,27500.0,-2.038095238095238,1
22.0,2951.3613,0,0,0,0,0,0,0,0,0.22727272727272727,19.440909090909095,9.517806053161618,0.36363636363636365,0.09090909090909091,0.40909090909090906,27500.0,27500.0,-1.8318181818181818,1
22.0,2951.3613,0,0,0,0,0,0,0,0,0.22727272727272727,19.440909090909095,9.517806053161618,0.36363636363636365,0.09090909090909091,0.40909090909090906,27500.0,27500.0,-1.8318181818181818,1
20.0,2720.0461,0,0,0,0,0,0,0,0,0.25,20.385000000000005,9.526315879821777,0.35,0.1,0.45,27500.0,27500.0,-1.9449999999999998,1
15.0,1570.7889,0,0,0,0,0,0,0,0,0.13333333333333333,39.733333333333334,8.757208061218265,0.2,0.26666666666666666,0.4,0.0,0.0,0.12666666666666665,1
27.0,2988.4986999999996,0,0,0,0,0,0,0,0,0.07407407407407407,28.825925925925922,6.068267250061035,0.25925925925925924,0.25925925925925924,0.40740740740740744,1490.0,1490.0,0.3925925925925926,0
19.0,2297.5624,0,0,0,0,0,0,0,0,0.10526315789473685,54.55263157894737,8.379294395446777,0.4210526315789474,0.2105263157894737,0.26315789473684215,1490.0,1490.0,-1.3473684210526315,0
34.0,3937.4875,0,0,0,0,0,0,0,0,0.14705882352941177,41.34705882352942,9.516774559020995,0.2647058823529412,0.2058823529411765,0.411764705882353,8480.0,8480.0,-0.42058823529411765,0
7.0,846.0081999999999,0,0,0,0,0,0,0,0,0.14285714285714288,26.2,8.757208061218265,0.4285714285714286,0.14285714285714288,0.28571428571428575,0.0,0.0,0.014285714285714266,0
24.0,2946.2353,0,0,0,0,0,0,0,0,0.125,5.783333333333335,6.045304298400879,0.2916666666666667,0.33333333333333337,0.16666666666666669,1490.0,1490.0,-1.6958333333333335,0
37.0,3958.5868,0,0,0,0,0,0,0,0,0.0,26.427027027027034,8.175703239440917,0.35135135135135137,0.2162162162162162,0.32432432432432434,0.0,0.0,-0.24594594594594593,0
9.0,1092.4408,0,0,0,0,0,0,0,0,0.1111111111111111,-19.41111111111111,10.477740287780762,0.5555555555555556,0.1111111111111111,0.3333333333333333,0.0,0.0,-0.25555555555555554,1
27.0,2921.3651999999997,0,0,0,0,0,0,0,0,0.037037037037037035,14.814814814814813,6.205703926086425,0.4444444444444444,0.2962962962962963,0.40740740740740744,0.0,0.0,-0.16296296296296298,0
26.0,2854.2742999999996,0,0,0,0,0,0,0,0,0.038461538461538464,14.238461538461541,10.187954902648926,0.2692307692307692,0.4230769230769231,0.11538461538461539,0.0,0.0,-1.5423076923076924,1
36.0,4229.9725,0,0,0,0,0,0,0,0,0.08333333333333334,41.325,10.582501411437985,0.4444444444444445,0.19444444444444442,0.25,4470.0,4470.0,-1.6305555555555555,1
20.0,2505.9796,0,0,0,0,0,0,0,0,0.2,87.90499999999999,11.097152519226071,0.25,0.3,0.25,6990.0,6990.0,-0.8099999999999999,1
16.0,1862.3301000000001,0,0,0,0,0,0,0,0,0.0625,-28.975,10.676109504699706,0.5,0.1875,0.375,1490.0,1490.0,-0.94375,1
7.0,838.9513,0,0,0,0,0,0,0,0,0.0,30.21428571428571,8.598486900329593,0.5714285714285715,0.14285714285714288,0.14285714285714288,0.0,0.0,-2.085714285714286,0
16.0,2140.5081,0,0,0,0,0,0,0,0,0.0,112.97500000000001,10.845403480529786,0.5,0.0,0.0,0.0,0.0,-3.55,1
16.0,1945.1900999999998,0,0,0,0,0,0,0,0,0.0,29.075000000000003,8.223409843444827,0.1875,0.25,0.1875,0.0,0.0,-1.5875,0
18.0,1982.4985000000001,0,0,0,0,0,0,0,0,0.05555555555555555,1.2777777777777781,10.602486610412598,0.5555555555555556,0.1111111111111111,0.3888888888888889,5500.0,5500.0,0.6388888888888888,0
25.0,2723.0449,0,0,0,0,0,0,0,0,0.04,10.512,5.999435234069824,0.2,0.28,0.44,1490.0,1490.0,0.17600000000000002,1
26.0,2836.2025,0,0,0,0,0,0,0,0,0.038461538461538464,17.900000000000002,5.999435234069824,0.23076923076923078,0.2692307692307693,0.46153846153846156,1490.0,1490.0,0.3153846153846154,1
8.0,1039.3617000000002,0,0,0,0,0,0,0,0,0.0,59.125,11.999967765808105,0.375,0.0,0.5,0.0,0.0,0.0625,0
33.0,3552.1951,0,0,0,0,0,0,0,0,0.0,33.86060606060607,9.526315879821777,0.48484848484848486,0.30303030303030304,0.24242424242424243,0.0,0.0,-0.36363636363636365,0
9.0,1026.2338,0,0,0,0,0,0,0,0,0.0,-3.744444444444445,11.16626262664795,0.2222222222222222,0.3333333333333333,0.3333333333333333,0.0,0.0,-1.0555555555555556,0
18.0,1980.5257000000001,0,0,0,0,0,0,0,0,0.05555555555555555,-18.855555555555558,10.602486610412598,0.7777777777777778,0.0,0.4444444444444444,5500.0,5500.0,0.6722222222222222,0
13.0,1793.2281,0,0,0,0,0,0,0,0,0.23076923076923078,45.9923076923077,10.699318122863769,0.5384615384615384,0.07692307692307693,0.3076923076923077,11000.0,11000.0,-1.7692307692307692,1
7.0,991.1464,0,0,0,0,0,0,0,0,0.28571428571428575,-3.5571428571428574,11.000836753845213,0.14285714285714288,0.14285714285714288,0.4285714285714286,5500.0,5500.0,-1.2857142857142858,1
10.0,1406.7004,0,0,0,0,0,0,0,0,0.2,57.79,11.999967765808105,0.30000000000000004,0.1,0.30000000000000004,5500.0,5500.0,-1.55,0
13.0,1849.2549000000001,0,0,0,0,0,0,0,0,0.23076923076923078,46.761538461538464,11.999967765808105,0.38461538461538464,0.07692307692307693,0.3076923076923077,11000.0,11000.0,-1.8615384615384616,1
12.0,1657.9423,0,0,0,0,0,0,0,0,0.16666666666666669,49.825,11.999967765808105,0.25,0.16666666666666669,0.25,5500.0,5500.0,-1.8499999999999999,0
23.0,2275.8255999999997,0,0,0,0,0,0,0,0,0.0,43.060869565217395,10.954419517517088,0.9130434782608696,0.08695652173913043,0.0,0.0,0.0,-0.9739130434782608,1
17.0,1979.3968,0,0,0,0,0,0,0,0,0.0,51.788235294117655,11.999967765808105,0.35294117647058826,0.05882352941176471,0.35294117647058826,0.0,0.0,-0.10588235294117646,0
26.0,2779.4608999999996,0,0,0,0,0,0,0,0,0.0,3.0846153846153848,10.477804756164549,0.8461538461538461,0.0,0.3846153846153846,0.0,0.0,0.9230769230769231,1
27.0,2868.6367999999998,0,0,0,0,0,0,0,0,0.0,6.485185185185184,10.477804756164549,0.8888888888888888,0.0,0.4444444444444444,0.0,0.0,1.2888888888888888,1
25.0,3102.6348,0,0,0,0,0,0,0,0,0.12,61.900000000000006,10.411337852478024,0.4,0.2,0.27999999999999997,4470.0,4470.0,-1.82,1
19.0,2231.4845,0,0,0,0,0,0,0,0,0.052631578947368425,2.7368421052631584,6.767159461975097,0.368421052631579,0.2105263157894737,0.368421052631579,5500.0,5500.0,-1.1842105263157894,0
16.0,1951.3652000000002,0,0,0,0,0,0,0,0,0.125,33.0875,11.10553340911865,0.375,0.125,0.25,5500.0,5500.0,-0.80625,1
16.0,1904.2576,0,0,0,0,0,0,0,0,0.0625,19.1375,9.69941349029541,0.75,0.0625,0.25,1490.0,1490.0,-1.14375,0
34.0,3987.7487,0,0,0,0,0,0,0,0,0.11764705882352942,10.58235294117647,10.845983695983886,0.44117647058823534,0.23529411764705885,0.23529411764705885,6990.0,6990.0,-1.3470588235294116,1
9.0,1171.566,0,0,0,0,0,0,0,0,0.0,8.88888888888889,10.903296089172361,1.0,0.0,0.0,0.0,0.0,-3.9000000000000004,1
16.0,2068.7721,0,0,0,0,0,0,0,0,0.0,9.375,11.176190757751463,1.0,0.0,0.0,0.0,0.0,-3.9,1
19.0,2453.289,0,0,0,0,0,0,0,0,0.0,9.473684210526315,11.255357933044433,1.0,0.0,0.0,0.0,0.0,-3.9,1
15.0,1855.2367,0,0,0,0,0,0,0,0,0.0,48.373333333333335,10.81561908721924,0.6,0.2,0.06666666666666667,0.0,0.0,-3.0866666666666664,1
15.0,1768.9667,0,0,0,0,0,0,0,0,0.06666666666666667,5.700000000000004,8.446277046203615,0.26666666666666666,0.2,0.3333333333333333,1490.0,1490.0,-1.26,0
16.0,1868.0977000000003,0,0,0,0,0,0,0,0,0.0625,5.9687500000000036,8.446277046203615,0.25,0.1875,0.375,1490.0,1490.0,-0.91875,0
10.0,1531.8887,0,0,0,0,0,0,0,0,0.4,9.0,10.699318122863769,0.6,0.0,0.4,22000.0,22000.0,-2.7,1
11.0,1386.8533,0,0,0,0,0,0,0,0,0.09090909090909091,-17.936363636363634,10.699318122863769,0.8181818181818181,0.0,0.45454545454545453,0.0,0.0,-0.4272727272727273,1
11.0,1421.8542,0,0,0,0,0,0,0,0,0.18181818181818182,-10.218181818181815,10.301548194885253,0.7272727272727273,0.0,0.5454545454545454,1490.0,1490.0,-0.19090909090909094,1
22.0,2825.6931,0,0,0,0,0,0,0,0,0.18181818181818182,-13.622727272727271,10.477353477478026,0.7272727272727273,0.0,0.5454545454545454,2980.0,2980.0,-0.19090909090909094,1
16.0,1834.0999000000002,0,0,0,0,0,0,0,0,0.0,82.7125,6.206442832946778,0.5,0.3125,0.25,0.0,0.0,-0.8625,0
14.0,1570.9187,0,0,0,0,0,0,0,0,0.0,-7.550000000000001,10.778420829772951,0.5,0.2142857142857143,0.28571428571428575,0.0,0.0,-2.4071428571428575,1
22.0,2469.0201,0,0,0,0,0,0,0,0,0.0,-8.454545454545455,10.954419517517088,0.45454545454545453,0.18181818181818182,0.36363636363636365,0.0,0.0,-2.0272727272727273,1
10.0,1172.4613,0,0,0,0,0,0,0,0,0.0,-7.030000000000001,10.602486610412598,0.5,0.1,0.4,0.0,0.0,-1.8699999999999999,1
8.0,1183.4176,0,0,0,0,0,0,0,0,0.0,288.375,11.999967765808105,0.25,0.0,0.0,0.0,0.0,-4.225,0
14.0,1711.0647999999999,0,0,0,0,0,0,0,0,0.07142857142857144,67.11428571428573,10.060887718200682,0.35714285714285715,0.14285714285714288,0.28571428571428575,1490.0,1615.0,-1.042857142857143,1
10.0,1160.4076,0,0,0,0,0,0,0,0,0.0,1.46,10.602486610412598,0.5,0.1,0.4,0.0,0.0,-2.3899999999999997,1
16.0,2246.7274,0,0,0,0,0,0,0,0,0.1875,48.5125,11.999967765808105,0.3125,0.0625,0.3125,11000.0,11000.0,-1.73125,1
8.0,1275.5441,0,0,0,0,0,0,0,0,0.5,8.75,10.477740287780762,0.5,0.0,0.5,22000.0,22000.0,-2.4,1
11.0,1481.754,0,0,0,0,0,0,0,0,0.09090909090909091,23.67272727272728,11.999967765808105,0.2727272727272727,0.18181818181818182,0.09090909090909091,1490.0,1490.0,-3.290909090909091,1
18.0,1950.4996999999998,0,0,0,0,0,0,0,0,0.05555555555555555,-4.705555555555556,10.602486610412598,0.9444444444444445,0.0,0.38888888888888895,5500.0,5500.0,0.7333333333333333,1
18.0,1782.1808999999998,0,0,0,0,0,0,0,0,0.05555555555555555,0.011111111111110876,10.602486610412598,0.9444444444444444,0.0,0.16666666666666666,5500.0,5500.0,0.2888888888888889,0
18.0,1866.3402999999998,0,0,0,0,0,0,0,0,0.05555555555555555,-9.422222222222222,10.602486610412598,0.9444444444444444,0.0,0.2777777777777778,5500.0,5500.0,0.5111111111111111,0
14.0,1451.8819999999998,0,0,0,0,0,0,0,0,0.0,-21.03571428571429,10.477740287780762,1.0,0.0,0.35714285714285715,0.0,0.0,0.8857142857142858,0
16.0,1703.1239,0,0,0,0,0,0,0,0,0.0,-17.15625,10.477740287780762,0.875,0.0625,0.3125,0.0,0.0,0.35624999999999996,0
17.0,1764.2898,0,0,0,0,0,0,0,0,0.0,-20.552941176470593,10.602486610412598,1.0,0.0,0.35294117647058826,0.0,0.0,0.8294117647058823,1
17.0,1865.3937,0,0,0,0,0,0,0,0,0.0,-30.54117647058824,10.301548194885253,0.9411764705882354,0.05882352941176471,0.35294117647058826,0.0,0.0,0.18235294117647058,1
14.0,1451.8819999999998,0,0,0,0,0,0,0,0,0.0,-21.03571428571429,10.477740287780762,1.0,0.0,0.35714285714285715,0.0,0.0,0.8857142857142858,0
16.0,1693.2119,0,0,0,0,0,0,0,0,0.0,-22.462500000000002,10.602486610412598,1.0,0.0,0.375,0.0,0.0,0.7687499999999999,1
18.0,1877.4474,0,0,0,0,0,0,0,0,0.0,-23.572222222222226,10.602486610412598,1.0,0.0,0.38888888888888884,0.0,0.0,0.9944444444444444,1
20.0,2037.6416,0,0,0,0,0,0,0,0,0.0,-20.215000000000003,10.19846324920654,0.8999999999999999,0.05,0.35,0.0,0.0,1.0,1
16.0,1703.1239,0,0,0,0,0,0,0,0,0.0,-17.15625,10.477740287780762,0.875,0.0625,0.3125,0.0,0.0,0.35624999999999996,0
18.0,1877.3611999999998,0,0,0,0,0,0,0,0,0.0,26.8,10.302063941955566,0.8888888888888888,0.0,0.38888888888888884,0.0,0.0,1.0388888888888888,0
18.0,1950.4996999999998,0,0,0,0,0,0,0,0,0.05555555555555555,-18.855555555555558,10.602486610412598,0.9444444444444445,0.0,0.38888888888888895,5500.0,5500.0,0.7333333333333333,1
18.0,1950.4996999999998,0,0,0,0,0,0,0,0,0.05555555555555555,-27.20555555555556,10.602486610412598,0.9444444444444445,0.0,0.38888888888888895,5500.0,5500.0,0.7333333333333333,0
18.0,1877.275,0,0,0,0,0,0,0,0,0.0,77.17222222222222,8.750052070617677,0.7777777777777778,0.0,0.38888888888888884,0.0,0.0,1.0833333333333333,1
27.0,2936.4028999999996,0,0,0,0,0,0,0,0,0.0,8.174074074074074,4.938933372497558,0.6296296296296295,0.25925925925925924,0.37037037037037035,0.0,0.0,0.08148148148148146,0
18.0,1793.2878,0,0,0,0,0,0,0,0,0.0,-26.150000000000006,10.602486610412598,0.6666666666666666,0.33333333333333337,0.38888888888888884,0.0,0.0,0.26111111111111107,0
5.0,546.7235,0,0,0,0,0,0,0,0,0.0,-8.98,8.750052070617677,0.6000000000000001,0.2,0.4,0.0,0.0,1.1199999999999999,1
13.0,1485.8584999999998,0,0,0,0,0,0,0,0,0.07692307692307693,-23.423076923076927,11.33375148773193,0.38461538461538464,0.23076923076923078,0.38461538461538464,0.0,0.0,-0.5846153846153845,1
25.0,2778.2826999999997,0,0,0,0,0,0,0,0,0.04,5.924,10.304126930236816,0.32,0.36,0.2,0.0,0.0,-1.208,1
27.0,3020.5144999999998,0,0,0,0,0,0,0,0,0.037037037037037035,7.792592592592592,10.304126930236816,0.2962962962962963,0.37037037037037035,0.18518518518518517,0.0,0.0,-1.377777777777778,1
27.0,3023.5382,0,0,0,0,0,0,0,0,0.037037037037037035,10.937037037037037,10.187954902648926,0.2962962962962963,0.37037037037037035,0.18518518518518517,0.0,0.0,-1.162962962962963,1
29.0,3208.7618,0,0,0,0,0,0,0,0,0.034482758620689655,7.944827586206896,10.304126930236816,0.3103448275862069,0.3793103448275862,0.1724137931034483,0.0,0.0,-1.2310344827586208,1
25.0,2860.4793,0,0,0,0,0,0,0,0,0.04,27.544000000000008,11.999967765808105,0.32,0.27999999999999997,0.2,0.0,0.0,-1.288,1
8.0,1039.3617000000002,0,0,0,0,0,0,0,0,0.0,38.8875,11.999967765808105,0.5,0.0,0.5,0.0,0.0,-0.025000000000000022,0
30.0,3543.1234999999997,0,0,0,0,0,0,0,0,0.13333333333333333,74.44666666666666,9.628046989440918,0.33333333333333337,0.3,0.3,4470.0,4595.0,-0.78,0
22.0,2493.1766,0,0,0,0,0,0,0,0,0.0,34.22727272727273,11.17232265472412,0.6818181818181818,0.045454545454545456,0.3181818181818182,0.0,0.0,0.24545454545454543,1
18.0,1950.4996999999998,0,0,0,0,0,0,0,0,0.05555555555555555,6.866666666666668,10.602486610412598,0.9444444444444445,0.0,0.38888888888888895,5500.0,5500.0,0.7333333333333333,0
18.0,1950.4996999999998,0,0,0,0,0,0,0,0,0.05555555555555555,-2.5666666666666673,10.602486610412598,0.9444444444444445,0.0,0.38888888888888895,5500.0,5500.0,0.7333333333333333,0
15.0,1790.4528,0,0,0,0,0,0,0,0,0.0,-35.94666666666667,10.602486610412598,1.0,0.0,0.6666666666666667,0.0,0.0,1.2333333333333334,1
21.0,2469.3984,0,0,0,0,0,0,0,0,0.0,-22.819047619047623,10.602486610412598,1.0,0.0,0.7619047619047619,0.0,0.0,1.9666666666666666,1
7.0,816.0405,0,0,0,0,0,0,0,0,0.0,-3.5571428571428574,10.002737236022949,0.7142857142857143,0.0,0.7142857142857143,0.0,0.0,0.3142857142857142,0
6.0,699.8424,0,0,0,0,0,0,0,0,0.0,-5.816666666666667,11.000836753845213,0.5,0.16666666666666669,0.33333333333333337,0.0,0.0,-0.3499999999999999,0
19.0,2275.7207,0,0,0,0,0,0,0,0,0.10526315789473685,85.63157894736842,11.735067176818848,0.2631578947368421,0.31578947368421056,0.31578947368421056,0.0,0.0,-0.9,1
5.0,586.7874,0,0,0,0,0,0,0,0,0.0,68.06,8.750052070617677,0.6000000000000001,0.2,0.4,0.0,0.0,0.8800000000000001,1
5.0,556.6953,0,0,0,0,0,0,0,0,0.0,51.08,8.750052070617677,0.4,0.2,0.6000000000000001,0.0,0.0,0.36,1
33.0,3736.1921,0,0,0,0,0,0,0,0,0.09090909090909091,20.18484848484849,5.55859203338623,0.36363636363636365,0.24242424242424243,0.33333333333333337,5500.0,5500.0,-0.5,0
14.0,1634.8345,0,0,0,0,0,0,0,0,0.07142857142857144,51.114285714285714,10.289686012268067,0.2142857142857143,0.3571428571428572,0.28571428571428575,1490.0,1490.0,-1.2214285714285715,0
9.0,977.0671,0,0,0,0,0,0,0,0,0.0,91.07777777777778,4.3702592849731445,0.3333333333333333,0.4444444444444445,0.3333333333333333,0.0,0.0,-0.08888888888888889,1
21.0,2455.852,0,0,0,0,0,0,0,0,0.0,57.34761904761905,11.999967765808105,0.38095238095238093,0.14285714285714285,0.14285714285714285,0.0,0.0,-1.7857142857142858,1
18.0,2108.4842,0,0,0,0,0,0,0,0,0.1111111111111111,44.22222222222223,9.699929237365723,0.4444444444444444,0.16666666666666666,0.4444444444444444,6990.0,6990.0,-0.13888888888888892,0
32.0,3764.3545999999997,0,0,0,0,0,0,0,0,0.03125,66.046875,6.056331062316894,0.4375,0.125,0.40625,5500.0,5500.0,-0.41875,0
34.0,3565.2349000000004,0,0,0,0,0,0,0,0,0.029411764705882356,-0.788235294117647,9.628756141662599,0.411764705882353,0.23529411764705885,0.44117647058823534,1490.0,1490.0,0.6941176470588236,0
15.0,2024.3528000000001,0,0,0,0,0,0,0,0,0.26666666666666666,125.2,11.723011589050294,0.2,0.2,0.4666666666666667,17990.0,17990.0,-1.3266666666666667,1
15.0,1975.2788,0,0,0,0,0,0,0,0,0.26666666666666666,95.90666666666665,11.000256538391113,0.26666666666666666,0.13333333333333333,0.4666666666666667,13980.0,13980.0,-1.1266666666666665,1
15.0,1916.2083000000002,0,0,0,0,0,0,0,0,0.26666666666666666,92.03999999999999,10.278081703186032,0.26666666666666666,0.2,0.4666666666666667,13980.0,13980.0,-0.9333333333333333,1
15.0,2001.3161,0,0,0,0,0,0,0,0,0.26666666666666666,125.2,11.000256538391113,0.2,0.2,0.4666666666666667,13980.0,13980.0,-1.3533333333333333,1
15.0,2086.4221000000002,0,0,0,0,0,0,0,0,0.33333333333333337,113.26,11.000256538391113,0.2,0.2,0.4666666666666667,19480.0,19480.0,-1.3666666666666667,1
16.0,1972.2898,0,0,0,0,0,0,0,0,0.25,67.83125,10.002737236022949,0.375,0.375,0.4375,22000.0,22000.0,-0.28750000000000003,1
21.0,2254.6105,0,0,0,0,0,0,0,0,0.047619047619047616,51.33333333333332,9.787026023864744,0.2857142857142857,0.38095238095238093,0.23809523809523808,5500.0,5500.0,-0.49523809523809526,0
13.0,1593.0184,0,0,0,0,0,0,0,0,0.0,58.13846153846154,9.752470970153805,0.38461538461538464,0.23076923076923078,0.0,0.0,125.0,-1.6846153846153844,0
13.0,1682.1130999999998,0,0,0,0,0,0,0,0,0.07692307692307693,93.18461538461538,9.752470970153805,0.38461538461538464,0.15384615384615385,0.07692307692307693,5500.0,5625.0,-1.6307692307692307,1
13.0,1771.2078,0,0,0,0,0,0,0,0,0.15384615384615385,122.43076923076923,9.752470970153805,0.38461538461538464,0.07692307692307693,0.15384615384615385,11000.0,11125.0,-1.5769230769230769,1
12.0,1668.0648999999999,0,0,0,0,0,0,0,0,0.16666666666666669,131.8,10.060887718200682,0.41666666666666674,0.08333333333333334,0.16666666666666669,11000.0,11125.0,-1.9166666666666667,1
13.0,1755.1422,0,0,0,0,0,0,0,0,0.15384615384615385,122.43076923076923,10.060887718200682,0.38461538461538464,0.15384615384615385,0.15384615384615385,11000.0,11125.0,-1.830769230769231,1
11.0,1564.922,0,0,0,0,0,0,0,0,0.18181818181818182,142.87272727272727,10.464266395568849,0.4545454545454546,0.09090909090909091,0.18181818181818182,11000.0,11000.0,-2.3181818181818183,1
13.0,1755.1422,0,0,0,0,0,0,0,0,0.15384615384615385,147.5076923076923,10.060887718200682,0.38461538461538464,0.15384615384615385,0.15384615384615385,11000.0,11125.0,-1.830769230769231,1
13.0,1739.0765999999999,0,0,0,0,0,0,0,0,0.15384615384615385,137.24615384615385,10.464266395568849,0.38461538461538464,0.23076923076923078,0.15384615384615385,11000.0,11000.0,-2.0846153846153848,0
13.0,1859.2695999999999,0,0,0,0,0,0,0,0,0.3076923076923077,133.01538461538465,9.106497764587402,0.3076923076923077,0.07692307692307693,0.3076923076923077,22000.0,22125.0,-1.0692307692307692,1
10.0,1461.7791,0,0,0,0,0,0,0,0,0.2,148.62,11.166069221496581,0.5,0.1,0.2,11000.0,11000.0,-2.8,0
13.0,1755.1422,0,0,0,0,0,0,0,0,0.15384615384615385,152.06153846153848,10.060887718200682,0.38461538461538464,0.15384615384615385,0.15384615384615385,11000.0,11125.0,-1.830769230769231,0
13.0,1739.0765999999999,0,0,0,0,0,0,0,0,0.15384615384615385,152.06153846153848,10.464266395568849,0.38461538461538464,0.23076923076923078,0.15384615384615385,11000.0,11000.0,-2.0846153846153848,1
13.0,1739.0765999999999,0,0,0,0,0,0,0,0,0.15384615384615385,177.13846153846154,10.464266395568849,0.38461538461538464,0.23076923076923078,0.15384615384615385,11000.0,11000.0,-2.0846153846153848,0
13.0,1723.011,0,0,0,0,0,0,0,0,0.15384615384615385,166.87692307692308,11.166069221496581,0.38461538461538464,0.3076923076923077,0.15384615384615385,11000.0,11000.0,-2.338461538461538,0
10.0,1191.5718,0,0,0,0,0,0,0,0,0.1,16.129999999999995,10.477740287780762,0.5,0.1,0.4,0.0,0.0,0.19000000000000003,0
14.0,1677.0633999999998,0,0,0,0,0,0,0,0,0.07142857142857144,37.66428571428571,9.9971284866333,0.5714285714285715,0.07142857142857144,0.28571428571428575,0.0,0.0,-0.5571428571428572,0
19.0,2356.7225,0,0,0,0,0,0,0,0,0.052631578947368425,114.14210526315789,11.999967765808105,0.3684210526315789,0.052631578947368425,0.15789473684210528,5500.0,5500.0,-1.7789473684210524,1
21.0,2516.9166999999998,0,0,0,0,0,0,0,0,0.047619047619047616,100.18095238095238,11.999967765808105,0.33333333333333337,0.09523809523809523,0.14285714285714285,5500.0,5500.0,-1.5095238095238095,0
15.0,1869.0774999999999,0,0,0,0,0,0,0,0,0.06666666666666667,78.48,10.062112617492676,0.2,0.2,0.13333333333333333,5500.0,5500.0,-1.72,1
31.0,3667.2888000000003,0,0,0,0,0,0,0,0,0.12903225806451613,79.94870967741934,9.69399814605713,0.22580645161290322,0.22580645161290322,0.4193548387096774,8480.0,8605.0,-0.10967741935483873,0
9.0,1044.1200000000001,0,0,0,0,0,0,0,0,0.0,-9.977777777777778,8.59042835235596,0.3333333333333333,0.4444444444444444,0.1111111111111111,0.0,0.0,-2.8333333333333335,0
31.0,3539.8382,0,0,0,0,0,0,0,0,0.06451612903225806,98.51935483870966,4.898407173156738,0.25806451612903225,0.29032258064516125,0.3225806451612903,1490.0,1490.0,-0.6419354838709677,0
34.0,4069.6288999999997,0,0,0,0,0,0,0,0,0.08823529411764706,72.1,9.623340797424316,0.3235294117647059,0.17647058823529413,0.29411764705882354,1490.0,1490.0,-0.711764705882353,0
30.0,3418.2331999999997,0,0,0,0,0,0,0,0,0.1,47.29333333333333,10.19311237335205,0.3666666666666667,0.26666666666666666,0.4,11000.0,11000.0,0.41333333333333333,1
16.0,2033.4362,0,0,0,0,0,0,0,0,0.0625,89.17500000000001,11.999967765808105,0.375,0.25,0.0625,5500.0,5500.0,-3.04375,1
7.0,884.035,0,0,0,0,0,0,0,0,0.0,2.4142857142857164,9.994291877746583,0.4285714285714286,0.28571428571428575,0.14285714285714288,0.0,0.0,-2.442857142857143,0
12.0,1404.7032,0,0,0,0,0,0,0,0,0.0,40.583333333333336,11.38842067718506,0.41666666666666663,0.5,0.0,0.0,0.0,-2.891666666666667,1
14.0,1545.9334999999999,0,0,0,0,0,0,0,0,0.07142857142857144,-0.5357142857142845,11.263867759704592,0.5714285714285714,0.28571428571428575,0.2857142857142857,0.0,0.0,-0.10714285714285719,1
15.0,1773.9137,0,0,0,0,0,0,0,0,0.13333333333333333,47.85333333333333,4.1373899459838865,0.26666666666666666,0.2,0.4666666666666667,5500.0,5500.0,-0.9066666666666666,0
16.0,2162.6872,0,0,0,0,0,0,0,0,0.1875,48.7125,10.778420829772951,0.5,0.0625,0.3125,11000.0,11000.0,-1.61875,0
16.0,2196.5179,0,0,0,0,0,0,0,0,0.1875,43.56875000000001,11.999967765808105,0.1875,0.1875,0.3125,11000.0,11000.0,-1.9625,1
9.0,1181.4779,0,0,0,0,0,0,0,0,0.0,74.96666666666667,11.999967765808105,0.4444444444444444,0.1111111111111111,0.1111111111111111,0.0,0.0,-2.8,1
6.0,847.0196,0,0,0,0,0,0,0,0,0.16666666666666669,47.733333333333334,11.999967765808105,0.16666666666666669,0.0,0.33333333333333337,0.0,0.0,-1.5166666666666666,1
22.0,2899.5384,0,0,0,0,0,0,0,0,0.09090909090909091,57.41363636363636,11.999967765808105,0.40909090909090906,0.09090909090909091,0.2727272727272727,0.0,0.0,-1.7772727272727273,1
11.0,1301.5618,0,0,0,0,0,0,0,0,0.0,41.800000000000004,11.00038547515869,0.7272727272727273,0.0,0.09090909090909091,0.0,0.0,-1.1545454545454545,1
27.0,2763.1085,0,0,0,0,0,0,0,0,0.07407407407407407,33.555555555555564,8.58978366851807,0.14814814814814814,0.4444444444444444,0.37037037037037035,1490.0,1490.0,0.28888888888888886,0
31.0,3528.9314,0,0,0,0,0,0,0,0,0.0967741935483871,11.177419354838712,10.267186546325682,0.25806451612903225,0.22580645161290322,0.3548387096774194,1490.0,1490.0,-0.4838709677419355,0
22.0,2712.1535,0,0,0,0,0,0,0,0,0.0,111.33636363636363,11.999967765808105,0.45454545454545453,0.09090909090909091,0.09090909090909091,0.0,0.0,-2.0818181818181816,1
24.0,2872.3477,0,0,0,0,0,0,0,0,0.0,102.89166666666667,11.999967765808105,0.4166666666666667,0.125,0.08333333333333334,0.0,0.0,-1.8208333333333335,0
5.0,601.6962,0,0,0,0,0,0,0,0,0.0,73.2,8.748246955871583,0.6000000000000001,0.0,0.2,0.0,0.0,-1.18,0
26.0,3049.5341999999996,0,0,0,0,0,0,0,0,0.038461538461538464,15.984615384615383,9.782577705383297,0.2692307692307692,0.2692307692307693,0.23076923076923078,1490.0,1615.0,-1.2692307692307692,0
16.0,2050.4332,0,0,0,0,0,0,0,0,0.0625,80.11250000000001,9.784060478210446,0.375,0.0625,0.375,1490.0,1490.0,-0.775,0
12.0,1532.8389,0,0,0,0,0,0,0,0,0.0,74.55,11.999967765808105,0.16666666666666669,0.16666666666666669,0.33333333333333337,0.0,0.0,-1.2833333333333334,1
12.0,1483.7614999999998,0,0,0,0,0,0,0,0,0.0,78.71666666666668,11.999967765808105,0.16666666666666669,0.25,0.33333333333333337,0.0,0.0,-0.725,1
11.0,1293.6044,0,0,0,0,0,0,0,0,0.0,43.06363636363636,11.38842067718506,0.45454545454545453,0.36363636363636365,0.09090909090909091,0.0,0.0,-2.4181818181818184,1
12.0,1394.7083,0,0,0,0,0,0,0,0,0.0,40.30833333333333,11.38842067718506,0.41666666666666663,0.33333333333333337,0.16666666666666669,0.0,0.0,-2.275,1
19.0,2179.6521000000002,0,0,0,0,0,0,0,0,0.0,25.173684210526314,11.50523738861084,0.4210526315789474,0.2631578947368421,0.26315789473684215,0.0,0.0,-2.2473684210526317,1
23.0,2619.2010999999998,0,0,0,0,0,0,0,0,0.0,15.565217391304346,11.5349573135376,0.391304347826087,0.2608695652173913,0.30434782608695654,0.0,0.0,-1.9304347826086956,1
27.0,3077.7535,0,0,0,0,0,0,0,0,0.0,14.740740740740739,11.586016273498537,0.4074074074074074,0.2222222222222222,0.33333333333333337,0.0,0.0,-1.9851851851851852,1
30.0,3434.1708,0,0,0,0,0,0,0,0,0.0,11.436666666666664,11.000127601623536,0.43333333333333335,0.23333333333333334,0.3333333333333333,0.0,0.0,-1.9066666666666665,1
37.0,4215.0828,0,0,0,0,0,0,0,0,0.0,12.294594594594596,11.067368125915525,0.40540540540540543,0.24324324324324326,0.3243243243243243,0.0,0.0,-1.9756756756756755,1
10.0,1236.5531,0,0,0,0,0,0,0,0,0.0,54.86,11.38842067718506,0.5,0.30000000000000004,0.1,0.0,0.0,-2.62,1
12.0,1441.7713999999999,0,0,0,0,0,0,0,0,0.0,67.77500000000002,11.999967765808105,0.5,0.25,0.08333333333333334,0.0,0.0,-2.566666666666667,1
12.0,1516.9817,0,0,0,0,0,0,0,0,0.08333333333333334,54.28333333333334,11.10553340911865,0.4166666666666667,0.0,0.5,0.0,0.0,0.45,1
14.0,1905.4343999999999,0,0,0,0,0,0,0,0,0.0,153.07142857142856,11.999967765808105,0.5714285714285714,0.0,0.35714285714285715,0.0,0.0,-1.407142857142857,1
7.0,1096.2904,0,0,0,0,0,0,0,0,0.28571428571428575,213.25714285714287,11.999967765808105,0.28571428571428575,0.0,0.28571428571428575,11000.0,11000.0,-3.1142857142857143,1
16.0,1751.172,0,0,0,0,0,0,0,0,0.0,48.518750000000004,11.471778297424319,0.6875,0.125,0.0625,0.0,0.0,-1.5999999999999999,1
17.0,1852.2759,0,0,0,0,0,0,0,0,0.0,46.25294117647059,11.471778297424319,0.7058823529411765,0.11764705882352942,0.11764705882352942,0.0,0.0,-1.588235294117647,1
15.0,2012.4067,0,0,0,0,0,0,0,0,0.2,19.453333333333326,11.733971214294431,0.26666666666666666,0.2,0.3333333333333333,6990.0,6990.0,-1.6666666666666667,1
26.0,3269.7540999999997,0,0,0,0,0,0,0,0,0.0,147.78846153846155,11.999967765808105,0.3846153846153846,0.15384615384615385,0.15384615384615385,0.0,0.0,-2.1653846153846152,1
28.0,3429.9483,0,0,0,0,0,0,0,0,0.0,134.9142857142857,11.910421180725098,0.35714285714285715,0.1785714285714286,0.14285714285714288,0.0,0.0,-1.9357142857142857,0
7.0,1055.2453,0,0,0,0,0,0,0,0,0.0,328.14285714285717,11.999967765808105,0.14285714285714288,0.0,0.0,0.0,0.0,-4.271428571428571,0
13.0,1671.9495,0,0,0,0,0,0,0,0,0.0,160.7846153846154,11.999967765808105,0.38461538461538464,0.23076923076923078,0.07692307692307693,0.0,0.0,-2.923076923076923,1
10.0,1421.7815,0,0,0,0,0,0,0,0,0.2,156.16,10.480770301818847,0.4,0.0,0.2,11000.0,11125.0,-2.1399999999999997,1
7.0,904.0643,0,0,0,0,0,0,0,0,0.14285714285714288,86.82857142857144,8.589912605285647,0.4285714285714286,0.14285714285714288,0.4285714285714286,1490.0,1490.0,-0.9714285714285714,0
20.0,2433.715,0,0,0,0,0,0,0,0,0.2,34.7,9.526315879821777,0.2,0.30000000000000004,0.4,2980.0,2980.0,-0.915,0
18.0,2209.6892,0,0,0,0,0,0,0,0,0.0,97.18333333333334,11.999967765808105,0.3888888888888889,0.05555555555555555,0.33333333333333337,0.0,0.0,-0.4444444444444444,0
15.0,1700.0987,0,0,0,0,0,0,0,0,0.0,31.013333333333335,10.316633796691892,0.4,0.3333333333333333,0.2,0.0,0.0,-1.3933333333333333,1
18.0,2213.4061,0,0,0,0,0,0,0,0,0.2222222222222222,36.205555555555556,8.430546760559086,0.3888888888888889,0.2222222222222222,0.3333333333333333,13980.0,13980.0,-1.3444444444444443,1
47.0,4928.4689,0,0,0,0,0,0,0,0,0.06382978723404255,60.3382978723404,4.528953742980956,0.1702127659574468,0.4680851063829787,0.276595744680851,8480.0,8605.0,-0.425531914893617,0
15.0,1661.8962999999999,0,0,0,0,0,0,0,0,0.06666666666666667,67.91999999999999,8.58978366851807,0.2,0.4666666666666667,0.4,1490.0,1490.0,-0.020000000000000025,0
20.0,2160.4747,0,0,0,0,0,0,0,0,0.0,-7.4,10.582759284973143,0.35,0.35000000000000003,0.3,0.0,0.0,-1.22,1
22.0,2684.0553999999997,0,0,0,0,0,0,0,0,0.045454545454545456,60.19090909090908,8.43834743499756,0.45454545454545453,0.13636363636363635,0.36363636363636365,1490.0,1490.0,-0.9681818181818183,0
12.0,1376.5122999999999,0,0,0,0,0,0,0,0,0.16666666666666669,82.375,6.746867942810059,0.33333333333333337,0.25,0.33333333333333337,2980.0,2980.0,-0.8166666666666668,1
11.0,1268.5486,0,0,0,0,0,0,0,0,0.0,38.654545454545456,10.602486610412598,0.45454545454545453,0.36363636363636365,0.18181818181818182,0.0,0.0,-2.109090909090909,1
14.0,1681.9343999999999,0,0,0,0,0,0,0,0,0.07142857142857144,48.635714285714286,10.565030479431151,0.4285714285714286,0.2142857142857143,0.28571428571428575,1490.0,1490.0,-2.0714285714285716,0
21.0,2480.1995,0,0,0,0,0,0,0,0,0.047619047619047616,3.438095238095238,10.822259330749514,0.6666666666666666,0.047619047619047616,0.38095238095238093,5500.0,5500.0,-0.43809523809523804,0
20.0,2520.0677,0,0,0,0,0,0,0,0,0.15000000000000002,15.845,10.655673027038574,0.35000000000000003,0.15000000000000002,0.45,2980.0,2980.0,-0.79,1
18.0,2148.2933,0,0,0,0,0,0,0,0,0.05555555555555555,69.22777777777779,6.276241111755371,0.16666666666666666,0.4444444444444444,0.2222222222222222,0.0,0.0,-1.9055555555555554,0
30.0,3513.9071000000004,0,0,0,0,0,0,0,0,0.03333333333333333,-8.099999999999998,6.763635444641113,0.4,0.26666666666666666,0.3666666666666667,0.0,0.0,-0.9800000000000001,0
16.0,1934.545,0,0,0,0,0,0,0,0,0.0,0.18750000000000155,11.999967765808105,0.625,0.0,0.625,0.0,0.0,0.65,1
10.0,1171.3471,0,0,0,0,0,0,0,0,0.0,-2.370000000000001,8.589977073669434,0.4,0.30000000000000004,0.30000000000000004,0.0,0.0,-1.0699999999999998,0
20.0,2448.9387,0,0,0,0,0,0,0,0,0.0,5.9300000000000015,11.711987495422363,0.15000000000000002,0.15000000000000002,0.35,0.0,0.0,-0.9,1
21.0,2244.9728,0,0,0,0,0,0,0,0,0.0,-12.13333333333333,10.602486610412598,0.2380952380952381,0.0,0.7619047619047619,0.0,0.0,2.2714285714285714,1
18.0,2223.6328,0,0,0,0,0,0,0,0,0.16666666666666666,51.25000000000001,10.16416606903076,0.05555555555555555,0.2222222222222222,0.2222222222222222,6990.0,7240.0,-0.7777777777777778,1
17.0,2268.7577,0,0,0,0,0,0,0,0,0.23529411764705885,13.223529411764709,9.930983924865721,0.05882352941176471,0.05882352941176471,0.35294117647058826,8480.0,8730.0,-0.5176470588235295,1
18.0,2325.8089999999997,0,0,0,0,0,0,0,0,0.2222222222222222,8.327777777777781,9.930983924865721,0.05555555555555555,0.1111111111111111,0.3333333333333333,8480.0,8730.0,-0.5111111111111111,1
18.0,2189.6166,0,0,0,0,0,0,0,0,0.1111111111111111,39.12222222222223,10.16416606903076,0.05555555555555555,0.2222222222222222,0.2222222222222222,6990.0,7240.0,-0.6833333333333333,1
15.0,2097.4185,0,0,0,0,0,0,0,0,0.33333333333333337,23.866666666666667,9.9971284866333,0.4,0.06666666666666667,0.4666666666666667,16500.0,16500.0,-1.8133333333333332,1
16.0,2144.6488,0,0,0,0,0,0,0,0,0.1875,24.543750000000003,10.778420829772951,0.5,0.0625,0.375,11000.0,11000.0,-1.5,1
8.0,1275.5441,0,0,0,0,0,0,0,0,0.5,8.75,10.477740287780762,0.5,0.0,0.5,22000.0,22000.0,-2.4,1
10.0,1589.9263,0,0,0,0,0,0,0,0,0.5,9.0,10.602486610412598,0.5,0.0,0.5,27500.0,27500.0,-2.4,1
10.0,1411.7866999999999,0,0,0,0,0,0,0,0,0.1,60.06999999999999,11.999967765808105,0.6000000000000001,0.0,0.30000000000000004,5500.0,5500.0,-2.2399999999999998,1
17.0,2276.9078,0,0,0,0,0,0,0,0,0.05882352941176471,64.96470588235294,11.999967765808105,0.5882352941176471,0.05882352941176471,0.23529411764705885,5500.0,5500.0,-2.347058823529412,1
11.0,1204.4613,0,0,0,0,0,0,0,0,0.09090909090909091,18.16363636363636,10.00138339996338,0.36363636363636365,0.2727272727272727,0.36363636363636365,1490.0,1490.0,-0.1818181818181818,1
11.0,1228.3966,0,0,0,0,0,0,0,0,0.18181818181818182,18.227272727272723,9.699800300598145,0.18181818181818182,0.2727272727272727,0.4545454545454546,2980.0,2980.0,-0.22727272727272727,1
9.0,1134.3284,0,0,0,0,0,0,0,0,0.1111111111111111,-26.677777777777777,9.699800300598145,0.2222222222222222,0.2222222222222222,0.4444444444444444,1490.0,1490.0,-0.8555555555555555,0
4.0,500.6751,0,0,0,0,0,0,0,0,0.0,34.425000000000004,10.002737236022949,0.75,0.0,0.5,0.0,0.0,0.125,1
14.0,1705.0121,0,0,0,0,0,0,0,0,0.14285714285714288,30.735714285714288,10.278081703186032,0.3571428571428572,0.2142857142857143,0.3571428571428572,1490.0,1490.0,-0.7428571428571429,1
4.0,534.6913000000001,0,0,0,0,0,0,0,0,0.25,7.5,10.002737236022949,0.75,0.0,0.5,0.0,0.0,-0.30000000000000004,1
6.0,758.87,0,0,0,0,0,0,0,0,0.0,88.7,11.00038547515869,0.33333333333333337,0.33333333333333337,0.0,0.0,0.0,-3.4499999999999997,1
20.0,2413.6859,0,0,0,0,0,0,0,0,0.15000000000000002,27.080000000000002,9.524446296691895,0.4,0.2,0.35000000000000003,6990.0,6990.0,-1.275,1
20.0,2413.6859,0,0,0,0,0,0,0,0,0.15000000000000002,27.080000000000002,9.524446296691895,0.4,0.2,0.35000000000000003,6990.0,6990.0,-1.275,1
7.0,1056.2301,0,0,0,0,0,0,0,0,0.0,382.4571428571429,11.999967765808105,0.28571428571428575,0.0,0.0,0.0,0.0,-4.271428571428571,1
21.0,2711.046,0,0,0,0,0,0,0,0,0.14285714285714285,127.93333333333334,10.87815341949463,0.38095238095238093,0.09523809523809523,0.3333333333333333,6990.0,6990.0,-1.6523809523809525,1
21.0,2711.046,0,0,0,0,0,0,0,0,0.14285714285714285,127.93333333333334,10.87815341949463,0.38095238095238093,0.09523809523809523,0.3333333333333333,6990.0,6990.0,-1.6523809523809525,1
27.0,2628.9984999999997,0,0,0,0,0,0,0,0,0.0,23.955555555555556,8.590106010437015,0.7037037037037037,0.14814814814814814,0.18518518518518517,0.0,0.0,0.3185185185185185,0
8.0,913.9696000000001,0,0,0,0,0,0,0,0,0.25,8.75,4.0500284194946286,0.5,0.25,0.375,1490.0,1490.0,0.13749999999999996,0
33.0,3600.236,0,0,0,0,0,0,0,0,0.0,35.64242424242425,4.870669746398924,0.48484848484848486,0.30303030303030304,0.3333333333333333,0.0,0.0,0.28787878787878785,0
16.0,1525.7418,0,0,0,0,0,0,0,0,0.0,32.512499999999996,4.0500284194946286,0.75,0.25,0.375,0.0,0.0,1.0062499999999999,1
32.0,3394.6553,0,0,0,0,0,0,0,0,0.0625,12.925312499999997,4.0500284194946286,0.4375,0.3125,0.34375,1490.0,1490.0,-0.11250000000000003,0
18.0,2167.6095,0,0,0,0,0,0,0,0,0.0,98.1888888888889,11.999967765808105,0.3888888888888889,0.05555555555555555,0.2777777777777778,0.0,0.0,-0.5555555555555556,0
11.0,1072.2989,0,0,0,0,0,0,0,0,0.0,-29.5,10.002737236022949,0.5454545454545454,0.09090909090909091,0.4545454545454546,0.0,0.0,0.7545454545454546,0
13.0,1436.7380999999998,0,0,0,0,0,0,0,0,0.0,88.19230769230771,8.591073036193851,0.5384615384615384,0.15384615384615385,0.3846153846153846,0.0,0.0,0.12307692307692306,0
34.0,3710.2525000000005,0,0,0,0,0,0,0,0,0.029411764705882356,31.029411764705884,4.461031150817871,0.3823529411764706,0.3823529411764706,0.35294117647058826,1490.0,1490.0,-0.15588235294117647,0
18.0,2051.4491,0,0,0,0,0,0,0,0,0.16666666666666666,18.43888888888889,5.525000190734862,0.3333333333333333,0.2777777777777778,0.611111111111111,11000.0,11000.0,1.45,0
5.0,591.7624,0,0,0,0,0,0,0,0,0.2,40.760000000000005,5.518122673034666,0.2,0.2,0.6000000000000001,0.0,0.0,2.4,0
7.0,705.9295999999999,0,0,0,0,0,0,0,0,0.0,36.08571428571429,5.518122673034666,0.5714285714285715,0.14285714285714288,0.4285714285714286,0.0,0.0,2.5142857142857147,0
24.0,2716.0079,0,0,0,0,0,0,0,0,0.04166666666666667,63.2,6.755734825134279,0.33333333333333337,0.33333333333333337,0.33333333333333337,1490.0,1490.0,-0.9083333333333333,0
12.0,1329.58,0,0,0,0,0,0,0,0,0.08333333333333334,41.26666666666667,4.0500284194946286,0.33333333333333337,0.33333333333333337,0.6666666666666667,0.0,0.0,1.1333333333333333,1
14.0,1327.4861999999998,0,0,0,0,0,0,0,0,0.07142857142857144,-1.4499999999999995,5.828690910339356,0.3571428571428572,0.5000000000000001,0.14285714285714288,0.0,0.0,0.09285714285714283,0
22.0,2505.8008999999997,0,0,0,0,0,0,0,0,0.13636363636363635,37.663636363636364,4.207813453674317,0.2727272727272727,0.2727272727272727,0.4090909090909091,12490.0,12490.0,-0.05454545454545454,0
27.0,3078.3266999999996,0,0,0,0,0,0,0,0,0.14814814814814814,48.01888888888889,4.360028266906738,0.25925925925925924,0.3333333333333333,0.3333333333333333,2980.0,2980.0,-0.5740740740740741,0
23.0,2836.2489,0,0,0,0,0,0,0,0,0.08695652173913043,115.40434782608696,6.754825401306152,0.34782608695652173,0.17391304347826086,0.34782608695652173,1490.0,1490.0,-0.6391304347826088,0
25.0,2537.7354,0,0,0,0,0,0,0,0,0.04,51.98000000000001,4.1373899459838865,0.28,0.4,0.28,5500.0,5500.0,-0.424,0
13.0,1703.9775,0,0,0,0,0,0,0,0,0.15384615384615385,102.03076923076925,4.507241249084472,0.46153846153846156,0.15384615384615385,0.38461538461538464,6990.0,6990.0,-0.39230769230769236,0
16.0,1953.2599,0,0,0,0,0,0,0,0,0.1875,35.73125,4.523383522033691,0.375,0.1875,0.4375,0.0,0.0,0.16249999999999995,0
18.0,1977.3114,0,0,0,0,0,0,0,0,0.0,18.211111111111112,8.74566822052002,0.38888888888888884,0.2222222222222222,0.33333333333333337,0.0,0.0,-0.02222222222222223,0
13.0,1292.4784,0,0,0,0,0,0,0,0,0.15384615384615385,28.215384615384618,4.0500284194946286,0.23076923076923078,0.46153846153846156,0.46153846153846156,0.0,0.0,1.2769230769230768,0
24.0,2657.1735999999996,0,0,0,0,0,0,0,0,0.08333333333333334,31.862500000000008,4.3702592849731445,0.37500000000000006,0.20833333333333337,0.5,0.0,0.0,0.9249999999999999,0
31.0,3710.2105,0,0,0,0,0,0,0,0,0.16129032258064516,83.5967741935484,11.000901222229004,0.16129032258064516,0.29032258064516125,0.45161290322580644,16500.0,16500.0,-0.17096774193548392,0
5.0,682.8068,0,0,0,0,0,0,0,0,0.4,-22.06,6.0014245986938475,0.6000000000000001,0.0,0.6000000000000001,0.0,0.0,0.3999999999999999,0
11.0,1161.3074,0,0,0,0,0,0,0,0,0.09090909090909091,62.32727272727273,4.531397819519043,0.36363636363636365,0.2727272727272727,0.36363636363636365,0.0,0.0,0.4272727272727272,0
18.0,2252.6312,0,0,0,0,0,0,0,0,0.05555555555555555,156.38888888888889,11.999967765808105,0.16666666666666666,0.2777777777777778,0.16666666666666666,1490.0,1490.0,-2.2,1
18.0,2090.4771,0,0,0,0,0,0,0,0,0.0,76.65555555555557,11.999967765808105,0.4444444444444444,0.2222222222222222,0.4444444444444444,0.0,0.0,0.3388888888888888,1
30.0,3092.5868,0,0,0,0,0,0,0,0,0.0,29.17666666666667,4.751251029968262,0.43333333333333335,0.3,0.3666666666666667,0.0,0.0,0.5233333333333333,0
32.0,3672.3633,0,0,0,0,0,0,0,0,0.0625,11.065624999999999,6.279367256164551,0.34375,0.1875,0.40625,1490.0,1490.0,0.165625,0
24.0,2610.8718,0,0,0,0,0,0,0,0,0.16666666666666669,33.11666666666667,6.742661857604981,0.16666666666666669,0.2916666666666667,0.45833333333333337,1490.0,1490.0,-0.21250000000000002,1
22.0,2326.5587,0,0,0,0,0,0,0,0,0.13636363636363635,38.645454545454555,5.834943199157714,0.18181818181818182,0.3181818181818182,0.4545454545454546,1490.0,1490.0,-0.21363636363636365,1
6.0,584.7483,0,0,0,0,0,0,0,0,0.0,40.43333333333334,5.525000190734862,0.5,0.16666666666666669,0.6666666666666667,0.0,0.0,2.9499999999999997,0
13.0,1351.5078999999998,0,0,0,0,0,0,0,0,0.0,72.66153846153847,6.744537544250489,0.4615384615384615,0.3076923076923077,0.3076923076923077,0.0,0.0,0.13076923076923072,0
23.0,2614.9701,0,0,0,0,0,0,0,0,0.043478260869565216,43.16086956521739,5.497887992858886,0.4782608695652174,0.17391304347826086,0.34782608695652173,1490.0,1490.0,-0.04347826086956526,0
13.0,1246.3356999999999,0,0,0,0,0,0,0,0,0.0,-10.361538461538462,9.762914848327636,0.3076923076923077,0.46153846153846156,0.15384615384615385,0.0,0.0,-0.4307692307692308,0
16.0,1901.1109999999999,0,0,0,0,0,0,0,0,0.0,34.875,6.264248085021973,0.3125,0.25,0.25,0.0,0.0,-0.95625,0
9.0,1010.1415999999999,0,0,0,0,0,0,0,0,0.0,84.5,4.507241249084472,0.5555555555555556,0.1111111111111111,0.4444444444444444,0.0,0.0,0.7888888888888889,0
14.0,1485.7209999999998,0,0,0,0,0,0,0,0,0.0,63.19285714285714,4.531397819519043,0.5,0.2142857142857143,0.4285714285714286,0.0,0.0,0.6928571428571428,0
15.0,1651.9445,0,0,0,0,0,0,0,0,0.06666666666666667,79.63333333333333,4.1373899459838865,0.5333333333333333,0.06666666666666667,0.3333333333333333,0.0,0.0,1.0933333333333333,0
12.0,1311.6144,0,0,0,0,0,0,0,0,0.08333333333333334,28.900000000000002,10.002801704406739,0.5,0.08333333333333334,0.4166666666666667,0.0,0.0,1.1416666666666666,1
12.0,1395.7738,0,0,0,0,0,0,0,0,0.08333333333333334,44.95,10.002801704406739,0.41666666666666674,0.08333333333333334,0.5833333333333334,0.0,0.0,1.5333333333333332,1
12.0,1396.7222,0,0,0,0,0,0,0,0,0.08333333333333334,28.900000000000002,11.16626262664795,0.41666666666666674,0.08333333333333334,0.4166666666666667,0.0,0.0,0.6166666666666666,1
10.0,1224.537,0,0,0,0,0,0,0,0,0.1,28.26,9.756532478332517,0.2,0.1,0.7000000000000001,0.0,0.0,1.9899999999999998,1
12.0,1498.8156,0,0,0,0,0,0,0,0,0.08333333333333334,25.21666666666667,9.769039344787597,0.16666666666666669,0.08333333333333334,0.5833333333333334,0.0,0.0,1.1249999999999998,1
11.0,1352.7093,0,0,0,0,0,0,0,0,0.09090909090909091,48.127272727272725,11.000836753845213,0.2727272727272727,0.09090909090909091,0.6363636363636364,0.0,0.0,1.4545454545454546,1
12.0,1480.8816,0,0,0,0,0,0,0,0,0.08333333333333334,44.95,11.16626262664795,0.33333333333333337,0.08333333333333334,0.5833333333333334,0.0,0.0,1.0083333333333333,1
11.0,1380.7227,0,0,0,0,0,0,0,0,0.09090909090909091,26.6,11.999967765808105,0.18181818181818182,0.09090909090909091,0.6363636363636364,0.0,0.0,1.4,1
12.0,1536.9084,0,0,0,0,0,0,0,0,0.08333333333333334,72.95,11.999967765808105,0.16666666666666669,0.08333333333333334,0.5833333333333334,0.0,0.0,0.9083333333333332,1
14.0,1594.0808,0,0,0,0,0,0,0,0,0.0,16.41428571428571,10.602486610412598,0.7857142857142858,0.07142857142857144,0.4285714285714286,0.0,0.0,0.34285714285714286,1
14.0,1479.8919999999998,0,0,0,0,0,0,0,0,0.0,28.542857142857137,10.302063941955566,0.7857142857142858,0.07142857142857144,0.4285714285714286,0.0,0.0,1.157142857142857,1
8.0,1039.3617000000002,0,0,0,0,0,0,0,0,0.0,79.6375,11.999967765808105,0.5,0.0,0.5,0.0,0.0,-0.025000000000000022,0
8.0,1039.3617000000002,0,0,0,0,0,0,0,0,0.0,123.95000000000002,11.999967765808105,0.5,0.0,0.5,0.0,0.0,-0.025000000000000022,0
15.0,1937.3768,0,0,0,0,0,0,0,0,0.0,283.81999999999994,11.999967765808105,0.13333333333333333,0.13333333333333333,0.26666666666666666,0.0,0.0,-1.18,1
18.0,1980.2854000000002,0,0,0,0,0,0,0,0,0.0,51.96666666666666,4.243451499938964,0.5,0.1111111111111111,0.3888888888888889,0.0,0.0,0.6888888888888889,0
28.0,3281.8702000000003,0,0,0,0,0,0,0,0,0.0,77.62857142857143,6.223039817810059,0.39285714285714285,0.2142857142857143,0.32142857142857145,0.0,0.0,-0.06428571428571432,0
23.0,3100.756,0,0,0,0,0,0,0,0,0.17391304347826086,65.54347826086956,11.999967765808105,0.34782608695652173,0.08695652173913043,0.4782608695652174,16500.0,16500.0,-0.6304347826086957,1
24.0,3203.8988999999997,0,0,0,0,0,0,0,0,0.16666666666666669,63.22916666666667,11.745382118225098,0.33333333333333337,0.08333333333333334,0.45833333333333337,16500.0,16500.0,-0.5000000000000001,1
24.0,3203.8988999999997,0,0,0,0,0,0,0,0,0.16666666666666669,63.22916666666667,11.745382118225098,0.33333333333333337,0.08333333333333334,0.45833333333333337,16500.0,16500.0,-0.5000000000000001,1
15.0,1998.2939999999999,0,0,0,0,0,0,0,0,0.2,114.04666666666665,11.567578315734863,0.13333333333333333,0.2,0.4,2980.0,2980.0,-1.5666666666666667,1
7.0,840.0222,0,0,0,0,0,0,0,0,0.0,30.27142857142857,10.002801704406739,0.4285714285714286,0.0,0.5714285714285715,0.0,0.0,-0.5857142857142856,0
16.0,1800.4097000000002,0,0,0,0,0,0,0,0,0.0,-22.462500000000002,10.048380851745605,0.8125,0.0625,0.375,0.0,125.0,0.3625,1
29.0,3431.0334999999995,0,0,0,0,0,0,0,0,0.10344827586206896,67.84137931034482,8.438282966613773,0.41379310344827586,0.24137931034482757,0.3793103448275862,6990.0,6990.0,-0.3862068965517242,0
16.0,1820.4391,0,0,0,0,0,0,0,0,0.0,-33.075,10.699318122863769,0.9375,0.0625,0.5,0.0,0.0,0.5249999999999999,1
17.0,2160.6552,0,0,0,0,0,0,0,0,0.0,77.7764705882353,11.763691139221194,0.5294117647058824,0.17647058823529413,0.17647058823529413,0.0,0.0,-2.264705882352941,1
25.0,2800.2135,0,0,0,0,0,0,0,0,0.08,9.072000000000001,8.155266761779785,0.4,0.24,0.36,6990.0,6990.0,-0.308,0
10.0,1208.3655,0,0,0,0,0,0,0,0,0.2,60.97,9.994291877746583,0.2,0.5,0.30000000000000004,1490.0,1490.0,-1.1400000000000001,1
29.0,3280.7992999999997,0,0,0,0,0,0,0,0,0.06896551724137931,20.082758620689656,9.696899223327637,0.3448275862068966,0.20689655172413793,0.41379310344827586,6990.0,6990.0,0.031034482758620675,1
21.0,3113.6922,0,0,0,0,0,0,0,0,0.14285714285714285,196.9428571428571,11.999967765808105,0.19047619047619047,0.0,0.23809523809523808,2980.0,2980.0,-2.8904761904761904,1
16.0,1702.0847,0,0,0,0,0,0,0,0,0.0,-1.2375000000000003,10.002737236022949,0.625,0.0,0.75,0.0,0.0,0.8999999999999999,1
18.0,1901.3349000000003,0,0,0,0,0,0,0,0,0.0,0.011111111111110876,10.302063941955566,0.6666666666666667,0.0,0.6666666666666667,0.0,0.0,0.6833333333333332,1
18.0,2075.4432,0,0,0,0,0,0,0,0,0.0,21.411111111111115,6.228155326843263,0.6666666666666667,0.0,0.6666666666666667,0.0,0.0,-0.20000000000000004,0
24.0,2632.835,0,0,0,0,0,0,0,0,0.0,3.258333333333335,9.308992958068849,0.33333333333333337,0.45833333333333337,0.16666666666666669,0.0,0.0,-1.9749999999999999,0
10.0,1194.6354,0,0,0,0,0,0,0,0,0.0,-41.940000000000005,10.302063941955566,1.0,0.0,0.7,0.0,0.0,1.4899999999999998,1
18.0,2167.6095,0,0,0,0,0,0,0,0,0.0,98.1888888888889,11.999967765808105,0.4444444444444445,0.05555555555555555,0.2777777777777778,0.0,0.0,-0.5944444444444446,0
6.0,701.8119,0,0,0,0,0,0,0,0,0.0,-4.233333333333333,5.83636417388916,0.33333333333333337,0.33333333333333337,0.5,0.0,0.0,0.5,0
27.0,2976.4865999999997,0,0,0,0,0,0,0,0,0.0,28.603703703703697,5.0627855300903315,0.5925925925925926,0.18518518518518517,0.4444444444444444,0.0,0.0,0.21851851851851847,0
33.0,4250.9964,0,0,0,0,0,0,0,0,0.06060606060606061,100.0121212121212,11.999967765808105,0.24242424242424243,0.12121212121212122,0.2727272727272727,0.0,125.0,-1.290909090909091,1
27.0,3099.5760999999998,0,0,0,0,0,0,0,0,0.07407407407407407,13.970370370370372,4.233220481872559,0.5185185185185186,0.2222222222222222,0.40740740740740744,0.0,0.0,0.3814814814814814,0
38.0,4596.4057999999995,0,0,0,0,0,0,0,0,0.10526315789473685,31.571052631578954,10.286720466613769,0.34210526315789475,0.2105263157894737,0.368421052631579,0.0,0.0,-0.6394736842105263,1
16.0,1698.0610000000001,0,0,0,0,0,0,0,0,0.0625,-13.05625,10.477740287780762,0.5,0.1875,0.375,0.0,0.0,0.09999999999999999,1
18.0,1891.4308,0,0,0,0,0,0,0,0,0.0,14.433333333333334,10.477740287780762,0.7777777777777778,0.1111111111111111,0.4444444444444445,0.0,0.0,1.0833333333333333,0
18.0,1891.4308,0,0,0,0,0,0,0,0,0.0,1.2777777777777781,10.477740287780762,0.7777777777777778,0.1111111111111111,0.4444444444444445,0.0,0.0,1.0833333333333333,0
20.0,2142.6727,0,0,0,0,0,0,0,0,0.0,2.1500000000000004,10.477740287780762,0.7,0.15000000000000002,0.4,0.0,0.0,0.6399999999999999,0
24.0,2799.2695,0,0,0,0,0,0,0,0,0.20833333333333331,-0.2166666666666665,8.755016136169434,0.33333333333333337,0.2916666666666667,0.5416666666666666,0.0,0.0,0.8416666666666667,0
18.0,2209.6892,0,0,0,0,0,0,0,0,0.0,119.90555555555555,11.999967765808105,0.3888888888888889,0.05555555555555555,0.33333333333333337,0.0,0.0,-0.4444444444444444,1
18.0,2265.716,0,0,0,0,0,0,0,0,0.0,181.11666666666667,11.999967765808105,0.2777777777777778,0.05555555555555555,0.33333333333333337,0.0,0.0,-0.5111111111111112,1
18.0,2167.6095,0,0,0,0,0,0,0,0,0.0,87.48888888888887,11.999967765808105,0.4444444444444445,0.05555555555555555,0.2777777777777778,0.0,0.0,-0.5944444444444446,0
18.0,2167.6095,0,0,0,0,0,0,0,0,0.0,76.78888888888888,11.999967765808105,0.3888888888888889,0.05555555555555555,0.2777777777777778,0.0,0.0,-0.5555555555555556,0
18.0,2124.5814,0,0,0,0,0,0,0,0,0.0,55.66666666666668,11.999967765808105,0.4444444444444445,0.05555555555555555,0.33333333333333337,0.0,0.0,-0.09444444444444448,1
18.0,2124.5814,0,0,0,0,0,0,0,0,0.0,34.544444444444444,11.999967765808105,0.4444444444444445,0.05555555555555555,0.33333333333333337,0.0,0.0,-0.09444444444444448,1
18.0,2124.5814,0,0,0,0,0,0,0,0,0.0,66.36666666666667,11.999967765808105,0.4444444444444445,0.05555555555555555,0.33333333333333337,0.0,0.0,-0.09444444444444448,1
18.0,2150.6187,0,0,0,0,0,0,0,0,0.0,77.06666666666666,11.999967765808105,0.3888888888888889,0.1111111111111111,0.33333333333333337,0.0,0.0,-0.2833333333333334,1
18.0,2167.6095,0,0,0,0,0,0,0,0,0.0,98.1888888888889,11.999967765808105,0.4444444444444445,0.05555555555555555,0.2777777777777778,0.0,0.0,-0.5944444444444446,0
19.0,2280.7671,0,0,0,0,0,0,0,0,0.0,93.54736842105262,11.999967765808105,0.42105263157894735,0.052631578947368425,0.3157894736842105,0.0,0.0,-0.3263157894736843,1
18.0,2152.5948,0,0,0,0,0,0,0,0,0.0,85.05555555555556,11.999967765808105,0.38888888888888895,0.05555555555555555,0.33333333333333337,0.0,0.0,-0.12777777777777782,1
18.0,2152.6379,0,0,0,0,0,0,0,0,0.0,85.05555555555556,11.999967765808105,0.4444444444444445,0.05555555555555555,0.33333333333333337,0.0,0.0,-0.15000000000000002,1
18.0,2143.6277999999998,0,0,0,0,0,0,0,0,0.0,102.90555555555557,11.999967765808105,0.4444444444444445,0.05555555555555555,0.33333333333333337,0.0,0.0,-0.16666666666666669,0
18.0,2143.6277999999998,0,0,0,0,0,0,0,0,0.0,102.90555555555557,11.999967765808105,0.4444444444444445,0.05555555555555555,0.33333333333333337,0.0,0.0,-0.16666666666666669,1
18.0,2193.6898,0,0,0,0,0,0,0,0,0.0,98.1888888888889,11.999967765808105,0.4444444444444445,0.0,0.33333333333333337,0.0,0.0,-0.30000000000000004,1
18.0,2152.5948,0,0,0,0,0,0,0,0,0.0,98.1888888888889,11.999967765808105,0.38888888888888895,0.05555555555555555,0.33333333333333337,0.0,0.0,-0.12777777777777782,1
18.0,2209.6892,0,0,0,0,0,0,0,0,0.0,98.1888888888889,11.999967765808105,0.3888888888888889,0.05555555555555555,0.33333333333333337,0.0,0.0,-0.4444444444444444,1
17.0,2138.6113,0,0,0,0,0,0,0,0,0.0,108.37058823529414,11.999967765808105,0.35294117647058826,0.05882352941176471,0.35294117647058826,0.0,0.0,-0.5764705882352942,1
17.0,2138.6113,0,0,0,0,0,0,0,0,0.0,108.37058823529414,11.999967765808105,0.35294117647058826,0.05882352941176471,0.35294117647058826,0.0,0.0,-0.5764705882352942,1
34.0,3751.2095,0,0,0,0,0,0,0,0,0.14705882352941177,2.9499999999999997,9.99435634613037,0.2647058823529412,0.2647058823529412,0.411764705882353,6990.0,6990.0,0.15294117647058822,0
16.0,1995.6296000000002,0,0,0,0,0,0,0,0,0.0625,8.524999999999997,11.999967765808105,0.625,0.0,0.5625,0.0,0.0,0.38749999999999996,1
18.0,1901.3349000000003,0,0,0,0,0,0,0,0,0.0,-4.705555555555556,10.302063941955566,0.6666666666666667,0.0,0.6666666666666667,0.0,0.0,0.6833333333333332,0
20.0,2152.5768,0,0,0,0,0,0,0,0,0.0,-3.2350000000000003,10.302063941955566,0.6,0.05,0.6,0.0,0.0,0.27999999999999997,0
18.0,2075.4432,0,0,0,0,0,0,0,0,0.0,27.394444444444446,6.332454872131348,0.6666666666666667,0.0,0.6666666666666667,0.0,0.0,-0.20000000000000004,0
20.0,2326.6851,0,0,0,0,0,0,0,0,0.0,25.655,6.763067054748535,0.6,0.05,0.6,0.0,0.0,-0.515,0
13.0,1734.2256,0,0,0,0,0,0,0,0,0.15384615384615385,52.85384615384616,11.263738822937015,0.6923076923076923,0.0,0.46153846153846156,1490.0,1490.0,-0.9076923076923078,1
27.0,2506.9777999999997,0,0,0,0,0,0,0,0,0.037037037037037035,43.04814814814815,8.22224941253662,0.4444444444444445,0.33333333333333337,0.37037037037037035,0.0,0.0,1.2074074074074075,0
6.0,699.8357,0,0,0,0,0,0,0,0,0.0,154.8,4.0500284194946286,0.5,0.16666666666666669,0.6666666666666667,0.0,0.0,1.55,0
6.0,698.8543,0,0,0,0,0,0,0,0,0.0,8.333333333333334,9.750021171569824,0.6666666666666667,0.16666666666666669,0.5,0.0,0.0,0.8666666666666666,0
7.0,854.0486999999999,0,0,0,0,0,0,0,0,0.0,116.42857142857143,10.002737236022949,0.5714285714285715,0.14285714285714288,0.28571428571428575,0.0,0.0,-1.2571428571428573,0
15.0,2141.5407,0,0,0,0,0,0,0,0,0.13333333333333333,255.24,11.999967765808105,0.2,0.06666666666666667,0.26666666666666666,5500.0,5500.0,-2.0,1
18.0,2331.8653,0,0,0,0,0,0,0,0,0.0,193.24444444444447,11.999967765808105,0.2777777777777778,0.05555555555555555,0.33333333333333337,0.0,0.0,-0.7111111111111111,1
15.0,2106.6486,0,0,0,0,0,0,0,0,0.2,86.03999999999999,11.999967765808105,0.5333333333333333,0.0,0.7333333333333334,16500.0,16500.0,0.6466666666666666,1
26.0,2942.2416999999996,0,0,0,0,0,0,0,0,0.07692307692307693,36.7923076923077,4.316716957092285,0.3846153846153846,0.2692307692307692,0.3846153846153846,5500.0,5500.0,-0.4961538461538462,0
16.0,1667.944,0,0,0,0,0,0,0,0,0.0,23.68125,6.0021066665649405,0.3125,0.3125,0.4375,0.0,0.0,0.8375,0
10.0,1136.3011999999999,0,0,0,0,0,0,0,0,0.0,-18.21,5.210851097106932,0.2,0.30000000000000004,0.5,0.0,0.0,0.5399999999999999,0
18.0,1999.4161,0,0,0,0,0,0,0,0,0.05555555555555555,33.16666666666667,6.731009864807128,0.2777777777777778,0.16666666666666666,0.6666666666666667,1490.0,1490.0,1.4444444444444444,0
16.0,2292.8585,0,0,0,0,0,0,0,0,0.25,68.575,11.999967765808105,0.5,0.0,0.75,22000.0,22000.0,0.5499999999999999,1
6.0,729.8203,0,0,0,0,0,0,0,0,0.16666666666666669,47.800000000000004,4.0500284194946286,0.33333333333333337,0.5,0.5,5500.0,5500.0,0.13333333333333325,0
6.0,736.8095999999999,0,0,0,0,0,0,0,0,0.16666666666666669,50.10000000000001,4.0500284194946286,0.8333333333333335,0.0,0.5,1490.0,1490.0,0.18333333333333326,0
15.0,1857.2433999999998,0,0,0,0,0,0,0,0,0.26666666666666666,-1.9866666666666668,8.745474815368652,0.2,0.06666666666666667,0.7333333333333334,1490.0,1490.0,1.54,0
33.0,3637.3351000000002,0,0,0,0,0,0,0,0,0.18181818181818182,13.157575757575758,5.524318122863768,0.33333333333333337,0.21212121212121213,0.5454545454545454,12490.0,12490.0,1.2575757575757576,0
24.0,2717.2819,0,0,0,0,0,0,0,0,0.08333333333333334,23.045833333333338,9.389385032653806,0.33333333333333337,0.20833333333333337,0.4166666666666667,1490.0,1615.0,0.4791666666666667,0
13.0,1384.5341999999998,0,0,0,0,0,0,0,0,0.0,26.530769230769234,4.0500284194946286,0.3076923076923077,0.3076923076923077,0.3846153846153846,0.0,0.0,0.22307692307692306,0
22.0,2508.8381999999997,0,0,0,0,0,0,0,0,0.0,28.10909090909091,11.417689323425293,0.36363636363636365,0.3181818181818182,0.2727272727272727,0.0,0.0,-0.9318181818181818,0
33.0,3962.2263000000003,0,0,0,0,0,0,0,0,0.0,46.92424242424243,10.408243370056148,0.2727272727272727,0.3939393939393939,0.12121212121212122,0.0,0.0,-2.624242424242424,0
14.0,1413.6200999999999,0,0,0,0,0,0,0,0,0.07142857142857144,43.69285714285714,9.750021171569824,0.14285714285714288,0.5714285714285715,0.3571428571428572,0.0,0.0,0.36428571428571427,0
32.0,3451.8011,0,0,0,0,0,0,0,0,0.0625,104.05312499999997,10.694418525695799,0.1875,0.5,0.25,1490.0,1490.0,-0.31562500000000004,0
18.0,1787.1507000000001,0,0,0,0,0,0,0,0,0.05555555555555555,-4.705555555555556,9.703023719787598,0.7222222222222223,0.2222222222222222,0.38888888888888895,1490.0,1490.0,0.9777777777777776,0
20.0,2028.4805999999999,0,0,0,0,0,0,0,0,0.05,6.3950000000000005,10.00138339996338,0.7,0.2,0.4,1490.0,1490.0,0.9099999999999999,0
22.0,2279.7225,0,0,0,0,0,0,0,0,0.045454545454545456,6.722727272727273,10.00138339996338,0.6363636363636364,0.2272727272727273,0.36363636363636365,1490.0,1490.0,0.5227272727272727,0
24.0,2497.0706999999998,0,0,0,0,0,0,0,0,0.04166666666666667,-0.0791666666666672,10.176866340637208,0.6666666666666667,0.20833333333333337,0.4166666666666667,1490.0,1490.0,0.7958333333333333,1
19.0,1915.3229999999999,0,0,0,0,0,0,0,0,0.052631578947368425,-8.4,10.00138339996338,0.7368421052631579,0.2105263157894737,0.3684210526315789,1490.0,1490.0,0.7210526315789473,0
21.0,2141.6382,0,0,0,0,0,0,0,0,0.047619047619047616,-1.5190476190476196,10.00138339996338,0.7142857142857144,0.19047619047619047,0.4285714285714286,1490.0,1490.0,1.0476190476190477,1
21.0,2166.5649,0,0,0,0,0,0,0,0,0.047619047619047616,-6.647619047619048,10.00138339996338,0.6666666666666667,0.23809523809523808,0.33333333333333337,1490.0,1490.0,0.3333333333333333,0
12.0,1443.6477,0,0,0,0,0,0,0,0,0.16666666666666669,73.36666666666667,9.750021171569824,0.16666666666666669,0.41666666666666674,0.41666666666666674,5500.0,5500.0,-0.2166666666666667,1
49.0,5337.1506,0,0,0,0,0,0,0,0,0.10204081632653061,14.61020408163265,5.7411588668823255,0.326530612244898,0.30612244897959184,0.4489795918367347,2980.0,2980.0,0.48979591836734687,0
12.0,1366.6762999999999,0,0,0,0,0,0,0,0,0.0,54.91666666666667,9.762914848327636,0.33333333333333337,0.33333333333333337,0.33333333333333337,0.0,0.0,0.11666666666666659,1
11.0,1220.3779,0,0,0,0,0,0,0,0,0.0,80.31818181818181,8.757208061218265,0.2727272727272727,0.4545454545454546,0.2727272727272727,0.0,0.0,-0.7545454545454546,1
25.0,3245.9406999999997,0,0,0,0,0,0,0,0,0.04,85.36399999999999,11.834864234924318,0.4,0.04,0.28,0.0,0.0,-0.94,0
32.0,3904.531,0,0,0,0,0,0,0,0,0.0625,47.25624999999998,9.894946098327637,0.25,0.15625,0.34375,1490.0,1615.0,-1.090625,0
5.0,525.6382,0,0,0,0,0,0,0,0,0.0,123.56,5.525000190734862,0.2,0.4,0.6000000000000001,0.0,0.0,0.82,0
15.0,1716.9382999999998,0,0,0,0,0,0,0,0,0.06666666666666667,59.31333333333334,10.835024070739745,0.2,0.3333333333333333,0.3333333333333333,0.0,0.0,-0.4533333333333333,0
20.0,2109.2933,0,0,0,0,0,0,0,0,0.15000000000000002,53.04500000000001,4.0500284194946286,0.2,0.4,0.45,5500.0,5500.0,-0.015000000000000036,0
28.0,3060.6378999999997,0,0,0,0,0,0,0,0,0.03571428571428572,83.7,11.068915367126461,0.3928571428571429,0.2142857142857143,0.39285714285714285,1490.0,1490.0,-0.2642857142857143,0
22.0,2721.0143,0,0,0,0,0,0,0,0,0.045454545454545456,103.7681818181818,9.111268424987792,0.40909090909090906,0.18181818181818182,0.18181818181818182,1490.0,1490.0,-2.0136363636363637,0
7.0,881.0721,0,0,0,0,0,0,0,0,0.28571428571428575,36.08571428571429,8.747602272033692,0.42857142857142855,0.14285714285714288,0.7142857142857143,1490.0,1490.0,1.1428571428571428,0
29.0,3362.4907000000003,0,0,0,0,0,0,0,0,0.10344827586206896,24.668965517241382,4.084245491027832,0.20689655172413793,0.4482758620689655,0.3448275862068966,16500.0,16500.0,-0.9655172413793104,0
34.0,3887.6571000000004,0,0,0,0,0,0,0,0,0.11764705882352942,33.214705882352945,8.596101570129395,0.29411764705882354,0.14705882352941177,0.5,8480.0,8480.0,1.038235294117647,0
7.0,937.1871,0,0,0,0,0,0,0,0,0.0,36.08571428571429,11.33375148773193,0.7142857142857144,0.0,0.14285714285714288,0.0,0.0,-2.7857142857142856,0
8.0,1065.3594,0,0,0,0,0,0,0,0,0.0,32.825,11.38842067718506,0.75,0.0,0.125,0.0,0.0,-2.925,0
33.0,3894.4217,0,0,0,0,0,0,0,0,0.030303030303030304,43.530303030303024,9.690516853332518,0.2727272727272727,0.2727272727272727,0.36363636363636365,1490.0,1490.0,-0.6848484848484849,0
19.0,2270.6974999999998,0,0,0,0,0,0,0,0,0.10526315789473685,33.14736842105263,10.318696784973142,0.3157894736842105,0.26315789473684215,0.31578947368421056,5500.0,5500.0,-0.6157894736842106,0
16.0,2182.4571,0,0,0,0,0,0,0,0,0.0,208.125,11.999967765808105,0.25,0.125,0.125,0.0,0.0,-2.75,1
14.0,1945.2778999999998,0,0,0,0,0,0,0,0,0.14285714285714288,176.45714285714286,11.82919101715088,0.35714285714285715,0.07142857142857144,0.4285714285714286,5500.0,5500.0,-1.4857142857142858,1
14.0,1988.3059999999998,0,0,0,0,0,0,0,0,0.14285714285714288,195.07142857142858,11.999967765808105,0.28571428571428575,0.07142857142857144,0.3571428571428572,5500.0,5500.0,-2.0785714285714287,1
13.0,1500.749,0,0,0,0,0,0,0,0,0.0,136.09230769230768,11.999967765808105,0.23076923076923078,0.23076923076923075,0.38461538461538464,0.0,0.0,-0.25384615384615383,1
29.0,3553.2677999999996,0,0,0,0,0,0,0,0,0.034482758620689655,94.6862068965517,11.999967765808105,0.3793103448275862,0.1724137931034483,0.3103448275862069,0.0,0.0,-1.1482758620689655,1
10.0,1319.5105,0,0,0,0,0,0,0,0,0.2,13.180000000000003,8.75263080596924,0.30000000000000004,0.1,0.5,1490.0,1490.0,-0.32000000000000006,0
31.0,3291.7826,0,0,0,0,0,0,0,0,0.0,47.97096774193548,10.267122077941892,0.45161290322580644,0.1935483870967742,0.25806451612903225,0.0,0.0,-0.33548387096774196,0
20.0,2363.705,0,0,0,0,0,0,0,0,0.05,69.20500000000001,4.093396568298339,0.55,0.15000000000000002,0.4,5500.0,5500.0,-0.12500000000000006,0
8.0,966.0426,0,0,0,0,0,0,0,0,0.125,53.0,4.0500284194946286,0.375,0.25,0.5,1490.0,1490.0,-0.10000000000000003,0
5.0,515.6433000000001,0,0,0,0,0,0,0,0,0.0,46.52,5.525000190734862,0.6000000000000001,0.2,0.6000000000000001,0.0,0.0,2.62,0
22.0,2484.7803,0,0,0,0,0,0,0,0,0.09090909090909091,53.37727272727272,4.25265941619873,0.3181818181818182,0.2727272727272727,0.36363636363636365,11000.0,11000.0,-0.2863636363636364,0
28.0,3541.2468,0,0,0,0,0,0,0,0,0.17857142857142858,-5.300000000000002,9.5756986618042,0.5714285714285715,0.10714285714285715,0.39285714285714285,2980.0,2980.0,-0.7571428571428571,0
10.0,1138.2345,0,0,0,0,0,0,0,0,0.0,99.38000000000001,8.754887199401857,0.30000000000000004,0.4,0.1,0.0,0.0,-1.6199999999999999,0
14.0,1735.9300999999998,0,0,0,0,0,0,0,0,0.14285714285714288,65.27857142857142,4.1373899459838865,0.5000000000000001,0.2142857142857143,0.5000000000000001,5500.0,5500.0,-0.4142857142857143,1
14.0,1917.2247,0,0,0,0,0,0,0,0,0.14285714285714288,158.1142857142857,11.999967765808105,0.2857142857142857,0.07142857142857144,0.4285714285714286,5500.0,5500.0,-1.2642857142857142,1
16.0,1817.0610000000001,0,0,0,0,0,0,0,0,0.0625,45.4875,11.999967765808105,0.25,0.25,0.3125,0.0,0.0,-0.6,1
32.0,3869.5798000000004,0,0,0,0,0,0,0,0,0.0625,53.265625,11.999967765808105,0.375,0.1875,0.28125,0.0,0.0,-1.2375,1
18.0,1710.8809,0,0,0,0,0,0,0,0,0.0,2.677777777777777,4.0500284194946286,0.33333333333333337,0.3888888888888889,0.2777777777777778,0.0,0.0,0.37222222222222223,1
28.0,2914.1787000000004,0,0,0,0,0,0,0,0,0.03571428571428572,-6.157142857142858,4.0500284194946286,0.35714285714285715,0.42857142857142855,0.28571428571428575,1490.0,1490.0,-0.37142857142857144,1
14.0,1672.8311999999999,0,0,0,0,0,0,0,0,0.2142857142857143,-0.04285714285714194,4.3702592849731445,0.4285714285714286,0.14285714285714288,0.5000000000000001,6990.0,6990.0,-0.3428571428571429,1
28.0,3011.4278999999997,0,0,0,0,0,0,0,0,0.07142857142857144,10.164285714285713,9.526315879821777,0.28571428571428575,0.25,0.5000000000000001,2980.0,2980.0,0.06071428571428571,0
12.0,1399.6532,0,0,0,0,0,0,0,0,0.08333333333333334,140.83333333333337,4.0500284194946286,0.33333333333333337,0.33333333333333337,0.5,5500.0,5500.0,0.40833333333333327,1
12.0,1446.6054,0,0,0,0,0,0,0,0,0.16666666666666669,22.14166666666667,6.00136775970459,0.25,0.25,0.5,6990.0,6990.0,-0.7083333333333334,1
23.0,2428.8460999999998,0,0,0,0,0,0,0,0,0.0,11.23913043478261,8.589977073669434,0.43478260869565216,0.3913043478260869,0.34782608695652173,0.0,0.0,0.26086956521739124,0
28.0,3186.6319000000003,0,0,0,0,0,0,0,0,0.07142857142857144,53.68571428571428,4.513323020935059,0.39285714285714285,0.32142857142857145,0.3928571428571429,5500.0,5500.0,-0.3821428571428572,0
30.0,3178.5483000000004,0,0,0,0,0,0,0,0,0.1,6.500000000000001,5.380913352966309,0.26666666666666666,0.3,0.5,6990.0,6990.0,0.4066666666666666,0
29.0,3297.1310999999996,0,0,0,0,0,0,0,0,0.10344827586206896,44.63793103448277,9.703152656555176,0.5172413793103449,0.10344827586206896,0.6551724137931034,1490.0,1490.0,1.6103448275862067,0
34.0,4133.7456,0,0,0,0,0,0,0,0,0.11764705882352942,40.138235294117656,4.716181373596191,0.3823529411764706,0.11764705882352942,0.5588235294117647,12490.0,12490.0,0.09705882352941175,0
19.0,2236.6647,0,0,0,0,0,0,0,0,0.15789473684210528,43.110526315789485,11.21970691680908,0.368421052631579,0.3157894736842105,0.26315789473684215,6990.0,6990.0,-1.2526315789473685,1
17.0,1832.1332000000002,0,0,0,0,0,0,0,0,0.17647058823529413,-10.48235294117647,9.626822090148927,0.411764705882353,0.23529411764705885,0.35294117647058826,4470.0,4470.0,0.05294117647058821,1
27.0,3393.9901999999997,0,0,0,0,0,0,0,0,0.1111111111111111,188.037037037037,11.999967765808105,0.25925925925925924,0.14814814814814814,0.2222222222222222,4470.0,4470.0,-1.6333333333333333,1
14.0,1935.2782,1,0,0,0,0,1,0,0,0.0,166.43571428571428,11.999967765808105,0.2142857142857143,0.14285714285714288,0.0,0.0,0.0,-3.4285714285714284,1
12.0,1029.2591,0,0,0,0,0,0,0,0,0.0,22.14166666666667,5.266155433654785,0.25,0.41666666666666674,0.0,0.0,250.0,1.0250000000000001,1
9.0,1081.2856,0,0,0,0,0,0,0,0,0.1111111111111111,3.811111111111111,5.587466239929199,0.3333333333333333,0.2222222222222222,0.4444444444444444,1490.0,1490.0,0.711111111111111,1
34.0,4064.0946000000004,0,0,0,0,0,0,0,0,0.029411764705882356,171.50294117647056,11.999967765808105,0.411764705882353,0.2058823529411765,0.35294117647058826,5500.0,5500.0,-0.041176470588235356,1
29.0,3179.7221,0,0,0,0,0,0,0,0,0.0,103.48275862068965,9.49311466217041,0.4827586206896552,0.27586206896551724,0.13793103448275862,0.0,0.0,-0.4172413793103449,1
29.0,3179.7221,0,0,0,0,0,0,0,0,0.0,103.48275862068965,9.49311466217041,0.4827586206896552,0.27586206896551724,0.13793103448275862,0.0,0.0,-0.4172413793103449,1
28.0,3178.8993,0,0,0,0,0,0,0,0,0.10714285714285715,41.425,9.384743309020994,0.4285714285714286,0.25000000000000006,0.3928571428571429,11000.0,11125.0,0.4321428571428571,1
28.0,3252.9561999999996,0,0,0,0,0,0,0,0,0.14285714285714288,16.117857142857144,9.626499748229982,0.4285714285714286,0.2142857142857143,0.4642857142857143,12490.0,12490.0,0.29999999999999993,1
29.0,3054.4231,0,0,0,0,0,0,0,0,0.034482758620689655,61.824137931034485,10.763012886047363,0.24137931034482757,0.3793103448275862,0.20689655172413793,5500.0,5500.0,-0.8275862068965517,1
26.0,2978.504,0,0,0,0,0,0,0,0,0.07692307692307693,23.98846153846154,8.18956394195557,0.2692307692307693,0.23076923076923078,0.5,5500.0,5500.0,0.15000000000000002,1
7.0,719.804,0,0,0,0,0,0,0,0,0.0,26.2,4.0500284194946286,0.28571428571428575,0.5714285714285715,0.14285714285714288,0.0,0.0,0.21428571428571425,0
36.0,4083.8211,0,0,0,0,0,0,0,0,0.05555555555555555,62.23333333333333,8.52234973907471,0.16666666666666669,0.2777777777777778,0.1388888888888889,5500.0,6000.0,-0.5694444444444444,1
36.0,4060.7843999999996,0,0,0,0,0,0,0,0,0.05555555555555555,56.17777777777777,8.513582038879395,0.16666666666666669,0.2777777777777778,0.1388888888888889,1490.0,1990.0,-0.5805555555555556,1
22.0,2700.9932999999996,0,0,0,0,0,0,0,0,0.045454545454545456,98.4,11.435418128967285,0.45454545454545453,0.09090909090909091,0.09090909090909091,5500.0,5500.0,-2.0681818181818183,1
24.0,2861.1875,0,0,0,0,0,0,0,0,0.04166666666666667,84.77083333333334,10.793957710266113,0.4166666666666667,0.125,0.08333333333333334,5500.0,5500.0,-1.8083333333333333,0
12.0,1643.0355,0,0,0,0,0,0,0,0,0.16666666666666669,104.63333333333334,9.498787879943851,0.33333333333333337,0.08333333333333334,0.16666666666666669,11000.0,11125.0,-1.3833333333333335,1
12.0,1731.0973,0,0,0,0,0,0,0,0,0.33333333333333337,116.10000000000002,8.6556058883667,0.25,0.08333333333333334,0.33333333333333337,22000.0,22125.0,-0.8333333333333334,1
17.0,1887.2649000000001,0,0,0,0,0,0,0,0,0.0,14.847058823529414,4.136935234069824,0.4705882352941177,0.23529411764705885,0.411764705882353,0.0,0.0,0.4352941176470588,0
16.0,1947.2354,0,0,0,0,0,0,0,0,0.125,35.30625000000001,4.0500284194946286,0.25,0.25,0.3125,1490.0,1490.0,0.24999999999999997,0
16.0,1929.1343000000002,0,0,0,0,0,0,0,0,0.125,36.318749999999994,4.897781944274903,0.5625,0.1875,0.1875,2980.0,2980.0,-1.26875,0
13.0,1667.7947,0,0,0,0,0,0,0,0,0.23076923076923078,36.58461538461538,4.0500284194946286,0.3076923076923077,0.3076923076923077,0.38461538461538464,12490.0,12490.0,-1.1846153846153846,0
18.0,1935.255,0,0,0,0,0,0,0,0,0.0,86.99444444444445,11.000127601623536,0.3333333333333333,0.4444444444444444,0.1111111111111111,0.0,0.0,-1.0,0
23.0,2416.0278,0,0,0,0,0,0,0,0,0.0,30.5304347826087,11.333622550964353,0.6521739130434783,0.13043478260869565,0.34782608695652173,0.0,0.0,0.5347826086956521,1
27.0,2914.5593999999996,0,0,0,0,0,0,0,0,0.037037037037037035,41.75555555555556,11.333622550964353,0.5555555555555556,0.18518518518518517,0.3333333333333333,5500.0,5500.0,0.20370370370370366,1
37.0,4495.0482999999995,0,0,0,0,0,0,0,0,0.13513513513513511,62.85432432432433,9.972243690490721,0.13513513513513514,0.3243243243243243,0.3783783783783784,5960.0,5960.0,-0.9540540540540542,1
5.0,481.52110000000005,0,0,0,0,0,0,0,0,0.0,46.52,5.275022315979004,0.2,0.6000000000000001,0.2,0.0,0.0,-0.16000000000000003,0
34.0,3711.2837,0,0,0,0,0,0,0,0,0.05882352941176471,99.37352941176471,10.42487621307373,0.3235294117647059,0.29411764705882354,0.23529411764705885,0.0,0.0,-0.65,1
5.0,570.6655,0,0,0,0,0,0,0,0,0.0,84.84,9.519997978210448,0.4,0.2,0.0,0.0,0.0,-0.8800000000000001,0
12.0,1469.7781,0,0,0,0,0,0,0,0,0.0,179.11666666666665,11.999967765808105,0.33333333333333337,0.25,0.16666666666666669,0.0,0.0,-1.8,1
32.0,3669.0263999999997,0,0,0,0,0,0,0,0,0.09375,64.565625,5.963228797912598,0.3125,0.3125,0.28125,12490.0,12490.0,-0.76875,0
22.0,2573.057,0,0,0,0,0,0,0,0,0.2272727272727273,12.936363636363637,6.501209831237793,0.4090909090909091,0.18181818181818182,0.5454545454545454,1490.0,1490.0,1.0,1
9.0,1081.2856,0,0,0,0,0,0,0,0,0.1111111111111111,-9.9,5.587466239929199,0.3333333333333333,0.2222222222222222,0.4444444444444444,1490.0,1490.0,0.711111111111111,1
6.0,724.9527999999999,0,0,0,0,0,0,0,0,0.0,102.13333333333334,4.0500284194946286,0.8333333333333334,0.0,0.16666666666666669,0.0,0.0,1.4166666666666667,0
9.0,1031.27,0,0,0,0,0,0,0,0,0.0,8.88888888888889,5.587750434875488,0.3333333333333333,0.2222222222222222,0.4444444444444445,0.0,0.0,1.3555555555555554,1
12.0,1329.6527999999998,0,0,0,0,0,0,0,0,0.08333333333333334,28.900000000000002,10.000932121276854,0.5,0.08333333333333334,0.33333333333333337,0.0,0.0,0.9833333333333334,1
12.0,1386.7472,0,0,0,0,0,0,0,0,0.08333333333333334,9.3,10.301354789733885,0.5,0.08333333333333334,0.33333333333333337,0.0,0.0,0.5083333333333333,1
12.0,1372.6808999999998,0,0,0,0,0,0,0,0,0.08333333333333334,28.900000000000002,11.16600475311279,0.5,0.08333333333333334,0.25,0.0,0.0,0.2333333333333333,1
12.0,1456.8402999999998,0,0,0,0,0,0,0,0,0.08333333333333334,28.900000000000002,11.16600475311279,0.41666666666666674,0.08333333333333334,0.4166666666666667,0.0,0.0,0.625,1
10.0,1244.5052,0,0,0,0,0,0,0,0,0.1,9.0,6.495639610290527,0.2,0.2,0.5,0.0,0.0,1.0,1
12.0,1414.7605999999998,0,0,0,0,0,0,0,0,0.08333333333333334,28.900000000000002,11.16600475311279,0.41666666666666674,0.08333333333333334,0.33333333333333337,0.0,0.0,0.4583333333333333,1
12.0,1428.7872,0,0,0,0,0,0,0,0,0.08333333333333334,28.900000000000002,11.16600475311279,0.41666666666666674,0.0,0.4166666666666667,0.0,0.0,0.4666666666666666,1
12.0,1490.8564999999999,0,0,0,0,0,0,0,0,0.16666666666666669,39.18333333333333,10.289041328430173,0.41666666666666674,0.0,0.4166666666666667,1490.0,1490.0,0.4166666666666667,1
12.0,1498.9199999999998,0,0,0,0,0,0,0,0,0.08333333333333334,44.95,11.16600475311279,0.33333333333333337,0.08333333333333334,0.5,0.0,0.0,0.85,1
26.0,2855.3347999999996,0,0,0,0,0,0,0,0,0.038461538461538464,21.165384615384617,5.949757957458496,0.2692307692307693,0.23076923076923078,0.46153846153846156,1490.0,1490.0,0.7461538461538461,1
23.0,2621.203,0,0,0,0,0,0,0,0,0.043478260869565216,33.104347826086965,5.058693122863769,0.4782608695652174,0.17391304347826086,0.43478260869565216,0.0,0.0,0.8478260869565217,1
10.0,1245.4918,0,0,0,0,0,0,0,0,0.0,85.54,6.0021066665649405,0.30000000000000004,0.2,0.4,0.0,0.0,0.23999999999999994,1
10.0,1184.4087,0,0,0,0,0,0,0,0,0.0,28.26,6.495639610290527,0.2,0.30000000000000004,0.4,0.0,0.0,0.6399999999999999,1
9.0,1038.2575,0,0,0,0,0,0,0,0,0.1111111111111111,25.766666666666666,4.0500284194946286,0.3333333333333333,0.2222222222222222,0.5555555555555556,1490.0,1490.0,1.7111111111111112,1
10.0,1251.4549,0,0,0,0,0,0,0,0,0.1,122.56,6.039961433410644,0.5,0.0,0.30000000000000004,1490.0,1490.0,-0.27999999999999997,1
10.0,1232.4515,0,0,0,0,0,0,0,0,0.1,11.350000000000001,6.50155086517334,0.30000000000000004,0.1,0.4,1490.0,1490.0,0.38999999999999996,1
9.0,1079.3558,0,0,0,0,0,0,0,0,0.1111111111111111,-9.9,8.497787284851075,0.3333333333333333,0.1111111111111111,0.5555555555555556,1490.0,1490.0,1.6,1
12.0,1472.8397,0,0,0,0,0,0,0,0,0.08333333333333334,14.808333333333334,10.289041328430173,0.41666666666666674,0.08333333333333334,0.4166666666666667,1490.0,1490.0,0.28333333333333327,1
6.0,809.9728,0,0,0,0,0,0,0,0,0.16666666666666669,-19.85,5.839888191223144,0.16666666666666669,0.16666666666666669,0.5,1490.0,1490.0,0.26666666666666666,1
9.0,1081.2856,0,0,0,0,0,0,0,0,0.1111111111111111,-9.9,5.587466239929199,0.2222222222222222,0.2222222222222222,0.4444444444444445,1490.0,1490.0,0.7888888888888889,1
10.0,1290.5339999999999,0,0,0,0,0,0,0,0,0.1,-16.4,9.697157096862792,0.30000000000000004,0.2,0.30000000000000004,1490.0,1490.0,-1.02,1
7.0,923.1303999999999,0,0,0,0,0,0,0,0,0.14285714285714288,-15.585714285714285,5.587466239929199,0.28571428571428575,0.14285714285714288,0.5714285714285715,1490.0,1490.0,0.7714285714285714,1
9.0,1081.2856,0,0,0,0,0,0,0,0,0.1111111111111111,-9.9,5.587466239929199,0.3333333333333333,0.2222222222222222,0.4444444444444444,1490.0,1490.0,0.711111111111111,1
8.0,1036.288,0,0,0,0,0,0,0,0,0.125,-12.3875,5.587466239929199,0.25,0.125,0.625,1490.0,1490.0,1.2375,1
9.0,1107.3659,0,0,0,0,0,0,0,0,0.1111111111111111,-9.9,5.587466239929199,0.3333333333333333,0.1111111111111111,0.5555555555555556,1490.0,1490.0,1.2999999999999998,1
9.0,1123.3653,0,0,0,0,0,0,0,0,0.1111111111111111,-9.9,5.587466239929199,0.2222222222222222,0.2222222222222222,0.5555555555555556,1490.0,1490.0,1.011111111111111,1
10.0,1260.5046,0,0,0,0,0,0,0,0,0.1,-7.91,6.49529857635498,0.2,0.2,0.5,1490.0,1490.0,0.59,1
11.0,1379.7099,0,0,0,0,0,0,0,0,0.09090909090909091,-6.281818181818181,9.697028160095215,0.36363636363636365,0.18181818181818182,0.45454545454545453,1490.0,1490.0,0.11818181818181817,1
12.0,1430.76,0,0,0,0,0,0,0,0,0.08333333333333334,14.808333333333334,10.289041328430173,0.41666666666666674,0.08333333333333334,0.33333333333333337,1490.0,1490.0,0.11666666666666665,1
21.0,1974.2592999999997,0,0,0,0,0,0,0,0,0.0,-1.5190476190476188,4.0500284194946286,0.3333333333333333,0.38095238095238093,0.2857142857142857,0.0,0.0,0.8095238095238095,0
6.0,647.8274,0,0,0,0,0,0,0,0,0.0,-5.816666666666667,8.500108146667483,0.5,0.16666666666666669,0.33333333333333337,0.0,0.0,1.2833333333333334,0
10.0,1076.2676,0,0,0,0,0,0,0,0,0.0,-16.47,8.345384025573733,0.6000000000000001,0.4,0.2,0.0,0.0,-0.6900000000000001,0
34.0,3511.0119999999997,0,0,0,0,0,0,0,0,0.05882352941176471,23.905882352941177,4.436874580383301,0.3823529411764706,0.35294117647058826,0.2647058823529412,0.0,0.0,0.27058823529411763,0
37.0,3976.5193,0,0,0,0,0,0,0,0,0.05405405405405405,21.42162162162163,9.1848913192749,0.40540540540540543,0.2702702702702703,0.2162162162162162,1490.0,1615.0,-0.7648648648648649,1
25.0,2724.1387999999997,0,0,0,0,0,0,0,0,0.04,21.612000000000002,5.949757957458496,0.28,0.24,0.48,1490.0,1490.0,0.672,1
10.0,1246.5263,0,0,0,0,0,0,0,0,0.0,167.5,11.999967765808105,0.4,0.1,0.5,0.0,0.0,-0.24000000000000005,1
12.0,1264.4751999999999,0,0,0,0,0,0,0,0,0.0,34.19166666666667,8.498431968688966,0.5,0.33333333333333337,0.08333333333333334,0.0,0.0,-0.6666666666666666,0
13.0,1570.8187999999998,0,0,0,0,0,0,0,0,0.0,48.353846153846156,11.698964881896973,0.46153846153846156,0.23076923076923078,0.23076923076923075,0.0,0.0,-0.8153846153846155,0
13.0,1618.9361999999999,0,0,0,0,0,0,0,0,0.15384615384615385,-5.607692307692306,8.345384025573733,0.46153846153846156,0.15384615384615385,0.5384615384615385,11000.0,11000.0,-0.24615384615384617,0
20.0,2403.8318,0,0,0,0,0,0,0,0,0.0,110.03,11.000127601623536,0.4,0.2,0.15000000000000002,0.0,0.0,-1.355,0
14.0,1492.6705,0,0,0,0,0,0,0,0,0.0,28.678571428571434,4.0500284194946286,0.3571428571428572,0.3571428571428572,0.3571428571428572,0.0,0.0,0.028571428571428574,0
22.0,2635.1866,0,0,0,0,0,0,0,0,0.0,45.022727272727266,11.539018821716308,0.36363636363636365,0.13636363636363635,0.2727272727272727,0.0,0.0,-0.5227272727272727,0
18.0,2059.4996,0,0,0,0,0,0,0,0,0.0,32.25555555555555,9.26193103790283,0.3888888888888889,0.2222222222222222,0.3888888888888889,0.0,0.0,0.5388888888888889,0
17.0,2136.5521,0,0,0,0,0,0,0,0,0.11764705882352942,112.9529411764706,11.999967765808105,0.35294117647058826,0.17647058823529413,0.23529411764705885,1490.0,1490.0,-0.7117647058823531,0
27.0,3125.7475999999997,0,0,0,0,0,0,0,0,0.037037037037037035,22.385185185185183,7.790698051452638,0.4074074074074074,0.18518518518518517,0.3333333333333333,0.0,125.0,-0.18888888888888888,0
8.0,898.0382999999999,0,0,0,0,0,0,0,0,0.0,14.237499999999994,6.49529857635498,0.375,0.375,0.25,0.0,0.0,-0.9500000000000001,0
13.0,1491.8399,0,0,0,0,0,0,0,0,0.0,35.01538461538461,10.301354789733885,0.3846153846153846,0.38461538461538464,0.23076923076923078,0.0,0.0,-1.2,1
28.0,3433.2222,0,0,0,0,0,0,0,0,0.2142857142857143,58.603928571428575,6.501209831237793,0.39285714285714285,0.14285714285714288,0.46428571428571436,2980.0,2980.0,1.1392857142857142,0
14.0,1808.1264999999999,0,0,0,0,0,0,0,0,0.2857142857142857,72.32857142857144,7.914735221862793,0.2142857142857143,0.2142857142857143,0.4285714285714286,4470.0,4470.0,-0.42857142857142866,0
33.0,3917.3327,0,0,0,0,0,0,0,0,0.06060606060606061,53.50909090909091,8.340548896789553,0.30303030303030304,0.2727272727272727,0.24242424242424243,1490.0,1490.0,-1.2030303030303031,0
25.0,2990.5443999999998,0,0,0,0,0,0,0,0,0.08,77.2,9.69399814605713,0.36,0.2,0.4,1490.0,1490.0,-0.19600000000000006,0
12.0,1522.8671,0,0,0,0,0,0,0,0,0.0,12.666666666666671,11.999967765808105,0.4166666666666667,0.16666666666666669,0.16666666666666669,0.0,0.0,-1.8666666666666665,0
17.0,2377.9234,0,0,0,0,0,0,0,0,0.17647058823529413,40.011764705882364,11.999967765808105,0.35294117647058826,0.05882352941176471,0.29411764705882354,11000.0,11000.0,-1.5176470588235293,1
30.0,3547.2663999999995,0,0,0,0,0,0,0,0,0.06666666666666667,90.01333333333332,11.999967765808105,0.1,0.4666666666666667,0.16666666666666666,1490.0,1490.0,-1.3766666666666667,1
8.0,1242.5112,0,0,0,0,0,0,0,0,0.0,428.92499999999995,11.999967765808105,0.125,0.0,0.0,0.0,0.0,-3.7,1
34.0,4396.0114,0,0,0,0,0,0,0,0,0.2058823529411765,68.17058823529412,5.304067039489746,0.2647058823529412,0.17647058823529413,0.4705882352941177,16960.0,16960.0,-0.5235294117647059,0
18.0,1957.1907,0,0,0,0,0,0,0,0,0.05555555555555555,86.50555555555556,5.060625648498534,0.2222222222222222,0.5555555555555556,0.2777777777777778,5500.0,5500.0,-0.32222222222222224,1
148.0,12182.995599999998,0,0,0,0,0,0,0,0,0.03378378378378378,49.343243243243236,5.27274875640869,0.020270270270270268,0.6418918918918919,0.3310810810810811,5500.0,5500.0,0.8695945945945948,1
269.0,23967.8668,0,0,0,0,0,0,0,0,0.0037174721189591076,38.762453531598496,11.999967765808105,0.040892193308550186,0.5576208178438662,0.34572490706319703,1490.0,1490.0,0.5230483271375466,1
161.0,13838.9107,0,0,0,0,0,0,0,0,0.037267080745341616,61.20807453416147,11.999967765808105,0.03105590062111801,0.6086956521739131,0.31055900621118016,6990.0,6990.0,0.5459627329192547,1
171.0,14949.141599999997,0,0,0,0,0,0,0,0,0.03508771929824561,60.96491228070174,11.999967765808105,0.04093567251461988,0.6023391812865497,0.2982456140350877,6990.0,6990.0,0.38654970760233925,1
25.0,2791.3041,0,0,0,0,0,0,0,0,0.12,16.216,4.136935234069824,0.36,0.24,0.44,2980.0,2980.0,0.596,0
26.0,2811.2194,0,0,0,0,0,0,0,0,0.038461538461538464,13.442307692307692,8.518997383117675,0.2692307692307693,0.23076923076923078,0.4230769230769231,0.0,0.0,0.3038461538461539,0
21.0,2523.9368999999997,0,0,0,0,0,0,0,0,0.09523809523809523,64.97619047619048,11.999967765808105,0.19047619047619047,0.2857142857142857,0.3333333333333333,0.0,0.0,-0.5428571428571429,0
12.0,1316.5217,0,0,0,0,0,0,0,0,0.08333333333333334,52.51666666666667,5.275022315979004,0.25,0.5,0.41666666666666674,5500.0,5500.0,-6.47630097698008e-17,1
17.0,2384.7805,0,0,0,0,0,0,0,0,0.11764705882352942,223.08235294117645,11.999967765808105,0.05882352941176471,0.17647058823529413,0.17647058823529413,1490.0,1490.0,-2.6470588235294117,1
30.0,3418.2331999999997,0,0,0,0,0,0,0,0,0.1,24.24,10.192661094665528,0.3666666666666667,0.26666666666666666,0.4,11000.0,11000.0,0.41333333333333333,1
8.0,1057.3104,0,0,0,0,0,0,0,0,0.125,-4.037499999999998,5.75320873260498,0.5,0.125,0.25,0.0,0.0,0.14999999999999997,0
35.0,4031.5,0,0,0,0,0,0,0,0,0.02857142857142857,52.708571428571425,4.710099601745605,0.4857142857142857,0.14285714285714285,0.3142857142857143,1490.0,1490.0,-0.6771428571428572,0
22.0,2652.2882,0,0,0,0,0,0,0,0,0.045454545454545456,91.81363636363635,11.999967765808105,0.18181818181818182,0.13636363636363635,0.4090909090909091,0.0,0.0,0.09545454545454546,1
37.0,4327.2294999999995,0,0,0,0,0,0,0,0,0.08108108108108107,60.454054054054055,11.999967765808105,0.21621621621621623,0.16216216216216214,0.43243243243243246,5500.0,5500.0,0.2378378378378378,1
23.0,2482.8572,0,0,0,0,0,0,0,0,0.0,38.51739130434782,8.494821739196777,0.30434782608695654,0.2608695652173913,0.30434782608695654,0.0,0.0,-0.20869565217391303,0
21.0,2496.1025,0,0,0,0,0,0,0,0,0.047619047619047616,68.43333333333334,11.999967765808105,0.19047619047619047,0.14285714285714285,0.42857142857142855,0.0,0.0,0.3142857142857143,1
22.0,2652.2882,0,0,0,0,0,0,0,0,0.045454545454545456,91.81363636363635,11.999967765808105,0.18181818181818182,0.13636363636363635,0.4090909090909091,0.0,0.0,0.09545454545454546,1
10.0,1244.3761,0,0,0,0,0,0,0,0,0.1,2.620000000000001,5.194140434265136,0.2,0.30000000000000004,0.4,5500.0,5500.0,-0.89,0
35.0,3979.5825999999997,0,0,0,0,0,0,0,0,0.02857142857142857,15.1,6.705204963684082,0.5714285714285714,0.2571428571428572,0.2857142857142857,5500.0,5500.0,-0.3571428571428572,0
17.0,2009.3264,0,0,0,0,0,0,0,0,0.17647058823529413,18.235294117647058,4.0500284194946286,0.35294117647058826,0.17647058823529413,0.5294117647058824,5500.0,5500.0,0.7705882352941176,0
28.0,3325.8994000000002,0,0,0,0,0,0,0,0,0.07142857142857144,74.68214285714286,11.438899421691897,0.25,0.1785714285714286,0.32142857142857145,1490.0,1615.0,-0.3464285714285715,1
30.0,3651.1853,0,0,0,0,0,0,0,0,0.03333333333333333,108.84999999999997,11.999967765808105,0.2,0.3,0.16666666666666666,5500.0,5500.0,-1.6366666666666667,1
13.0,1539.8479,1,0,0,0,0,1,0,0,0.0,30.73846153846154,11.999967765808105,0.38461538461538464,0.23076923076923078,0.3076923076923077,0.0,0.0,-0.9000000000000001,1
13.0,1689.8914,1,0,0,0,0,1,0,0,0.15384615384615385,19.230769230769234,8.366529655456542,0.38461538461538464,0.23076923076923075,0.3076923076923077,5500.0,5500.0,-1.6615384615384616,1
13.0,1759.0429,1,0,0,0,0,1,0,0,0.15384615384615385,123.05384615384614,10.289041328430173,0.46153846153846156,0.15384615384615385,0.23076923076923078,5500.0,5500.0,-1.9846153846153847,1
13.0,1710.1015,1,0,0,0,0,1,0,0,0.07692307692307693,65.30769230769232,11.999967765808105,0.46153846153846156,0.07692307692307693,0.38461538461538464,5500.0,5500.0,-1.176923076923077,1
13.0,1743.0865,1,0,0,0,0,1,0,0,0.15384615384615385,101.70769230769234,11.263738822937015,0.46153846153846156,0.15384615384615385,0.3076923076923077,5500.0,5500.0,-1.4230769230769231,1
13.0,1710.1015,1,0,0,0,0,1,0,0,0.07692307692307693,65.30769230769232,11.999967765808105,0.46153846153846156,0.07692307692307693,0.38461538461538464,5500.0,5500.0,-1.176923076923077,1
13.0,1742.1017,1,0,0,0,0,1,0,0,0.15384615384615385,59.50769230769231,11.999967765808105,0.38461538461538464,0.15384615384615385,0.38461538461538464,5500.0,5500.0,-0.8769230769230769,1
13.0,1817.0804999999998,1,0,0,0,0,1,0,0,0.23076923076923078,90.10769230769232,9.992486763000489,0.38461538461538464,0.15384615384615385,0.3076923076923077,11000.0,11000.0,-1.7538461538461538,1
13.0,1669.0065,1,0,0,0,0,1,0,0,0.07692307692307693,108.60000000000001,11.999967765808105,0.38461538461538464,0.15384615384615385,0.38461538461538464,5500.0,5500.0,-0.9384615384615386,1
13.0,1729.1029999999998,1,0,0,0,0,1,0,0,0.15384615384615385,63.092307692307706,11.999967765808105,0.38461538461538464,0.07692307692307693,0.46153846153846156,5500.0,5500.0,-0.6615384615384615,1
13.0,1714.0883,1,0,0,0,0,1,0,0,0.15384615384615385,83.52307692307694,11.263738822937015,0.46153846153846156,0.15384615384615385,0.38461538461538464,5500.0,5500.0,-0.8307692307692308,1
13.0,1761.9986999999999,1,0,0,0,0,1,0,0,0.23076923076923078,19.230769230769234,8.366529655456542,0.38461538461538464,0.15384615384615385,0.38461538461538464,11000.0,11000.0,-1.4615384615384615,1
6.0,541.5978,0,0,0,0,0,0,0,0,0.0,40.43333333333334,5.525000190734862,0.5,0.5,0.16666666666666669,0.0,0.0,0.31666666666666665,0
34.0,3656.05,0,0,0,0,0,0,0,0,0.0,94.23235294117647,11.999967765808105,0.23529411764705885,0.3235294117647059,0.11764705882352942,0.0,0.0,-1.3558823529411765,1
22.0,2301.5823,0,0,0,0,0,0,0,0,0.045454545454545456,47.18636363636364,6.744537544250489,0.22727272727272727,0.40909090909090906,0.2272727272727273,5500.0,5500.0,-0.24545454545454548,0
33.0,3843.2221,0,0,0,0,0,0,0,0,0.18181818181818182,13.503030303030302,8.603128623962405,0.21212121212121213,0.24242424242424243,0.4545454545454546,1490.0,1490.0,-0.2696969696969697,0
17.0,2190.5189,0,0,0,0,0,0,0,0,0.0,142.67647058823528,11.999967765808105,0.411764705882353,0.05882352941176471,0.17647058823529413,0.0,0.0,-2.1941176470588233,1
19.0,2350.7131,0,0,0,0,0,0,0,0,0.0,124.24210526315787,11.711987495422363,0.368421052631579,0.10526315789473685,0.15789473684210528,0.0,0.0,-1.8526315789473686,1
6.0,661.7280999999999,0,0,0,0,0,0,0,0,0.0,57.86666666666667,5.518122673034666,0.33333333333333337,0.33333333333333337,0.16666666666666669,0.0,0.0,-0.4000000000000001,0
6.0,633.7578,0,0,0,0,0,0,0,0,0.0,57.86666666666667,5.518122673034666,0.33333333333333337,0.16666666666666669,0.5,0.0,0.0,1.4000000000000001,0
9.0,1003.1704,0,0,0,0,0,0,0,0,0.0,8.88888888888889,4.0500284194946286,0.4444444444444444,0.3333333333333333,0.4444444444444444,0.0,0.0,0.8111111111111111,0
7.0,863.9326,0,0,0,0,0,0,0,0,0.0,25.314285714285717,4.0500284194946286,0.5714285714285715,0.14285714285714288,0.28571428571428575,0.0,0.0,-1.2857142857142858,0
15.0,1719.8514999999998,0,0,0,0,0,0,0,0,0.0,31.96666666666667,4.251693153381347,0.5333333333333333,0.2,0.06666666666666667,0.0,0.0,-1.1733333333333333,0
17.0,2252.4865,0,0,0,0,0,0,0,0,0.35294117647058826,16.847058823529416,10.835024070739745,0.0,0.23529411764705885,0.4705882352941177,6990.0,6990.0,-0.788235294117647,0
30.0,3737.2062000000005,0,0,0,0,0,0,0,0,0.2,67.50999999999999,5.445482444763183,0.16666666666666666,0.3333333333333333,0.43333333333333335,27500.0,27500.0,-0.49000000000000005,0
22.0,2237.4658999999997,0,0,0,0,0,0,0,0,0.0,-5.47272727272727,4.1373899459838865,0.40909090909090906,0.3181818181818182,0.36363636363636365,0.0,0.0,-0.15454545454545457,0
19.0,2686.0806,1,0,0,0,0,1,0,0,0.3684210526315789,18.194736842105264,10.301548194885253,0.2631578947368421,0.2105263157894737,0.42105263157894735,34490.0,34490.0,-1.9842105263157896,1
36.0,4625.5367,0,0,0,0,0,0,0,0,0.05555555555555555,47.24722222222223,11.999967765808105,0.4444444444444444,0.16666666666666666,0.2222222222222222,0.0,0.0,-2.038888888888889,1
18.0,2321.776,0,0,0,0,0,0,0,0,0.05555555555555555,53.77222222222223,11.999967765808105,0.4444444444444444,0.16666666666666666,0.2222222222222222,0.0,0.0,-2.038888888888889,1
49.0,5420.093699999999,0,0,0,0,0,0,0,0,0.061224489795918366,36.087755102040816,11.999967765808105,0.163265306122449,0.326530612244898,0.3469387755102041,0.0,0.0,-0.4714285714285715,0
14.0,1677.7733999999998,0,0,0,0,0,0,0,0,0.0,90.31428571428573,5.380970191955567,0.14285714285714288,0.4285714285714286,0.2142857142857143,0.0,0.0,-1.8642857142857143,0
12.0,1259.3627999999999,0,0,0,0,0,0,0,0,0.0,82.4,4.0500284194946286,0.33333333333333337,0.41666666666666674,0.41666666666666674,0.0,0.0,-0.10000000000000003,1
6.0,687.7853,0,0,0,0,0,0,0,0,0.0,76.76666666666667,8.750052070617677,0.16666666666666669,0.33333333333333337,0.5,0.0,0.0,-0.4833333333333332,0
17.0,1927.0905000000002,0,0,0,0,0,0,0,0,0.05882352941176471,81.37058823529411,4.0500284194946286,0.23529411764705885,0.29411764705882354,0.411764705882353,0.0,0.0,-0.11764705882352941,0
7.0,826.9802999999999,0,0,0,0,0,0,0,0,0.0,14.028571428571427,8.591201972961429,0.28571428571428575,0.4285714285714286,0.28571428571428575,0.0,0.0,-1.0571428571428572,1
24.0,2813.2086999999997,0,0,0,0,0,0,0,0,0.20833333333333337,37.40833333333334,10.000932121276854,0.41666666666666663,0.2916666666666667,0.4166666666666667,1490.0,1490.0,-0.5166666666666667,0
19.0,2292.5841,0,0,0,0,0,0,0,0,0.052631578947368425,103.8157894736842,11.999967765808105,0.21052631578947367,0.4210526315789474,0.052631578947368425,0.0,0.0,-2.3263157894736843,0
8.0,993.1985999999999,0,0,0,0,0,0,0,0,0.25,93.75125,8.590879631042483,0.25,0.25,0.625,1490.0,1490.0,0.625,0
12.0,1510.8927999999999,0,0,0,0,0,0,0,0,0.0,85.76666666666668,11.999967765808105,0.25,0.16666666666666669,0.4166666666666667,0.0,0.0,-0.3333333333333333,1
27.0,3181.5989999999997,0,0,0,0,0,0,0,0,0.037037037037037035,79.64074074074072,8.430417823791508,0.5185185185185185,0.2222222222222222,0.25925925925925924,1490.0,1490.0,-1.1703703703703705,0
31.0,3648.1265000000003,0,0,0,0,0,0,0,0,0.0967741935483871,56.51612903225807,4.594659614562987,0.3548387096774194,0.22580645161290322,0.4193548387096774,1490.0,1490.0,-0.10322580645161292,0
27.0,3016.3219999999997,0,0,0,0,0,0,0,0,0.07407407407407407,45.76666666666667,10.278081703186032,0.14814814814814814,0.3333333333333333,0.4444444444444444,1490.0,1490.0,-0.6962962962962963,0
5.0,502.5617,0,0,0,0,0,0,0,0,0.0,8.0,5.525000190734862,0.4,0.6000000000000001,0.4,0.0,0.0,0.5799999999999998,0
29.0,3229.5734999999995,0,0,0,0,0,0,0,0,0.13793103448275862,7.182758620689655,5.45361042022705,0.27586206896551724,0.3103448275862069,0.3448275862068966,4470.0,4595.0,-0.006896551724137964,0
25.0,2859.2403,0,0,0,0,0,0,0,0,0.0,9.600000000000001,5.525000190734862,0.48,0.52,0.48,0.0,0.0,0.003999999999999915,1
20.0,2292.5072999999998,0,0,0,0,0,0,0,0,0.0,9.5,5.525000190734862,0.4,0.6,0.4,0.0,0.0,-0.5800000000000001,1
20.0,2292.5072999999998,0,0,0,0,0,0,0,0,0.0,9.5,5.525000190734862,0.4,0.6,0.4,0.0,0.0,-0.5800000000000001,1
16.0,1839.8768999999998,0,0,0,0,0,0,0,0,0.0,9.375,5.525000190734862,0.25,0.75,0.25,0.0,0.0,-1.675,1
12.0,1384.4115,0,0,0,0,0,0,0,0,0.0,9.166666666666668,5.525000190734862,0.25,0.75,0.25,0.0,0.0,-1.675,1
16.0,1839.8768999999998,0,0,0,0,0,0,0,0,0.0,9.375,5.525000190734862,0.25,0.75,0.25,0.0,0.0,-1.675,1
16.0,1839.8768999999998,0,0,0,0,0,0,0,0,0.0,9.375,5.525000190734862,0.25,0.75,0.25,0.0,0.0,-1.675,1
28.0,3375.817,0,0,0,0,0,0,0,0,0.14285714285714285,24.599999999999998,9.821000862121583,0.2142857142857143,0.32142857142857145,0.35714285714285715,4470.0,4470.0,-0.9071428571428573,0
16.0,1747.8994,0,0,0,0,0,0,0,0,0.0625,36.4625,4.25265941619873,0.5,0.25,0.3125,1490.0,1490.0,-0.44375,0
7.0,802.9818999999999,0,0,0,0,0,0,0,0,0.0,75.95714285714286,8.22224941253662,0.28571428571428575,0.28571428571428575,0.4285714285714286,0.0,0.0,0.5857142857142856,0
13.0,1513.7080999999998,0,0,0,0,0,0,0,0,0.0,59.38461538461539,11.999967765808105,0.3846153846153846,0.3076923076923077,0.07692307692307693,0.0,0.0,-2.553846153846154,0
18.0,1667.8147,0,0,0,0,0,0,0,0,0.0,5.794444444444444,4.0500284194946286,0.3333333333333333,0.3888888888888889,0.2777777777777778,0.0,0.0,0.5833333333333334,0
10.0,1011.1296,0,0,0,0,0,0,0,0,0.0,25.380000000000003,4.0500284194946286,0.5,0.30000000000000004,0.30000000000000004,0.0,0.0,0.29,0
12.0,1321.4818,0,0,0,0,0,0,0,0,0.0,-4.191666666666668,8.757208061218265,0.25,0.41666666666666674,0.33333333333333337,0.0,0.0,-0.75,1
11.0,1509.7293,0,0,0,0,0,0,0,0,0.0,176.52727272727273,11.999967765808105,0.09090909090909091,0.18181818181818182,0.09090909090909091,0.0,0.0,-2.9545454545454546,1
12.0,1526.6964999999998,0,0,0,0,0,0,0,0,0.16666666666666669,19.45,6.920852088928222,0.33333333333333337,0.16666666666666669,0.41666666666666674,1490.0,1490.0,-0.5000000000000001,0
8.0,1146.4121,0,0,0,0,0,0,0,0,0.125,80.35,11.999967765808105,0.5,0.125,0.125,5500.0,5500.0,-2.9,1
9.0,1088.2452,0,0,0,0,0,0,0,0,0.0,46.34444444444445,10.260933113098144,0.1111111111111111,0.2222222222222222,0.2222222222222222,0.0,0.0,-1.1111111111111112,0
8.0,958.0306,0,0,0,0,0,0,0,0,0.0,43.637499999999996,6.24691219329834,0.125,0.375,0.25,0.0,0.0,-1.4,0
12.0,1321.4353999999998,0,0,0,0,0,0,0,0,0.08333333333333334,41.26666666666667,4.3702592849731445,0.41666666666666674,0.33333333333333337,0.33333333333333337,0.0,0.0,0.1333333333333333,1
14.0,1406.6226,0,0,0,0,0,0,0,0,0.07142857142857144,16.97857142857143,5.524318122863768,0.2857142857142857,0.28571428571428575,0.5000000000000001,1490.0,1490.0,1.407142857142857,0
16.0,2113.3382,0,0,0,0,0,0,0,0,0.1875,7.06875,8.596166038513186,0.3125,0.25,0.1875,6990.0,6990.0,-1.7625,0
9.0,1015.0355999999999,0,0,0,0,0,0,0,0,0.0,39.900000000000006,6.743628120422364,0.2222222222222222,0.5555555555555556,0.2222222222222222,0.0,0.0,-1.788888888888889,0
12.0,1210.2756,0,0,0,0,0,0,0,0,0.0,48.475,9.750021171569824,0.25,0.4166666666666667,0.16666666666666669,0.0,0.0,-0.85,1
18.0,1845.0610000000001,0,0,0,0,0,0,0,0,0.05555555555555555,10.799999999999995,6.0697450637817365,0.33333333333333337,0.4444444444444444,0.33333333333333337,0.0,0.0,-0.17222222222222225,0
24.0,2619.7880999999998,0,0,0,0,0,0,0,0,0.0,11.908333333333333,4.0500284194946286,0.16666666666666669,0.375,0.45833333333333337,0.0,0.0,-0.5458333333333333,0
11.0,1264.3410999999999,0,0,0,0,0,0,0,0,0.09090909090909091,18.881818181818183,4.3702592849731445,0.2727272727272727,0.4545454545454546,0.36363636363636365,1490.0,1490.0,-1.1090909090909091,0
9.0,1165.3209,0,0,0,0,0,0,0,0,0.2222222222222222,36.96666666666666,8.206390190124512,0.2222222222222222,0.1111111111111111,0.5555555555555556,6990.0,6990.0,-0.8777777777777778,1
10.0,1252.3982,0,0,0,0,0,0,0,0,0.2,34.269999999999996,8.206390190124512,0.2,0.2,0.5,6990.0,6990.0,-0.8700000000000001,1
24.0,2966.2565,0,0,0,0,0,0,0,0,0.16666666666666669,41.28333333333333,4.594659614562987,0.33333333333333337,0.20833333333333334,0.45833333333333337,2980.0,2980.0,-0.7458333333333332,0
10.0,1206.3066000000001,0,0,0,0,0,0,0,0,0.2,-15.309999999999999,8.598229026794435,0.2,0.30000000000000004,0.5,6990.0,6990.0,-1.16,1
12.0,1371.5888,0,0,0,0,0,0,0,0,0.0,69.91666666666667,11.097152519226071,0.5833333333333334,0.16666666666666669,0.16666666666666669,0.0,0.0,-1.7833333333333332,1
47.0,5330.266299999999,0,0,0,0,0,0,0,0,0.02127659574468085,52.77234042553191,11.310027122497559,0.3829787234042553,0.2127659574468085,0.2978723404255319,1490.0,1490.0,-0.26382978723404255,0
33.0,3815.3631000000005,0,0,0,0,0,0,0,0,0.06060606060606061,47.54545454545455,9.818615531921385,0.3939393939393939,0.21212121212121213,0.33333333333333337,2980.0,2980.0,-0.6,0
17.0,2155.5189,0,0,0,0,0,0,0,0,0.23529411764705885,18.599999999999998,8.589977073669434,0.411764705882353,0.11764705882352942,0.4705882352941177,11000.0,11000.0,-0.1,0
19.0,2161.3695,0,0,0,0,0,0,0,0,0.15789473684210525,-33.15789473684211,8.497529411315917,0.15789473684210525,0.47368421052631576,0.368421052631579,0.0,0.0,-0.5842105263157894,1
30.0,3225.7223999999997,0,0,0,0,0,0,0,0,0.03333333333333333,26.13333333333333,6.0293893814086905,0.4666666666666667,0.2,0.26666666666666666,0.0,0.0,0.26,0
8.0,873.0056,0,0,0,0,0,0,0,0,0.0,8.75,6.0014245986938475,0.5,0.125,0.5,0.0,0.0,0.30000000000000004,0
30.0,3492.8442999999997,0,0,0,0,0,0,0,0,0.13333333333333333,23.026666666666664,4.407318305969238,0.3333333333333333,0.33333333333333337,0.43333333333333335,12490.0,12490.0,-0.2866666666666667,0
31.0,3667.0027,0,0,0,0,0,0,0,0,0.0967741935483871,53.36129032258063,4.7815462112426745,0.22580645161290322,0.3225806451612903,0.25806451612903225,6990.0,7115.0,-0.9419354838709677,0
10.0,1323.4413,0,0,0,0,0,0,0,0,0.1,58.74,10.053602790832517,0.1,0.3,0.1,1490.0,1490.0,-2.92,1
10.0,1351.4977999999999,0,0,0,0,0,0,0,0,0.1,99.11,10.916383171081542,0.1,0.3,0.1,1490.0,1490.0,-3.02,1
8.0,1139.2902000000001,0,0,0,0,0,0,0,0,0.25,59.212500000000006,10.053602790832517,0.125,0.25,0.25,6990.0,6990.0,-2.45,1
10.0,1381.522,0,0,0,0,0,0,0,0,0.2,41.830000000000005,10.053602790832517,0.1,0.3,0.2,6990.0,6990.0,-2.66,1
12.0,1559.6371,0,0,0,0,0,0,0,0,0.25,3.2166666666666686,8.504169654846194,0.08333333333333334,0.25,0.41666666666666674,2980.0,2980.0,-2.0083333333333333,1
8.0,930.8361,0,0,0,0,0,0,0,0,0.0,8.75,5.525000190734862,0.0,1.0,0.0,0.0,0.0,-3.5,1
12.0,1387.2465,0,0,0,0,0,0,0,0,0.0,9.166666666666668,5.525000190734862,0.0,1.0,0.0,0.0,0.0,-3.5,1
12.0,1387.2465,0,0,0,0,0,0,0,0,0.0,9.166666666666668,5.525000190734862,0.0,1.0,0.0,0.0,0.0,-3.5,1
20.0,2555.1336,0,0,0,0,0,0,0,0,0.05,203.5,11.999967765808105,0.5,0.1,0.1,0.0,0.0,-1.705,1
23.0,2872.4948999999997,0,0,0,0,0,0,0,0,0.043478260869565216,179.9347826086956,11.999967765808105,0.5217391304347826,0.13043478260869565,0.08695652173913043,0.0,0.0,-1.4739130434782608,1
24.0,2969.6101,0,0,0,0,0,0,0,0,0.04166666666666667,188.90416666666664,11.999967765808105,0.5,0.16666666666666669,0.08333333333333334,0.0,0.0,-1.4791666666666667,1
24.0,2686.9318,0,0,0,0,0,0,0,0,0.125,93.02916666666667,4.679861259460449,0.16666666666666669,0.45833333333333337,0.16666666666666669,16500.0,16750.0,-0.9500000000000001,0
19.0,2147.5833,0,0,0,0,0,0,0,0,0.0,47.98947368421053,10.010215568542481,0.4210526315789474,0.21052631578947367,0.31578947368421056,0.0,0.0,-0.2894736842105263,0
28.0,3098.3498,0,0,0,0,0,0,0,0,0.07142857142857144,38.36785714285715,4.504399299621583,0.28571428571428575,0.28571428571428575,0.32142857142857145,1490.0,1490.0,-0.43928571428571433,0
22.0,2075.365,0,0,0,0,0,0,0,0,0.0,11.618181818181819,7.168215370178221,0.45454545454545453,0.40909090909090906,0.3181818181818182,0.0,0.0,0.5590909090909091,0
11.0,1251.4485,0,0,0,0,0,0,0,0,0.0,130.74545454545452,11.999967765808105,0.45454545454545453,0.09090909090909091,0.0,0.0,0.0,-1.3727272727272728,1
24.0,2509.7781999999997,0,0,0,0,0,0,0,0,0.0,31.862500000000008,7.339073371887207,0.20833333333333337,0.33333333333333337,0.2916666666666667,0.0,0.0,-0.3333333333333333,0
18.0,2062.4969,0,0,0,0,0,0,0,0,0.1111111111111111,21.41111111111111,10.295874977111815,0.3888888888888889,0.1111111111111111,0.5555555555555556,1490.0,1490.0,0.5611111111111111,0
26.0,3126.5699999999997,0,0,0,0,0,0,0,0,0.11538461538461539,70.52692307692307,9.369206428527832,0.2692307692307693,0.2692307692307692,0.3076923076923077,6990.0,6990.0,-0.75,0
14.0,1810.1115,0,0,0,0,0,0,0,0,0.07142857142857144,11.821428571428575,10.933273887634279,0.14285714285714288,0.35714285714285715,0.2142857142857143,1490.0,1490.0,-2.1357142857142857,1
21.0,2366.5762,0,0,0,0,0,0,0,0,0.14285714285714285,42.18571428571428,4.156658363342285,0.23809523809523808,0.38095238095238093,0.38095238095238093,2980.0,2980.0,-0.580952380952381,0
19.0,2535.8138,0,0,0,0,0,0,0,0,0.21052631578947367,36.52105263157895,9.11700611114502,0.15789473684210528,0.21052631578947367,0.3684210526315789,9970.0,9970.0,-2.057894736842105,0
34.0,3632.1453,0,0,0,0,0,0,0,0,0.05882352941176471,0.9470588235294125,4.555952262878418,0.3235294117647059,0.2647058823529412,0.44117647058823534,2980.0,2980.0,0.33529411764705885,0
32.0,3955.4088,0,0,0,0,0,0,0,0,0.125,28.193750000000005,4.814455986022949,0.40625,0.25,0.3125,5500.0,5500.0,-1.075,0
26.0,3025.1933999999997,0,0,0,0,0,0,0,0,0.038461538461538464,136.85,4.105219078063963,0.46153846153846156,0.34615384615384615,0.15384615384615385,5500.0,5500.0,-1.5230769230769232,0
26.0,2735.0344999999998,0,0,0,0,0,0,0,0,0.0,37.800000000000004,4.637629890441894,0.5,0.15384615384615385,0.2692307692307693,0.0,0.0,-0.05384615384615386,0
18.0,1992.2314999999999,0,0,0,0,0,0,0,0,0.1111111111111111,31.59444444444445,4.137617301940917,0.2777777777777778,0.2777777777777778,0.4444444444444444,0.0,0.0,0.4833333333333333,0
30.0,3412.9155,0,0,0,0,0,0,0,0,0.1,26.033333333333335,8.546654319763185,0.3,0.26666666666666666,0.3666666666666667,6990.0,6990.0,-0.35333333333333333,0
34.0,3691.1796000000004,0,0,0,0,0,0,0,0,0.029411764705882356,23.697058823529417,9.17283573150635,0.2647058823529412,0.35294117647058826,0.35294117647058826,5500.0,5500.0,-0.0911764705882353,0
17.0,1718.8120000000001,0,0,0,0,0,0,0,0,0.05882352941176471,47.38235294117647,4.0500284194946286,0.29411764705882354,0.4705882352941177,0.29411764705882354,1490.0,1490.0,-0.2529411764705882,0
31.0,3489.9051,0,0,0,0,0,0,0,0,0.0967741935483871,9.78064516129032,4.4281213760375975,0.25806451612903225,0.3225806451612903,0.3870967741935484,0.0,0.0,-0.067741935483871,0
6.0,740.909,0,0,0,0,0,0,0,0,0.33333333333333337,27.86666666666667,5.905878257751465,0.16666666666666669,0.16666666666666669,0.6666666666666667,1490.0,1490.0,1.7333333333333334,1
7.0,854.0666,0,0,0,0,0,0,0,0,0.28571428571428575,25.314285714285717,5.905878257751465,0.28571428571428575,0.14285714285714288,0.7142857142857144,1490.0,1490.0,2.0285714285714285,1
6.0,750.9236999999999,0,0,0,0,0,0,0,0,0.33333333333333337,27.86666666666667,5.950042152404785,0.16666666666666669,0.16666666666666669,0.8333333333333335,1490.0,1490.0,2.066666666666667,1
21.0,2599.0748,0,0,0,0,0,0,0,0,0.09523809523809523,20.27619047619048,10.197496223449708,0.23809523809523808,0.14285714285714285,0.2857142857142857,1490.0,1490.0,-1.0571428571428572,1
6.0,771.9445999999999,0,0,0,0,0,0,0,0,0.33333333333333337,40.43333333333334,5.954987144470215,0.33333333333333337,0.33333333333333337,0.6666666666666667,5500.0,5500.0,1.0499999999999998,0
26.0,2522.8925999999997,0,0,0,0,0,0,0,0,0.07692307692307693,41.70384615384616,4.0500284194946286,0.30769230769230765,0.3846153846153846,0.3076923076923077,0.0,125.0,1.0346153846153845,0
32.0,3244.6482,0,0,0,0,0,0,0,0,0.0,23.35,4.0500284194946286,0.46875,0.25,0.3125,0.0,0.0,0.196875,0
13.0,1659.9436999999998,0,0,0,0,0,0,0,0,0.0,181.6923076923077,11.999967765808105,0.15384615384615385,0.3076923076923077,0.0,0.0,0.0,-3.269230769230769,1
41.0,4670.2541,0,0,0,0,0,0,0,0,0.12195121951219513,25.21219512195122,4.858563041687011,0.5121951219512195,0.21951219512195125,0.29268292682926833,6990.0,6990.0,-0.6097560975609756,0
8.0,724.8452,0,0,0,0,0,0,0,0,0.0,35.675,5.954987144470215,0.0,0.5,0.5,0.0,0.0,0.9875,0
10.0,1236.4601,0,0,0,0,0,0,0,0,0.1,111.57000000000001,4.532079887390137,0.30000000000000004,0.2,0.30000000000000004,1490.0,1490.0,-0.29000000000000004,1
7.0,723.9001999999999,0,0,0,0,0,0,0,0,0.0,4.457142857142857,5.954987144470215,0.0,0.4285714285714286,0.5714285714285715,0.0,0.0,1.9142857142857144,0
12.0,1620.0486999999998,0,0,0,0,0,0,0,0,0.0,154.26666666666668,11.999967765808105,0.4166666666666667,0.08333333333333334,0.25,0.0,0.0,-1.9749999999999999,1
28.0,2735.9925999999996,0,0,0,0,0,0,0,0,0.0,87.65714285714284,4.0500284194946286,0.1785714285714286,0.4642857142857143,0.3214285714285714,0.0,0.0,0.15714285714285717,0
22.0,2232.4692,0,0,0,0,0,0,0,0,0.045454545454545456,7.154545454545455,4.226115608215332,0.2727272727272727,0.40909090909090906,0.2727272727272727,0.0,0.0,-0.027272727272727282,0
29.0,3381.7030999999997,0,0,0,0,0,0,0,0,0.034482758620689655,13.90689655172414,5.258425331115721,0.4482758620689655,0.24137931034482757,0.24137931034482757,1490.0,1490.0,-1.4655172413793103,0
13.0,1566.7769999999998,0,0,0,0,0,0,0,0,0.23076923076923078,97.23846153846154,6.211956214904785,0.23076923076923078,0.3076923076923077,0.38461538461538464,12490.0,12490.0,-0.3230769230769231,0
7.0,883.1364,0,0,0,0,0,0,0,0,0.0,43.01428571428571,11.335040855407716,0.5714285714285715,0.14285714285714288,0.14285714285714288,0.0,0.0,-2.5,0
20.0,2377.0566,0,0,0,0,0,0,0,0,0.05,20.659999999999997,11.505882072448731,0.7000000000000001,0.05,0.4,5500.0,5500.0,-0.585,1
13.0,1441.5855999999999,0,0,0,0,0,0,0,0,0.07692307692307693,-7.8769230769230765,4.208097648620606,0.23076923076923078,0.46153846153846156,0.23076923076923078,1490.0,1490.0,-1.0846153846153845,0
26.0,3376.0755999999997,0,0,0,0,0,0,0,0,0.15384615384615385,90.54615384615384,10.187116813659667,0.3846153846153846,0.19230769230769232,0.3846153846153846,13980.0,13980.0,-0.6846153846153846,0
32.0,3712.3288000000002,0,0,0,0,0,0,0,0,0.1875,55.165625,8.420940971374517,0.21875,0.375,0.40625,23490.0,23615.0,-0.025000000000000046,0
12.0,1455.7463,0,0,0,0,0,0,0,0,0.08333333333333334,-8.575,10.840310478210448,0.33333333333333337,0.25,0.4166666666666667,0.0,0.0,-0.2666666666666667,1
12.0,1438.8018,0,0,0,0,0,0,0,0,0.08333333333333334,43.958333333333336,11.999967765808105,0.41666666666666663,0.16666666666666669,0.5833333333333333,0.0,0.0,0.9833333333333333,1
28.0,3115.5869999999995,0,0,0,0,0,0,0,0,0.03571428571428572,31.092857142857145,9.17399616241455,0.32142857142857145,0.25000000000000006,0.4642857142857143,1490.0,1490.0,0.23928571428571427,1
12.0,1488.8174,0,0,0,0,0,0,0,0,0.16666666666666669,27.908333333333335,10.840310478210448,0.33333333333333337,0.16666666666666669,0.5833333333333334,1490.0,1490.0,0.5583333333333332,1
38.0,4538.5646,0,0,0,0,0,0,0,0,0.0,45.044736842105266,10.886598777770995,0.5526315789473685,0.2631578947368421,0.07894736842105264,0.0,0.0,-2.876315789473684,1
15.0,1993.2376,0,0,0,0,0,0,0,0,0.26666666666666666,49.53999999999999,4.137560462951659,0.4,0.2,0.4666666666666667,5960.0,5960.0,-0.9066666666666667,0
25.0,3011.3554999999997,0,0,0,0,0,0,0,0,0.0,57.80800000000001,9.551458549499511,0.44,0.28,0.12,0.0,0.0,-2.2319999999999998,0
32.0,3848.2706,0,0,0,0,0,0,0,0,0.09375,17.434375,4.53952579498291,0.40625,0.28125,0.40625,8480.0,8480.0,-0.734375,0
21.0,2590.9617,0,0,0,0,0,0,0,0,0.1904761904761905,25.328571428571426,6.626653480529785,0.4761904761904763,0.09523809523809523,0.4761904761904762,4470.0,4470.0,-0.5476190476190477,0
12.0,1288.4486,0,0,0,0,0,0,0,0,0.08333333333333334,41.26666666666667,6.265271186828613,0.08333333333333334,0.5833333333333334,0.33333333333333337,0.0,0.0,0.13333333333333328,1
6.0,663.7638999999999,0,0,0,0,0,0,0,0,0.0,15.300000000000002,4.599831962585449,0.33333333333333337,0.33333333333333337,0.0,0.0,0.0,-0.7666666666666667,0
31.0,3614.1232,0,0,0,0,0,0,0,0,0.1935483870967742,4.093548387096772,9.33909969329834,0.22580645161290322,0.3870967741935484,0.22580645161290322,8480.0,8605.0,-0.803225806451613,0
5.0,616.7704,0,0,0,0,0,0,0,0,0.0,-24.060000000000002,6.640010643005372,0.8,0.2,0.2,0.0,0.0,-0.66,1
24.0,2755.2223,0,0,0,0,0,0,0,0,0.04166666666666667,38.608333333333334,10.027170753479005,0.4166666666666667,0.25,0.375,5500.0,5500.0,0.016666666666666635,0
7.0,784.8972,0,0,0,0,0,0,0,0,0.0,23.957142857142863,4.0500284194946286,0.14285714285714288,0.28571428571428575,0.5714285714285715,0.0,0.0,0.5571428571428572,0
11.0,1287.4241,0,0,0,0,0,0,0,0,0.09090909090909091,12.027272727272731,10.027170753479005,0.0,0.4545454545454546,0.36363636363636365,0.0,0.0,-0.8636363636363636,1
7.0,843.9228999999999,0,0,0,0,0,0,0,0,0.14285714285714288,-39.84285714285714,4.0500284194946286,0.14285714285714288,0.4285714285714286,0.5714285714285715,5500.0,5500.0,-0.31428571428571433,0
13.0,1420.6508,0,0,0,0,0,0,0,0,0.07692307692307693,100.0769230769231,4.0500284194946286,0.3076923076923077,0.46153846153846156,0.38461538461538464,0.0,0.0,0.3076923076923076,0
12.0,1531.7876999999999,0,0,0,0,0,0,0,0,0.0,92.68333333333334,11.999967765808105,0.16666666666666669,0.33333333333333337,0.16666666666666669,0.0,0.0,-1.6833333333333333,1
15.0,1773.1079,0,0,0,0,0,0,0,0,0.06666666666666667,44.36,9.874122810363769,0.4666666666666667,0.26666666666666666,0.13333333333333333,1490.0,1490.0,-1.7266666666666666,1
15.0,1474.7433,0,0,0,0,0,0,0,0,0.0,189.0933333333333,5.954987144470215,0.0,1.0,0.0,0.0,0.0,-1.6,1
16.0,1571.8585,0,0,0,0,0,0,0,0,0.0,189.9375,5.954987144470215,0.0,1.0,0.0,0.0,0.0,-1.6,1
18.0,2103.5209,0,0,0,0,0,0,0,0,0.05555555555555555,84.80000000000001,11.999967765808105,0.1111111111111111,0.5555555555555556,0.16666666666666666,0.0,0.0,-1.4944444444444445,0
12.0,1564.9037999999998,0,0,0,0,0,0,0,0,0.0,125.93333333333334,11.999967765808105,0.33333333333333337,0.25,0.16666666666666669,0.0,0.0,-1.8833333333333335,1
32.0,3401.739,0,0,0,0,0,0,0,0,0.03125,15.384374999999999,7.180037879943849,0.25,0.34375,0.3125,5500.0,5500.0,-0.428125,0
20.0,2352.5977,0,0,0,0,0,0,0,0,0.05,84.72999999999999,4.0500284194946286,0.30000000000000004,0.25,0.4,5500.0,5500.0,-0.42000000000000004,0
12.0,1532.7527,0,0,0,0,0,0,0,0,0.0,116.16666666666667,11.999967765808105,0.16666666666666669,0.25,0.16666666666666669,0.0,0.0,-2.1,1
18.0,2224.619,0,0,0,0,0,0,0,0,0.16666666666666666,18.094444444444445,9.00624942779541,0.2222222222222222,0.1111111111111111,0.6111111111111112,6990.0,6990.0,0.09444444444444443,0
21.0,2141.4163,0,0,0,0,0,0,0,0,0.0,59.04761904761905,11.999967765808105,0.23809523809523808,0.4285714285714286,0.14285714285714285,0.0,0.0,-0.7476190476190476,0
20.0,2124.4422,0,0,0,0,0,0,0,0,0.1,71.045,9.37423496246338,0.3,0.4,0.2,0.0,0.0,-0.36,0
34.0,4225.8793,0,0,0,0,0,0,0,0,0.11764705882352942,37.55882352941177,11.292104911804199,0.3235294117647059,0.11764705882352942,0.3823529411764706,1490.0,1490.0,-0.9264705882352942,0
12.0,1483.8492999999999,0,0,0,0,0,0,0,0,0.0,32.183333333333344,11.999967765808105,0.33333333333333337,0.33333333333333337,0.33333333333333337,0.0,0.0,-0.7666666666666667,1
10.0,1133.3454,0,0,0,0,0,0,0,0,0.1,90.22000000000001,11.999967765808105,0.1,0.6,0.2,0.0,0.0,-1.08,1
40.0,4499.1182,0,0,0,0,0,0,0,0,0.075,38.44,11.999967765808105,0.225,0.35,0.35,0.0,0.0,-0.36500000000000005,0
20.0,2356.8217999999997,0,0,0,0,0,0,0,0,0.05,83.17999999999999,11.999967765808105,0.1,0.55,0.15000000000000002,0.0,0.0,-1.65,0
12.0,1386.6462999999999,0,0,0,0,0,0,0,0,0.08333333333333334,86.61666666666667,11.999967765808105,0.08333333333333334,0.5833333333333334,0.16666666666666669,0.0,0.0,-1.4083333333333334,0
14.0,1639.9471999999998,0,0,0,0,0,0,0,0,0.07142857142857144,84.04285714285716,11.999967765808105,0.07142857142857144,0.5714285714285714,0.14285714285714288,0.0,0.0,-1.6428571428571428,0
32.0,4249.9344,0,0,0,0,0,0,0,0,0.0,330.5406249999999,11.999967765808105,0.0,0.28125,0.0625,0.0,0.0,-2.965625,1
30.0,3516.9372000000003,0,0,0,0,0,0,0,0,0.13333333333333333,57.53333333333333,9.116039085388184,0.23333333333333334,0.3,0.3666666666666667,5960.0,5960.0,-0.8733333333333333,0
5.0,592.6413,0,0,0,0,0,0,0,0,0.2,29.540000000000003,6.260326194763183,0.2,0.6000000000000001,0.2,0.0,0.0,-1.4,0
12.0,1503.7545,0,0,0,0,0,0,0,0,0.0,135.9,11.999967765808105,0.33333333333333337,0.33333333333333337,0.25,0.0,0.0,-1.55,1
29.0,3404.8437000000004,0,0,0,0,0,0,0,0,0.13793103448275862,46.67241379310346,6.66212100982666,0.3448275862068966,0.3103448275862069,0.3448275862068966,2980.0,2980.0,-0.46896551724137936,0
32.0,3566.8521,0,0,0,0,0,0,0,0,0.09375,140.16562499999998,11.999967765808105,0.125,0.53125,0.15625,5500.0,5500.0,-1.315625,0
12.0,1176.1915,0,0,0,0,0,0,0,0,0.0,121.5166666666667,6.265271186828613,0.0,0.8333333333333334,0.08333333333333334,0.0,0.0,-0.9916666666666667,1
29.0,2796.0696,0,0,0,0,0,0,0,0,0.0,101.73103448275862,9.565448188781737,0.24137931034482757,0.5517241379310345,0.27586206896551724,0.0,0.0,0.006896551724137895,0
26.0,2874.3896,0,0,0,0,0,0,0,0,0.07692307692307693,-18.861538461538462,10.43667392730713,0.34615384615384615,0.2692307692307693,0.2692307692307692,6990.0,6990.0,-0.5230769230769231,0
9.0,1091.2144,0,0,0,0,0,0,0,0,0.1111111111111111,30.28888888888889,4.532079887390137,0.3333333333333333,0.2222222222222222,0.4444444444444444,0.0,0.0,-0.38888888888888895,0
23.0,2569.9906,0,0,0,0,0,0,0,0,0.13043478260869565,4.7043478260869565,9.722428703308104,0.34782608695652173,0.21739130434782608,0.5652173913043478,1490.0,1490.0,0.3,0
21.0,2602.1337,0,0,0,0,0,0,0,0,0.047619047619047616,27.419047619047618,10.730520820617677,0.380952380952381,0.19047619047619047,0.23809523809523808,1490.0,1490.0,-1.8095238095238095,0
34.0,3392.6485000000002,0,0,0,0,0,0,0,0,0.0,102.17352941176469,11.999967765808105,0.23529411764705882,0.47058823529411764,0.14705882352941177,0.0,0.0,-1.2529411764705882,0
34.0,3996.5383,0,0,0,0,0,0,0,0,0.08823529411764706,34.35882352941178,8.42803249359131,0.14705882352941177,0.23529411764705885,0.3823529411764706,12490.0,12615.0,-0.3470588235294118,0
22.0,2338.7453,0,0,0,0,0,0,0,0,0.0,3.900000000000001,8.547105598449708,0.40909090909090906,0.2727272727272727,0.2272727272727273,0.0,0.0,-0.3272727272727272,0
34.0,3660.1045999999997,0,0,0,0,0,0,0,0,0.029411764705882356,59.1735294117647,4.207870292663575,0.44117647058823534,0.29411764705882354,0.29411764705882354,0.0,0.0,-0.19999999999999998,0
13.0,1331.5195999999999,0,0,0,0,0,0,0,0,0.0,45.07692307692308,9.181216621398928,0.23076923076923078,0.5384615384615385,0.3076923076923077,0.0,0.0,-0.22307692307692312,0
16.0,1811.0066000000002,0,0,0,0,0,0,0,0,0.0625,52.81250000000001,7.176457023620606,0.1875,0.3125,0.375,0.0,0.0,-0.35000000000000003,0
17.0,1876.2241,0,0,0,0,0,0,0,0,0.05882352941176471,44.55882352941177,9.722428703308104,0.35294117647058826,0.29411764705882354,0.411764705882353,1490.0,1490.0,-0.18823529411764706,0
29.0,3419.8284999999996,0,0,0,0,0,0,0,0,0.13793103448275862,31.60000000000001,9.17399616241455,0.1724137931034483,0.3103448275862069,0.3793103448275862,17990.0,17990.0,-0.5724137931034483,1
24.0,3064.3262999999997,0,0,0,0,0,0,0,0,0.20833333333333334,47.17916666666667,6.3015344619750975,0.20833333333333337,0.2916666666666667,0.375,4470.0,4470.0,-1.1666666666666667,0
26.0,3112.5251,0,0,0,0,0,0,0,0,0.11538461538461539,92.03076923076924,10.050057029724119,0.15384615384615385,0.38461538461538464,0.3076923076923077,8480.0,8480.0,-0.8692307692307693,1
12.0,1461.6051,0,0,0,0,0,0,0,0,0.08333333333333334,109.56666666666669,8.75263080596924,0.33333333333333337,0.16666666666666669,0.16666666666666669,1490.0,1490.0,-1.2583333333333333,1
17.0,2119.3857,0,0,0,0,0,0,0,0,0.17647058823529413,33.40588235294117,9.52889461517334,0.17647058823529413,0.05882352941176471,0.4705882352941177,8480.0,8480.0,-0.6176470588235294,0
31.0,3595.9245,0,0,0,0,0,0,0,0,0.16129032258064516,37.64225806451613,9.40214977264404,0.25806451612903225,0.29032258064516125,0.3870967741935484,4470.0,4470.0,-0.7741935483870968,0
15.0,1492.5499,0,0,0,0,0,0,0,0,0.0,84.32666666666668,6.744537544250489,0.26666666666666666,0.4666666666666667,0.06666666666666667,0.0,0.0,-1.0266666666666666,0
12.0,1329.4541,0,0,0,0,0,0,0,0,0.08333333333333334,55.233333333333334,4.0500284194946286,0.5,0.25,0.4166666666666667,5500.0,5500.0,0.32499999999999996,0
18.0,2092.2959,0,0,0,0,0,0,0,0,0.16666666666666666,22.900000000000002,8.192593955993651,0.2222222222222222,0.2222222222222222,0.3333333333333333,8480.0,8480.0,-0.75,1
12.0,1420.4604,0,0,0,0,0,0,0,0,0.08333333333333334,4.783333333333335,4.0500284194946286,0.25,0.41666666666666674,0.25,1490.0,1490.0,-1.3166666666666667,0
31.0,3530.0649000000003,0,0,0,0,0,0,0,0,0.0967741935483871,45.30967741935485,9.978432655334473,0.29032258064516125,0.29032258064516125,0.3548387096774194,1490.0,1490.0,-0.07741935483870972,0
21.0,2534.7657999999997,0,0,0,0,0,0,0,0,0.09523809523809523,25.357142857142854,7.097393989562988,0.09523809523809523,0.2380952380952381,0.4285714285714286,1490.0,1490.0,-0.819047619047619,0
12.0,1435.5577999999998,0,0,0,0,0,0,0,0,0.08333333333333334,32.58333333333334,4.0500284194946286,0.25,0.41666666666666674,0.25,0.0,0.0,-0.8666666666666667,0
9.0,1067.1532,0,0,0,0,0,0,0,0,0.1111111111111111,97.0,10.002737236022949,0.2222222222222222,0.33333333333333337,0.1111111111111111,0.0,0.0,-1.9888888888888887,0
13.0,1549.7977999999998,0,0,0,0,0,0,0,0,0.23076923076923078,12.192307692307693,8.67945919036865,0.23076923076923078,0.15384615384615385,0.23076923076923078,6990.0,7115.0,-0.3153846153846154,0
20.0,1946.2309999999998,0,0,0,0,0,0,0,0,0.05,3.92,8.757208061218265,0.35000000000000003,0.35,0.4,0.0,0.0,0.2899999999999999,0
12.0,1537.6364999999998,0,0,0,0,0,0,0,0,0.16666666666666669,87.01666666666667,6.91937427520752,0.0,0.33333333333333337,0.25,5500.0,5500.0,-1.5166666666666666,0
10.0,1181.3419,0,0,0,0,0,0,0,0,0.0,28.26,6.744537544250489,0.1,0.30000000000000004,0.4,0.0,0.0,0.09999999999999995,1
15.0,2090.5417,0,0,0,0,0,0,0,0,0.2,36.199999999999996,11.999967765808105,0.3333333333333333,0.06666666666666667,0.3333333333333333,11000.0,11000.0,-1.5466666666666666,1
6.0,661.8109,0,0,0,0,0,0,0,0,0.0,8.333333333333334,5.525000190734862,0.33333333333333337,0.16666666666666669,0.33333333333333337,0.0,0.0,1.4000000000000001,0
33.0,3763.0883999999996,0,0,0,0,0,0,0,0,0.030303030303030304,34.257575757575765,4.659853935241699,0.21212121212121213,0.33333333333333337,0.3939393939393939,1490.0,1490.0,-0.7303030303030303,0
20.0,2439.8289,0,0,0,0,0,0,0,0,0.15000000000000002,57.290000000000006,8.197558021545408,0.2,0.2,0.45,1490.0,1490.0,-0.18000000000000002,0
28.0,2904.1889,0,0,0,0,0,0,0,0,0.03571428571428572,22.275000000000002,4.870669746398924,0.35714285714285715,0.32142857142857145,0.32142857142857145,1490.0,1490.0,-0.37142857142857144,0
30.0,3452.182,0,0,0,0,0,0,0,0,0.0,12.603333333333333,9.657509040832519,0.4333333333333333,0.23333333333333334,0.33333333333333337,0.0,0.0,-0.3733333333333333,0
26.0,3092.5881999999997,0,0,0,0,0,0,0,0,0.1923076923076923,17.961538461538463,6.134029960632325,0.1923076923076923,0.1923076923076923,0.38461538461538464,2980.0,3230.0,-0.05384615384615384,0
20.0,2366.689,0,0,0,0,0,0,0,0,0.0,16.025,4.732323646545409,0.4,0.15,0.4,0.0,0.0,-0.255,0
17.0,1806.154,0,0,0,0,0,0,0,0,0.0,66.94117647058825,5.525000190734862,0.7058823529411765,0.0,0.411764705882353,0.0,0.0,1.064705882352941,1
18.0,1877.2318999999998,0,0,0,0,0,0,0,0,0.0,81.8888888888889,5.525000190734862,0.7222222222222222,0.0,0.38888888888888884,0.0,0.0,1.1055555555555554,1
25.0,2810.4363999999996,0,0,0,0,0,0,0,0,0.08,39.18800000000001,4.0500284194946286,0.48,0.2,0.52,1490.0,1490.0,1.3519999999999999,0
19.0,2128.4125,0,0,0,0,0,0,0,0,0.15789473684210528,15.652631578947368,6.71719799041748,0.10526315789473685,0.2631578947368421,0.368421052631579,6990.0,7115.0,-0.036842105263157926,0
14.0,1415.5483,0,0,0,0,0,0,0,0,0.0,49.042857142857144,5.525000190734862,0.28571428571428575,0.35714285714285715,0.28571428571428575,0.0,0.0,0.2214285714285714,0
7.0,784.9832,0,0,0,0,0,0,0,0,0.0,-15.685714285714287,5.525000190734862,0.28571428571428575,0.0,0.8571428571428572,0.0,0.0,2.3285714285714287,0
5.0,586.7443,0,0,0,0,0,0,0,0,0.0,85.04,5.525000190734862,0.4,0.2,0.4,0.0,0.0,0.96,1
26.0,3312.8262,0,0,0,0,0,0,0,0,0.15384615384615385,54.65384615384615,10.520160484313966,0.3846153846153846,0.038461538461538464,0.34615384615384615,2980.0,2980.0,-1.0961538461538463,0
19.0,2060.3058,0,0,0,0,0,0,0,0,0.0,33.75263157894737,6.0014245986938475,0.4210526315789474,0.10526315789473685,0.4736842105263158,0.0,0.0,-0.1473684210526316,0
21.0,2574.7999999999997,0,0,0,0,0,0,0,0,0.14285714285714285,28.84761904761904,8.438476371765141,0.14285714285714285,0.2857142857142857,0.38095238095238093,8480.0,8480.0,-1.5333333333333334,0
13.0,1467.6508,0,0,0,0,0,0,0,0,0.07692307692307693,-21.192307692307697,6.741127204895021,0.3076923076923077,0.3076923076923077,0.3076923076923077,5500.0,5500.0,-0.26153846153846155,0
9.0,1274.5413,0,0,0,0,0,0,0,0,0.1111111111111111,72.53333333333333,11.999967765808105,0.4444444444444445,0.1111111111111111,0.1111111111111111,5500.0,5500.0,-2.966666666666667,1
30.0,3342.7844999999998,0,0,0,0,0,0,0,0,0.03333333333333333,45.35666666666666,9.516903495788572,0.3,0.3,0.3,5500.0,5500.0,-0.49333333333333335,0
12.0,1328.5521999999999,0,0,0,0,0,0,0,0,0.08333333333333334,93.93333333333335,5.524318122863768,0.08333333333333334,0.4166666666666667,0.5,1490.0,1490.0,0.44999999999999996,1
15.0,1800.0250999999998,0,0,0,0,0,0,0,0,0.13333333333333333,4.666666666666668,8.597068595886231,0.2,0.26666666666666666,0.4,2980.0,2980.0,-0.5266666666666667,1
26.0,2847.4471,0,0,0,0,0,0,0,0,0.038461538461538464,30.207692307692316,11.999967765808105,0.34615384615384615,0.1923076923076923,0.46153846153846156,5500.0,5500.0,0.27307692307692305,1
26.0,2864.3916,0,0,0,0,0,0,0,0,0.038461538461538464,16.634615384615383,11.166069221496581,0.34615384615384615,0.23076923076923078,0.38461538461538464,5500.0,5500.0,-0.33076923076923076,1
19.0,2232.5137,0,0,0,0,0,0,0,0,0.15789473684210525,30.357894736842102,6.114022636413574,0.31578947368421056,0.2105263157894737,0.3157894736842105,0.0,0.0,-0.23157894736842108,0
30.0,3096.4116999999997,0,0,0,0,0,0,0,0,0.03333333333333333,57.56666666666666,8.75540294647217,0.23333333333333334,0.4,0.26666666666666666,5500.0,5500.0,-0.8166666666666667,0
25.0,2715.0625,0,0,0,0,0,0,0,0,0.08,76.83599999999998,4.25265941619873,0.28,0.24,0.4,2980.0,2980.0,0.04799999999999999,0
40.0,4552.2229,0,0,0,0,0,0,0,0,0.0,28.187500000000004,9.899265480041503,0.525,0.2,0.175,0.0,0.0,-1.23,0
12.0,1485.7775,0,0,0,0,0,0,0,0,0.0,18.14166666666667,11.999967765808105,0.25,0.16666666666666669,0.33333333333333337,0.0,0.0,-1.1916666666666667,1
6.0,762.8567999999999,0,0,0,0,0,0,0,0,0.16666666666666669,-21.2,11.000836753845213,0.33333333333333337,0.16666666666666669,0.16666666666666669,0.0,0.0,-1.8,0
14.0,1665.0359999999998,0,0,0,0,0,0,0,0,0.07142857142857144,34.98571428571429,11.999967765808105,0.5,0.0,0.28571428571428575,0.0,0.0,-0.021428571428571446,0
34.0,3934.3019999999997,0,0,0,0,0,0,0,0,0.029411764705882356,50.49411764705883,8.861711311340333,0.2058823529411765,0.3235294117647059,0.14705882352941177,5500.0,5625.0,-1.6264705882352943,0
15.0,1685.9642,0,0,0,0,0,0,0,0,0.0,166.69333333333333,9.756532478332517,0.33333333333333337,0.4,0.33333333333333337,0.0,0.0,-0.1933333333333334,0
12.0,1363.4704,0,0,0,0,0,0,0,0,0.16666666666666669,100.05000000000001,4.0500284194946286,0.08333333333333334,0.5,0.41666666666666674,0.0,0.0,-0.6750000000000002,1
14.0,1747.9472999999998,0,0,0,0,0,0,0,0,0.14285714285714288,111.13571428571431,8.750052070617677,0.2857142857142857,0.2142857142857143,0.4285714285714286,5500.0,5500.0,-0.9357142857142858,1
9.0,967.0737000000001,0,0,0,0,0,0,0,0,0.1111111111111111,61.300000000000004,5.524318122863768,0.1111111111111111,0.3333333333333333,0.5555555555555556,1490.0,1490.0,0.5555555555555556,0
18.0,2119.2005,0,0,0,0,0,0,0,0,0.16666666666666669,82.34444444444445,4.651157569885254,0.2777777777777778,0.2777777777777778,0.33333333333333337,4470.0,4470.0,-1.2166666666666668,0
40.0,4810.7532,0,0,0,0,0,0,0,0,0.125,49.83,9.62082653045654,0.2,0.15000000000000002,0.4,8480.0,8730.0,-0.15750000000000003,0
27.0,3028.1355999999996,0,0,0,0,0,0,0,0,0.0,37.007407407407406,4.0500284194946286,0.2222222222222222,0.5925925925925926,0.2222222222222222,0.0,0.0,-1.5740740740740742,0
15.0,1999.2013000000002,0,0,0,0,0,0,0,0,0.06666666666666667,139.65333333333334,11.82919101715088,0.3333333333333333,0.0,0.13333333333333333,5500.0,5500.0,-2.7933333333333334,1
13.0,1489.8238,0,0,0,0,0,0,0,0,0.07692307692307693,21.615384615384617,9.314085960388184,0.38461538461538464,0.0,0.38461538461538464,0.0,0.0,0.5846153846153845,0
26.0,3058.236,0,0,0,0,0,0,0,0,0.07692307692307693,113.71923076923078,5.197209739685058,0.07692307692307693,0.5,0.23076923076923078,6990.0,6990.0,-1.3692307692307693,0
10.0,1126.3494,0,0,0,0,0,0,0,0,0.0,45.4,9.750021171569824,0.30000000000000004,0.1,0.6000000000000001,0.0,0.0,1.01,0
14.0,1629.8179999999998,0,0,0,0,0,0,0,0,0.07142857142857144,34.87857142857143,9.598842811584472,0.28571428571428575,0.07142857142857144,0.28571428571428575,0.0,0.0,-0.5928571428571429,0
20.0,2246.5634999999997,0,0,0,0,0,0,0,0,0.0,-5.854999999999997,4.207813453674317,0.15000000000000002,0.2,0.4,0.0,0.0,0.2,0
15.0,1467.7123000000001,0,0,0,0,0,0,0,0,0.0,7.346666666666665,11.000836753845213,0.2,0.33333333333333337,0.4,0.0,0.0,0.41333333333333333,0
10.0,1401.6426,0,0,0,0,0,0,0,0,0.1,5.3100000000000005,11.999967765808105,0.2,0.1,0.2,5500.0,5500.0,-2.27,0
19.0,2339.7911,0,0,0,0,0,0,0,0,0.052631578947368425,53.184210526315795,11.999967765808105,0.15789473684210528,0.26315789473684215,0.2105263157894737,5500.0,5500.0,-1.2789473684210526,0
23.0,2434.5492999999997,0,0,0,0,0,0,0,0,0.13043478260869565,30.286956521739135,4.1373899459838865,0.21739130434782608,0.3913043478260869,0.30434782608695654,6990.0,6990.0,-0.691304347826087,0
9.0,1048.2341,0,0,0,0,0,0,0,0,0.2222222222222222,24.444444444444446,8.590879631042483,0.2222222222222222,0.3333333333333333,0.4444444444444444,1490.0,1490.0,-0.1666666666666667,0
29.0,3505.8648999999996,0,0,0,0,0,0,0,0,0.13793103448275862,9.70689655172414,4.863735389709471,0.24137931034482757,0.27586206896551724,0.41379310344827586,2980.0,2980.0,-0.8310344827586207,0
13.0,1647.7703999999999,0,0,0,0,0,0,0,0,0.07692307692307693,9.315384615384616,8.184277534484863,0.23076923076923078,0.3076923076923077,0.15384615384615385,1490.0,1490.0,-2.3923076923076922,0
11.0,1511.7884,0,0,0,0,0,0,0,0,0.0,244.68181818181816,11.999967765808105,0.18181818181818182,0.18181818181818182,0.0,0.0,0.0,-3.6818181818181817,1
12.0,1667.9741,0,0,0,0,0,0,0,0,0.0,272.8583333333333,11.999967765808105,0.16666666666666669,0.16666666666666669,0.0,0.0,0.0,-3.75,1
27.0,2953.243,0,0,0,0,0,0,0,0,0.037037037037037035,9.477777777777776,4.811159324645996,0.5555555555555556,0.18518518518518517,0.25925925925925924,0.0,0.0,-0.3851851851851852,0
12.0,1216.3859,0,0,0,0,0,0,0,0,0.08333333333333334,14.174999999999999,6.0021066665649405,0.33333333333333337,0.33333333333333337,0.33333333333333337,0.0,0.0,0.6416666666666666,0
15.0,1752.1182,0,0,0,0,0,0,0,0,0.06666666666666667,97.08666666666666,11.999967765808105,0.3333333333333333,0.2,0.4,0.0,0.0,0.006666666666666613,1
17.0,2003.4032000000002,0,0,0,0,0,0,0,0,0.05882352941176471,53.14705882352942,11.999967765808105,0.29411764705882354,0.17647058823529413,0.35294117647058826,0.0,0.0,-0.38823529411764707,1
16.0,2189.6761,0,0,0,0,0,0,0,0,0.1875,34.5625,11.999967765808105,0.375,0.0625,0.3125,11000.0,11000.0,-1.4,1
11.0,1224.2808,0,0,0,0,0,0,0,0,0.0,73.74545454545455,5.497887992858886,0.6363636363636364,0.18181818181818182,0.0,0.0,0.0,-1.7363636363636366,0
9.0,1282.5089,0,0,0,0,0,0,0,0,0.0,257.44444444444446,11.999967765808105,0.2222222222222222,0.0,0.0,0.0,0.0,-3.6222222222222222,0
18.0,2179.5275,0,0,0,0,0,0,0,0,0.05555555555555555,27.222222222222225,11.000256538391113,0.3888888888888889,0.2222222222222222,0.2777777777777778,5500.0,5500.0,-1.1222222222222222,1
15.0,1987.2498,0,0,0,0,0,0,0,0,0.26666666666666666,115.07333333333334,11.553846549987792,0.13333333333333333,0.2,0.4,13980.0,13980.0,-1.5266666666666666,1
14.0,1900.1725,0,0,0,0,0,0,0,0,0.28571428571428575,47.56428571428572,11.553846549987792,0.14285714285714288,0.14285714285714288,0.4285714285714286,13980.0,13980.0,-1.5785714285714287,1
8.0,874.0400999999999,0,0,0,0,0,0,0,0,0.0,69.2,5.988010597229004,0.25,0.375,0.125,0.0,125.0,-0.35000000000000003,1
18.0,2374.8734,0,0,0,0,0,0,0,0,0.05555555555555555,156.4,11.999967765808105,0.1111111111111111,0.1111111111111111,0.16666666666666666,5500.0,5625.0,-1.4,1
29.0,3075.3161,0,0,0,0,0,0,0,0,0.06896551724137931,14.210344827586205,7.025663185119628,0.27586206896551724,0.27586206896551724,0.24137931034482757,0.0,0.0,-0.27931034482758627,0
32.0,3774.5047999999997,0,0,0,0,0,0,0,0,0.15625,29.309375000000006,9.456432151794434,0.3125,0.21875,0.34375,4470.0,4595.0,-0.41875,0
6.0,799.9185,0,0,0,0,0,0,0,0,0.0,8.333333333333334,9.598713874816895,0.0,0.16666666666666669,0.33333333333333337,0.0,0.0,-1.1666666666666667,0
8.0,953.1400000000001,0,0,0,0,0,0,0,0,0.0,8.75,9.598713874816895,0.5,0.25,0.375,0.0,0.0,-0.11250000000000007,0
30.0,3052.0765,0,0,0,0,0,0,0,0,0.0,78.41,4.59460277557373,0.16666666666666669,0.5666666666666668,0.13333333333333333,0.0,0.0,-1.7066666666666668,0
13.0,1367.5502,0,0,0,0,0,0,0,0,0.0,41.823076923076925,5.83636417388916,0.23076923076923078,0.3076923076923077,0.38461538461538464,0.0,0.0,-1.708035422500241e-17,0
7.0,834.9162,0,0,0,0,0,0,0,0,0.14285714285714288,71.34285714285714,6.00136775970459,0.4285714285714286,0.28571428571428575,0.28571428571428575,1490.0,1490.0,-0.8714285714285716,0
34.0,4570.1386,0,0,0,0,0,0,0,0,0.029411764705882356,89.2058823529412,11.999967765808105,0.2058823529411765,0.08823529411764706,0.08823529411764706,1490.0,1490.0,-3.0352941176470587,1
39.0,5076.6693,0,0,0,0,0,0,0,0,0.0,93.86666666666666,11.568222999572757,0.20512820512820515,0.15384615384615385,0.05128205128205129,0.0,0.0,-2.9000000000000004,1
26.0,3473.0242,0,0,0,0,0,0,0,0,0.038461538461538464,113.57692307692311,11.999967765808105,0.2692307692307692,0.11538461538461539,0.11538461538461539,1490.0,1490.0,-2.9846153846153842,1
30.0,4021.5814,0,0,0,0,0,0,0,0,0.03333333333333333,99.76666666666668,11.999967765808105,0.23333333333333334,0.1,0.1,1490.0,1490.0,-3.0133333333333336,1
34.0,4570.1386,0,0,0,0,0,0,0,0,0.029411764705882356,89.2058823529412,11.999967765808105,0.2058823529411765,0.08823529411764706,0.08823529411764706,1490.0,1490.0,-3.0352941176470587,1
26.0,3338.6865,0,0,0,0,0,0,0,0,0.11538461538461539,43.57692307692308,5.048973655700683,0.2692307692307693,0.1923076923076923,0.3076923076923077,6990.0,6990.0,-1.3269230769230769,0
25.0,2918.2814,0,0,0,0,0,0,0,0,0.12,10.660000000000004,4.407318305969238,0.28,0.32,0.4,11000.0,11000.0,-0.324,0
34.0,3877.4611999999997,0,0,0,0,0,0,0,0,0.029411764705882356,70.04411764705883,10.903296089172361,0.5294117647058824,0.2647058823529412,0.23529411764705885,5500.0,5500.0,-1.0176470588235293,0
22.0,2523.9768999999997,0,0,0,0,0,0,0,0,0.045454545454545456,16.37272727272727,11.999967765808105,0.36363636363636365,0.2272727272727273,0.40909090909090906,0.0,0.0,-0.1954545454545455,0
29.0,2991.402,0,0,0,0,0,0,0,0,0.0,33.64827586206897,6.2568021774292,0.3103448275862069,0.20689655172413793,0.3448275862068966,0.0,0.0,0.15862068965517243,0
22.0,2785.1866999999997,0,0,0,0,0,0,0,0,0.22727272727272727,32.20454545454545,8.750374412536619,0.2272727272727273,0.2272727272727273,0.45454545454545453,6990.0,6990.0,-0.05454545454545459,0
20.0,2291.6936,0,0,0,0,0,0,0,0,0.1,82.81500000000001,8.231081581115724,0.45,0.05,0.35000000000000003,0.0,0.0,0.18,0
11.0,1407.7014,0,0,0,0,0,0,0,0,0.36363636363636365,52.1909090909091,9.756532478332517,0.2727272727272727,0.09090909090909091,0.6363636363636364,0.0,0.0,1.4363636363636363,0
27.0,3213.7232,0,0,0,0,0,0,0,0,0.18518518518518517,25.89259259259259,8.429902076721195,0.37037037037037035,0.18518518518518517,0.5555555555555556,8480.0,8480.0,0.003703703703703674,0
4.0,624.7343,0,0,0,0,0,0,0,0,0.5,7.5,11.999967765808105,0.0,0.0,0.5,0.0,0.0,-0.8500000000000001,1
15.0,1743.937,0,0,0,0,0,0,0,0,0.26666666666666666,16.873333333333335,5.83636417388916,0.06666666666666667,0.4,0.4,5500.0,5500.0,-0.5266666666666667,0
33.0,4142.4174,0,0,0,0,0,0,0,0,0.2727272727272727,36.77878787878788,5.597981452941894,0.030303030303030304,0.33333333333333337,0.42424242424242425,12490.0,12490.0,-0.7303030303030303,0
6.0,774.8906,0,0,0,0,0,0,0,0,0.16666666666666669,43.0,8.258609580993653,0.0,0.16666666666666669,0.33333333333333337,0.0,0.0,-0.2833333333333334,0
15.0,1589.7939000000001,0,0,0,0,0,0,0,0,0.06666666666666667,22.173333333333336,9.598842811584472,0.3333333333333333,0.26666666666666666,0.3333333333333333,0.0,0.0,0.26666666666666666,0
20.0,2330.7545,0,0,0,0,0,0,0,0,0.05,3.765000000000001,11.553846549987792,0.30000000000000004,0.2,0.35000000000000003,1490.0,1490.0,-0.385,1
15.0,1968.1559000000002,0,0,0,0,0,0,0,0,0.0,265.32,11.999967765808105,0.13333333333333333,0.26666666666666666,0.0,0.0,0.0,-3.1866666666666665,1
12.0,1666.9032,0,0,0,0,0,0,0,0,0.0,336.22499999999997,11.999967765808105,0.08333333333333334,0.16666666666666669,0.0,0.0,0.0,-3.5500000000000003,1
11.0,1595.8253,0,0,0,0,0,0,0,0,0.0,359.02727272727265,11.999967765808105,0.0,0.18181818181818182,0.0,0.0,0.0,-4.036363636363636,1
15.0,1876.1449000000002,0,0,0,0,0,0,0,0,0.0,137.0933333333333,11.999967765808105,0.06666666666666667,0.4,0.0,0.0,0.0,-3.1866666666666665,1
19.0,2300.5218,0,0,0,0,0,0,0,0,0.0,34.58421052631579,10.069526481628415,0.15789473684210525,0.42105263157894735,0.15789473684210525,0.0,0.0,-1.9105263157894736,1
19.0,2455.7625,0,0,0,0,0,0,0,0,0.0,73.66842105263157,11.15839748382568,0.2105263157894737,0.3157894736842105,0.2105263157894737,0.0,0.0,-1.905263157894737,1
12.0,1752.011,0,0,0,0,0,0,0,0,0.0,377.67499999999995,11.999967765808105,0.0,0.16666666666666669,0.0,0.0,0.0,-4.075,1
19.0,2370.6548,0,0,0,0,0,0,0,0,0.0,34.58421052631579,10.069590950012206,0.42105263157894735,0.15789473684210525,0.15789473684210525,0.0,0.0,-1.9105263157894736,1
19.0,2525.8955,0,0,0,0,0,0,0,0,0.0,81.60526315789474,11.15839748382568,0.4736842105263158,0.052631578947368425,0.2105263157894737,0.0,0.0,-1.905263157894737,1
7.0,866.9680999999999,0,0,0,0,0,0,0,0,0.0,29.928571428571434,11.69902935028076,0.14285714285714288,0.4285714285714286,0.0,0.0,0.0,-2.942857142857143,1
16.0,1827.0178999999998,0,0,0,0,0,0,0,0,0.0,-1.3187499999999992,9.020883750915527,0.0625,0.5,0.0,0.0,125.0,-2.125,1
17.0,2056.4261,0,0,0,0,0,0,0,0,0.11764705882352942,115.24705882352943,11.999967765808105,0.29411764705882354,0.17647058823529413,0.35294117647058826,6990.0,6990.0,-0.6588235294117648,0
19.0,2187.3822999999998,0,0,0,0,0,0,0,0,0.10526315789473685,87.6,11.999967765808105,0.052631578947368425,0.42105263157894735,0.26315789473684215,1490.0,1490.0,-1.4894736842105263,1
18.0,2100.305,0,0,0,0,0,0,0,0,0.1111111111111111,81.21111111111112,11.999967765808105,0.05555555555555555,0.3888888888888889,0.2777777777777778,1490.0,1490.0,-1.5277777777777777,0
19.0,2171.3829,0,0,0,0,0,0,0,0,0.10526315789473685,77.46315789473684,11.999967765808105,0.10526315789473685,0.368421052631579,0.26315789473684215,1490.0,1490.0,-1.3526315789473684,1
100.0,10914.295,0,0,0,0,0,0,0,0,0.04,68.41900000000003,11.600521659851076,0.33,0.23,0.21000000000000002,2980.0,3105.0,-0.735,1
94.0,10656.1464,0,0,0,0,0,0,0,0,0.0425531914893617,66.89680851063831,11.600521659851076,0.2872340425531915,0.2021276595744681,0.26595744680851063,2980.0,3105.0,-0.7010638297872341,1
11.0,1082.297,0,0,0,0,0,0,0,0,0.0,24.454545454545453,11.000836753845213,0.36363636363636365,0.36363636363636365,0.36363636363636365,0.0,0.0,0.18181818181818177,0
33.0,3751.2099,0,0,0,0,0,0,0,0,0.09090909090909091,45.75151515151515,6.018419456481933,0.3939393939393939,0.18181818181818182,0.33333333333333337,0.0,0.0,-0.1454545454545455,0
15.0,2037.3519999999999,0,0,0,0,0,0,0,0,0.0,192.69999999999996,11.999967765808105,0.0,0.26666666666666666,0.0,0.0,0.0,-3.493333333333333,1
36.0,4566.1332999999995,0,0,0,0,0,0,0,0,0.08333333333333334,146.45277777777778,11.999967765808105,0.1111111111111111,0.19444444444444442,0.25,4470.0,4470.0,-1.8305555555555557,1
15.0,2054.3503,0,0,0,0,0,0,0,0,0.33333333333333337,24.259999999999998,8.496820259094239,0.33333333333333337,0.13333333333333333,0.6,19480.0,19480.0,-0.6,1
16.0,2255.7375,0,0,0,0,0,0,0,0,0.1875,74.0625,11.999967765808105,0.3125,0.0625,0.3125,11000.0,11000.0,-1.7125,1
9.0,1347.501,0,0,0,0,0,0,0,0,0.0,94.4888888888889,11.999967765808105,0.0,0.0,0.0,0.0,0.0,-3.922222222222222,1
16.0,1948.2006999999999,0,0,0,0,0,0,0,0,0.0,74.3,11.999967765808105,0.0,0.25,0.25,0.0,0.0,-1.5625,1
10.0,1251.4365,0,0,0,0,0,0,0,0,0.1,52.32000000000001,8.761785316467286,0.2,0.1,0.5,1490.0,1490.0,-0.050000000000000044,1
15.0,1655.9166999999998,0,0,0,0,0,0,0,0,0.06666666666666667,38.95333333333333,6.048885154724121,0.2,0.3333333333333333,0.2,0.0,125.0,-0.23333333333333336,0
6.0,707.8842,0,0,0,0,0,0,0,0,0.16666666666666669,8.333333333333334,8.249712944030762,0.0,0.16666666666666669,0.5,0.0,0.0,1.5666666666666667,1
10.0,1261.5406,0,0,0,0,0,0,0,0,0.2,10.97,10.352155876159667,0.0,0.1,0.5,0.0,0.0,0.9,1
8.0,977.2275,0,0,0,0,0,0,0,0,0.125,8.75,10.351898002624512,0.0,0.125,0.5,0.0,0.0,1.175,1
28.0,3479.1713,0,0,0,0,0,0,0,0,0.0,35.45714285714286,11.999967765808105,0.4642857142857143,0.10714285714285715,0.14285714285714285,0.0,0.0,-1.6321428571428573,1
30.0,3639.3655,0,0,0,0,0,0,0,0,0.0,30.930000000000007,11.999967765808105,0.43333333333333335,0.13333333333333333,0.13333333333333333,0.0,0.0,-1.4533333333333334,1
20.0,2463.9647,0,0,0,0,0,0,0,0,0.05,28.365,11.166069221496581,0.45,0.25,0.4,0.0,0.0,-0.5900000000000001,0
11.0,1427.7342999999998,0,0,0,0,0,0,0,0,0.18181818181818182,75.53636363636363,9.756532478332517,0.2727272727272727,0.0,0.6363636363636364,0.0,0.0,1.0272727272727271,1
15.0,1857.2718,0,0,0,0,0,0,0,0,0.13333333333333333,58.06,10.352155876159667,0.2,0.06666666666666667,0.5333333333333333,0.0,0.0,0.8933333333333332,1
17.0,2150.5968,0,0,0,0,0,0,0,0,0.11764705882352942,63.735294117647065,11.700318717956542,0.17647058823529413,0.05882352941176471,0.4705882352941177,0.0,0.0,0.33529411764705874,1
20.0,2507.0173999999997,0,0,0,0,0,0,0,0,0.1,65.305,11.999967765808105,0.15,0.1,0.45,0.0,0.0,0.24499999999999994,1
9.0,1135.3629,0,0,0,0,0,0,0,0,0.0,94.4888888888889,11.999967765808105,0.2222222222222222,0.1111111111111111,0.4444444444444444,0.0,0.0,0.011111111111111047,1
12.0,1513.8934,0,0,0,0,0,0,0,0,0.0,2.091666666666667,11.999967765808105,0.33333333333333337,0.08333333333333334,0.4166666666666667,0.0,0.0,-0.44166666666666665,1
16.0,1749.1655,0,0,0,0,0,0,0,0,0.0625,11.39375,8.221991539001465,0.3125,0.125,0.6875,1490.0,1490.0,2.04375,0
13.0,1961.3084999999999,0,0,0,0,0,0,0,0,0.23076923076923078,135.61538461538464,11.999967765808105,0.07692307692307693,0.07692307692307693,0.3076923076923077,11000.0,11000.0,-2.0461538461538464,1
9.0,1282.5089,0,0,0,0,0,0,0,0,0.0,221.22222222222223,11.999967765808105,0.2222222222222222,0.0,0.0,0.0,0.0,-3.6222222222222222,0
9.0,1254.4955,0,0,0,0,0,0,0,0,0.0,157.57777777777778,11.999967765808105,0.3333333333333333,0.0,0.0,0.0,0.0,-3.5555555555555554,0
9.0,1254.4955,0,0,0,0,0,0,0,0,0.0,172.4,11.999967765808105,0.3333333333333333,0.0,0.0,0.0,0.0,-3.5555555555555554,0
9.0,1282.552,0,0,0,0,0,0,0,0,0.0,236.04444444444445,11.999967765808105,0.3333333333333333,0.0,0.0,0.0,0.0,-3.6666666666666665,1
9.0,1254.4955,0,0,0,0,0,0,0,0,0.0,193.80000000000004,11.999967765808105,0.3333333333333333,0.0,0.0,0.0,0.0,-3.5555555555555554,0
7.0,1027.2319,0,0,0,0,0,0,0,0,0.0,164.4857142857143,11.999967765808105,0.28571428571428575,0.0,0.0,0.0,0.0,-4.185714285714286,0
9.0,1254.4955,0,0,0,0,0,0,0,0,0.0,130.15555555555557,11.999967765808105,0.3333333333333333,0.0,0.0,0.0,0.0,-3.5555555555555554,0
8.0,1183.4176,0,0,0,0,0,0,0,0,0.0,216.77500000000003,11.999967765808105,0.25,0.0,0.0,0.0,0.0,-4.225,1
9.0,1254.4955,0,0,0,0,0,0,0,0,0.0,193.80000000000004,11.999967765808105,0.3333333333333333,0.0,0.0,0.0,0.0,-3.5555555555555554,0
9.0,1339.6033,0,0,0,0,0,0,0,0,0.0,257.44444444444446,11.999967765808105,0.2222222222222222,0.0,0.0,0.0,0.0,-4.2555555555555555,0
33.0,4264.9252,0,0,0,0,0,0,0,0,0.12121212121212122,123.26666666666667,11.204234504699706,0.33333333333333337,0.09090909090909091,0.30303030303030304,8480.0,8480.0,-1.2454545454545456,1
66.0,8511.835099999998,0,0,0,0,0,0,0,0,0.12121212121212122,129.430303030303,11.358378410339355,0.33333333333333337,0.09090909090909091,0.30303030303030304,16960.0,17085.0,-1.2454545454545456,1
12.0,1639.8711999999998,0,0,0,0,0,0,0,0,0.0,195.58333333333334,11.999967765808105,0.25,0.16666666666666669,0.0,0.0,0.0,-3.625,1
29.0,3263.0112,0,0,0,0,0,0,0,0,0.0,124.04137931034482,11.999967765808105,0.48275862068965514,0.13793103448275862,0.27586206896551724,0.0,0.0,-0.12758620689655176,1
16.0,2212.5727,0,0,0,0,0,0,0,0,0.0,229.43749999999994,11.999967765808105,0.375,0.125,0.0,0.0,0.0,-3.7625,1
17.0,2315.7156,0,0,0,0,0,0,0,0,0.0,235.70588235294113,11.999967765808105,0.35294117647058826,0.11764705882352942,0.0,0.0,0.0,-3.394117647058824,1
17.0,2315.7156,0,0,0,0,0,0,0,0,0.0,235.70588235294113,11.999967765808105,0.35294117647058826,0.11764705882352942,0.0,0.0,0.0,-3.394117647058824,1
18.0,2401.7898,0,0,0,0,0,0,0,0,0.0,231.57777777777778,11.999967765808105,0.2777777777777778,0.16666666666666666,0.05555555555555555,0.0,0.0,-2.9222222222222225,1
16.0,1790.1151,0,0,0,0,0,0,0,0,0.0625,0.5875000000000002,10.461623191833493,0.5,0.125,0.3125,0.0,0.0,-0.46874999999999994,1
13.0,1777.2621,0,0,0,0,0,0,0,0,0.0,139.0,11.999967765808105,0.5384615384615384,0.0,0.3846153846153846,0.0,0.0,-1.2153846153846155,1
20.0,2405.8806,0,0,0,0,0,0,0,0,0.15000000000000002,1.2450000000000019,11.166069221496581,0.4,0.2,0.5,6990.0,6990.0,-0.31500000000000006,1
33.0,3859.5451000000003,0,0,0,0,0,0,0,0,0.0,51.86060606060606,9.984815025329592,0.36363636363636365,0.2727272727272727,0.30303030303030304,0.0,0.0,-0.6545454545454545,0
7.0,754.7950999999999,0,0,0,0,0,0,0,0,0.0,11.385714285714286,11.000836753845213,0.14285714285714288,0.5714285714285715,0.0,0.0,0.0,-2.3857142857142857,0
33.0,4125.8333,0,0,0,0,0,0,0,0,0.06060606060606061,115.07575757575756,11.999967765808105,0.36363636363636365,0.21212121212121213,0.21212121212121213,11000.0,11000.0,-2.0424242424242425,1
19.0,2117.4137,0,0,0,0,0,0,0,0,0.0,101.97894736842105,11.754278755187986,0.42105263157894735,0.3684210526315789,0.052631578947368425,0.0,0.0,-1.8473684210526315,1
15.0,1899.2760000000003,0,0,0,0,0,0,0,0,0.0,115.25333333333333,11.999967765808105,0.4,0.2,0.06666666666666667,0.0,0.0,-2.18,1
15.0,1914.1975000000002,0,0,0,0,0,0,0,0,0.2,99.28666666666666,11.553846549987792,0.2,0.2,0.4,8480.0,8480.0,-1.2133333333333334,1
15.0,1951.2573000000002,0,0,0,0,0,0,0,0,0.26666666666666666,82.834,11.553846549987792,0.13333333333333333,0.2,0.4666666666666667,2980.0,2980.0,-0.9,1
8.0,1039.3617000000002,0,0,0,0,0,0,0,0,0.0,28.275,11.999967765808105,0.5,0.0,0.5,0.0,0.0,-0.025000000000000022,0
15.0,1867.2255,0,0,0,0,0,0,0,0,0.13333333333333333,60.43333333333334,11.553846549987792,0.2,0.13333333333333333,0.4666666666666667,2980.0,2980.0,-0.5,1
15.0,1883.2249000000002,0,0,0,0,0,0,0,0,0.13333333333333333,61.1,11.553846549987792,0.13333333333333333,0.2,0.4666666666666667,2980.0,2980.0,-0.6733333333333333,1
15.0,1883.2249000000002,0,0,0,0,0,0,0,0,0.13333333333333333,61.1,11.553846549987792,0.26666666666666666,0.2,0.4666666666666667,2980.0,2980.0,-0.7666666666666667,0
18.0,2429.1011,0,0,0,0,0,0,0,0,0.05555555555555555,97.22222222222223,11.999967765808105,0.5555555555555556,0.0,0.6111111111111112,5500.0,5500.0,0.311111111111111,1
9.0,1165.518,0,0,0,0,0,0,0,0,0.0,51.6888888888889,11.999967765808105,0.6666666666666667,0.0,0.6666666666666667,0.0,0.0,1.0333333333333332,1
19.0,2502.2198,0,0,0,0,0,0,0,0,0.0,120.45263157894738,11.999967765808105,0.5263157894736842,0.0,0.5263157894736842,0.0,0.0,0.2368421052631578,1
16.0,1909.2905,0,0,0,0,0,0,0,0,0.0625,86.82500000000002,11.999967765808105,0.125,0.5,0.1875,0.0,0.0,-1.4812500000000002,0
5.0,785.9399,0,0,0,0,0,0,0,0,0.2,161.08,11.999967765808105,0.2,0.0,0.4,5500.0,5500.0,-2.12,1
6.0,714.8571,0,0,0,0,0,0,0,0,0.0,8.333333333333334,11.999967765808105,0.33333333333333337,0.16666666666666669,0.33333333333333337,0.0,0.0,0.04999999999999997,0
14.0,1707.9926999999998,0,0,0,0,0,0,0,0,0.14285714285714288,59.01428571428572,9.598842811584472,0.35714285714285715,0.28571428571428575,0.4285714285714286,5500.0,5500.0,0.09999999999999995,1
15.0,1855.1716999999999,0,0,0,0,0,0,0,0,0.13333333333333333,56.07333333333333,11.553846549987792,0.13333333333333333,0.2,0.4666666666666667,2980.0,2980.0,-0.7133333333333333,1
13.0,1469.5973999999999,0,0,0,0,0,0,0,0,0.07692307692307693,100.84615384615385,5.3206071853637695,0.23076923076923078,0.38461538461538464,0.3076923076923077,1490.0,1490.0,-0.5230769230769231,0
15.0,1969.2114000000001,0,0,0,0,0,0,0,0,0.26666666666666666,110.08,11.553846549987792,0.13333333333333333,0.2,0.4666666666666667,13980.0,13980.0,-1.4,1
18.0,2580.141,0,0,0,0,0,0,0,0,0.16666666666666669,104.58888888888889,11.999967765808105,0.38888888888888884,0.0,0.5555555555555556,16500.0,16500.0,-0.5277777777777779,1
15.0,1944.2217,0,0,0,0,0,0,0,0,0.26666666666666666,105.92666666666668,10.903489494323729,0.2,0.2,0.4666666666666667,13980.0,13980.0,-0.9733333333333333,0
15.0,1914.1975000000002,0,0,0,0,0,0,0,0,0.2,92.67333333333332,11.553846549987792,0.2,0.2,0.4,8480.0,8480.0,-1.2133333333333334,0
15.0,1937.2341999999999,0,0,0,0,0,0,0,0,0.2,120.83999999999999,11.999967765808105,0.2,0.2,0.4,12490.0,12490.0,-1.1866666666666668,1
15.0,1941.2211000000002,0,0,0,0,0,0,0,0,0.26666666666666666,68.40666666666667,11.711342811584473,0.26666666666666666,0.13333333333333333,0.4666666666666667,17990.0,17990.0,-0.7200000000000001,1
15.0,1953.2781,0,0,0,0,0,0,0,0,0.26666666666666666,143.0333333333333,11.553846549987792,0.33333333333333337,0.13333333333333333,0.3333333333333333,13980.0,13980.0,-0.8866666666666667,1
15.0,2013.3301000000001,0,0,0,0,0,0,0,0,0.26666666666666666,130.19333333333333,11.553846549987792,0.2,0.13333333333333333,0.4666666666666667,13980.0,13980.0,-1.22,1
15.0,1989.2656000000002,0,0,0,0,0,0,0,0,0.26666666666666666,95.90666666666665,11.553846549987792,0.13333333333333333,0.2,0.4666666666666667,13980.0,13980.0,-1.3133333333333332,1
15.0,1999.3035,0,0,0,0,0,0,0,0,0.26666666666666666,143.7,11.553846549987792,0.2,0.2,0.4,13980.0,13980.0,-1.2266666666666668,1
15.0,1999.3035,0,0,0,0,0,0,0,0,0.26666666666666666,92.67333333333332,11.553846549987792,0.2,0.2,0.4,13980.0,13980.0,-1.2266666666666668,1
16.0,2102.4464000000003,0,0,0,0,0,0,0,0,0.25,87.50625,10.847724342346194,0.1875,0.1875,0.375,13980.0,13980.0,-0.99375,1
15.0,1999.3035,0,0,0,0,0,0,0,0,0.26666666666666666,130.85999999999999,11.553846549987792,0.2,0.2,0.4,13980.0,13980.0,-1.2266666666666668,1
15.0,1944.2217,0,0,0,0,0,0,0,0,0.26666666666666666,92.67333333333332,10.903489494323729,0.2,0.2,0.4666666666666667,13980.0,13980.0,-0.9733333333333333,0
15.0,1937.2341999999999,0,0,0,0,0,0,0,0,0.2,97.69999999999999,11.999967765808105,0.2,0.2,0.4,12490.0,12490.0,-1.1866666666666668,1
15.0,1944.2217,0,0,0,0,0,0,0,0,0.26666666666666666,97.69999999999999,10.903489494323729,0.2,0.2,0.4666666666666667,13980.0,13980.0,-0.9733333333333333,0
15.0,1937.2341999999999,0,0,0,0,0,0,0,0,0.2,141.54666666666665,11.999967765808105,0.2,0.2,0.4,12490.0,12490.0,-1.1866666666666668,1
15.0,2043.3561,0,0,0,0,0,0,0,0,0.26666666666666666,152.30666666666667,11.553846549987792,0.2,0.13333333333333333,0.4666666666666667,13980.0,13980.0,-1.2466666666666666,1
15.0,2029.3295000000003,0,0,0,0,0,0,0,0,0.26666666666666666,130.85999999999999,11.553846549987792,0.13333333333333333,0.2,0.4666666666666667,13980.0,13980.0,-1.3933333333333335,1
15.0,2137.4722,0,0,0,0,0,0,0,0,0.3333333333333333,160.88,11.999967765808105,0.13333333333333333,0.2,0.4666666666666667,23490.0,23490.0,-1.38,0
15.0,2114.4355,0,0,0,0,0,0,0,0,0.33333333333333337,118.91999999999999,11.553846549987792,0.13333333333333333,0.2,0.4666666666666667,19480.0,19480.0,-1.4066666666666667,1
16.0,2071.5667,0,0,0,0,0,0,0,0,0.0625,103.4125,11.999967765808105,0.375,0.125,0.4375,5500.0,5500.0,-0.38125000000000003,1
15.0,1983.2561,0,0,0,0,0,0,0,0,0.26666666666666666,93.59333333333333,10.420234489440915,0.13333333333333333,0.2,0.4666666666666667,5960.0,5960.0,-1.4466666666666665,1
32.0,3750.0978000000005,0,0,0,0,0,0,0,0,0.09375,29.175000000000004,4.16796932220459,0.34375,0.25,0.4375,4470.0,4470.0,-0.646875,0
6.0,876.1238,0,0,0,0,0,0,0,0,0.16666666666666669,8.333333333333334,11.263867759704592,0.6666666666666667,0.0,0.16666666666666669,5500.0,5500.0,-2.533333333333333,0
28.0,3328.8903,0,0,0,0,0,0,0,0,0.07142857142857144,58.578571428571436,9.386870765686034,0.28571428571428575,0.2142857142857143,0.28571428571428575,5500.0,5625.0,-0.6964285714285714,0
5.0,642.7084,0,0,0,0,0,0,0,0,0.0,26.92,11.999967765808105,0.0,0.4,0.2,0.0,0.0,-2.96,0
27.0,3333.8803999999996,0,0,0,0,0,0,0,0,0.07407407407407407,14.329629629629627,11.368435478210447,0.18518518518518517,0.18518518518518517,0.2222222222222222,5500.0,5625.0,-1.2925925925925925,1
8.0,1137.263,0,0,0,0,0,0,0,0,0.0,198.85000000000002,11.999967765808105,0.0,0.25,0.0,0.0,0.0,-3.75,1
15.0,1764.9796000000001,0,0,0,0,0,0,0,0,0.06666666666666667,66.12666666666667,6.747777366638184,0.3333333333333333,0.26666666666666666,0.26666666666666666,0.0,0.0,-0.8200000000000001,0
7.0,822.9585999999999,0,0,0,0,0,0,0,0,0.0,118.62857142857143,11.999967765808105,0.28571428571428575,0.28571428571428575,0.0,0.0,0.0,-1.8714285714285714,1
19.0,1988.3028,0,0,0,0,0,0,0,0,0.0,68.21052631578948,11.999967765808105,0.15789473684210525,0.5263157894736843,0.052631578947368425,0.0,0.0,-1.3263157894736841,0
25.0,2683.0224999999996,0,0,0,0,0,0,0,0,0.08,19.908,5.361588096618653,0.44,0.24,0.36,0.0,0.0,0.08399999999999999,0
9.0,1060.2085,0,0,0,0,0,0,0,0,0.2222222222222222,121.91111111111113,11.999967765808105,0.0,0.5555555555555556,0.2222222222222222,0.0,0.0,-1.0444444444444445,0
25.0,2829.2133,0,0,0,0,0,0,0,0,0.12,37.08400000000001,8.820902824401855,0.32,0.36,0.24,6990.0,7115.0,-0.7160000000000001,0
16.0,2204.6477,0,0,0,0,0,0,0,0,0.1875,51.90625000000001,11.999967765808105,0.375,0.0625,0.25,11000.0,11000.0,-1.9,1
22.0,2762.3594,0,0,0,0,0,0,0,0,0.045454545454545456,101.20454545454545,11.999967765808105,0.5,0.045454545454545456,0.3181818181818182,5500.0,5500.0,-1.2,1
10.0,1371.5820999999999,0,0,0,0,0,0,0,0,0.0,212.44000000000003,11.999967765808105,0.1,0.1,0.0,0.0,0.0,-2.9699999999999998,1
25.0,2836.2655999999997,0,0,0,0,0,0,0,0,0.04,40.50000000000001,11.999967765808105,0.32,0.2,0.28,5500.0,5500.0,-0.7959999999999999,1
27.0,3051.5152,0,0,0,0,0,0,0,0,0.037037037037037035,54.51481481481481,11.999967765808105,0.3333333333333333,0.2222222222222222,0.25925925925925924,5500.0,5500.0,-0.9111111111111112,1
16.0,2189.6330000000003,0,0,0,0,0,0,0,0,0.1875,57.212500000000006,11.999967765808105,0.3125,0.0625,0.3125,11000.0,11000.0,-1.375,1
16.0,2204.6477,0,0,0,0,0,0,0,0,0.1875,51.90625000000001,11.999967765808105,0.375,0.0625,0.25,11000.0,11000.0,-1.9,1
16.0,2131.5954,0,0,0,0,0,0,0,0,0.125,46.6,11.999967765808105,0.375,0.0625,0.25,5500.0,5500.0,-1.5625,1
16.0,2168.6552,0,0,0,0,0,0,0,0,0.1875,37.20625,11.999967765808105,0.3125,0.0625,0.3125,0.0,0.0,-1.26875,0
18.0,2419.8971,0,0,0,0,0,0,0,0,0.16666666666666669,34.18333333333334,11.999967765808105,0.2777777777777778,0.1111111111111111,0.2777777777777778,0.0,0.0,-1.5,0
16.0,2207.6913,0,0,0,0,0,0,0,0,0.1875,46.6,11.999967765808105,0.3125,0.0625,0.3125,5500.0,5500.0,-1.5,1
6.0,843.0276,0,0,0,0,0,0,0,0,0.16666666666666669,12.133333333333336,11.000836753845213,0.16666666666666669,0.0,0.5,5500.0,5500.0,-0.6333333333333333,0
16.0,2170.6315,0,0,0,0,0,0,0,0,0.125,37.20625,11.999967765808105,0.375,0.0625,0.25,11000.0,11000.0,-1.79375,1
16.0,2189.6761,0,0,0,0,0,0,0,0,0.1875,46.6,11.999967765808105,0.375,0.0625,0.3125,11000.0,11000.0,-1.4,1
16.0,2215.7134,0,0,0,0,0,0,0,0,0.1875,58.6375,11.999967765808105,0.3125,0.125,0.3125,11000.0,11000.0,-1.6125,1
8.0,1118.3306,0,0,0,0,0,0,0,0,0.25,11.600000000000001,11.000836753845213,0.125,0.0,0.5,5500.0,5500.0,-0.5625,0
16.0,2203.7027000000003,0,0,0,0,0,0,0,0,0.1875,46.6,11.999967765808105,0.375,0.0,0.3125,11000.0,11000.0,-1.4,1
9.0,1232.4332,0,0,0,0,0,0,0,0,0.2222222222222222,11.422222222222224,11.000836753845213,0.1111111111111111,0.1111111111111111,0.4444444444444444,5500.0,5500.0,-0.8888888888888888,0
16.0,2161.6196,0,0,0,0,0,0,0,0,0.1875,10.8,11.999967765808105,0.375,0.0625,0.3125,11000.0,11000.0,-1.3375,1
16.0,2246.7274,0,0,0,0,0,0,0,0,0.1875,41.8875,11.999967765808105,0.3125,0.0625,0.3125,11000.0,11000.0,-1.73125,1
10.0,1388.6189,0,0,0,0,0,0,0,0,0.2,11.280000000000001,11.999967765808105,0.1,0.1,0.4,5500.0,5500.0,-1.25,0
16.0,2161.6196,0,0,0,0,0,0,0,0,0.1875,10.8,11.999967765808105,0.375,0.0625,0.3125,11000.0,11000.0,-1.3375,1
11.0,1544.8046,0,0,0,0,0,0,0,0,0.18181818181818182,63.236363636363635,11.999967765808105,0.09090909090909091,0.09090909090909091,0.36363636363636365,5500.0,5500.0,-1.5454545454545454,0
16.0,2186.6093,0,0,0,0,0,0,0,0,0.1875,46.6,11.999967765808105,0.3125,0.0625,0.3125,11000.0,11000.0,-1.7375,1
16.0,2228.689,0,0,0,0,0,0,0,0,0.1875,41.293749999999996,11.999967765808105,0.3125,0.0625,0.375,11000.0,11000.0,-1.6125,1
12.0,1676.0005999999998,0,0,0,0,0,0,0,0,0.16666666666666669,58.800000000000004,11.999967765808105,0.16666666666666669,0.08333333333333334,0.33333333333333337,5500.0,5500.0,-1.2583333333333333,0
16.0,2189.6330000000003,0,0,0,0,0,0,0,0,0.1875,54.3125,11.999967765808105,0.3125,0.0625,0.3125,11000.0,11000.0,-1.375,0
13.0,1804.1728999999998,0,0,0,0,0,0,0,0,0.15384615384615385,55.04615384615385,11.999967765808105,0.23076923076923078,0.07692307692307693,0.3076923076923077,5500.0,5500.0,-1.4615384615384615,1
16.0,2131.5954,0,0,0,0,0,0,0,0,0.125,46.6,11.999967765808105,0.375,0.0625,0.25,5500.0,5500.0,-1.5625,1
14.0,1990.3827999999996,0,0,0,0,0,0,0,0,0.2142857142857143,51.82857142857143,11.999967765808105,0.2142857142857143,0.07142857142857144,0.3571428571428572,11000.0,11000.0,-1.4214285714285713,1
16.0,2189.6330000000003,0,0,0,0,0,0,0,0,0.1875,37.20625,11.999967765808105,0.3125,0.0625,0.3125,11000.0,11000.0,-1.375,0
15.0,2118.5551,0,0,0,0,0,0,0,0,0.2,49.04,11.999967765808105,0.26666666666666666,0.06666666666666667,0.3333333333333333,11000.0,11000.0,-1.5866666666666667,0
16.0,2189.6330000000003,0,0,0,0,0,0,0,0,0.1875,46.6,11.999967765808105,0.3125,0.0625,0.3125,11000.0,11000.0,-1.375,0
16.0,2246.7274,0,0,0,0,0,0,0,0,0.1875,46.6,11.999967765808105,0.3125,0.0625,0.3125,11000.0,11000.0,-1.73125,1
24.0,3191.8401999999996,0,0,0,0,0,0,0,0,0.16666666666666669,24.6,11.754278755187986,0.3333333333333333,0.125,0.37500000000000006,11000.0,11000.0,-0.9916666666666667,1
17.0,2349.8703,0,0,0,0,0,0,0,0,0.17647058823529413,44.44705882352942,11.745382118225098,0.29411764705882354,0.05882352941176471,0.29411764705882354,11000.0,11000.0,-1.4823529411764707,1
35.0,4225.9416,0,0,0,0,0,0,0,0,0.17142857142857143,17.97142857142857,10.43306369781494,0.3142857142857143,0.2285714285714286,0.34285714285714286,16500.0,16500.0,-0.46285714285714286,1
18.0,2360.83,0,0,0,0,0,0,0,0,0.16666666666666666,44.67222222222223,11.999967765808105,0.2777777777777778,0.16666666666666666,0.2777777777777778,11000.0,11000.0,-1.5833333333333333,1
17.0,2374.8997,0,0,0,0,0,0,0,0,0.17647058823529413,44.44705882352942,11.999967765808105,0.35294117647058826,0.05882352941176471,0.29411764705882354,11000.0,11000.0,-1.8588235294117648,1
24.0,3294.0715,0,0,0,0,0,0,0,0,0.125,38.88750000000001,11.999967765808105,0.45833333333333337,0.04166666666666667,0.25,11000.0,11000.0,-2.129166666666667,1
33.0,4097.7581,0,0,0,0,0,0,0,0,0.15151515151515152,48.58787878787879,11.999967765808105,0.24242424242424243,0.18181818181818182,0.33333333333333337,12490.0,12490.0,-1.0696969696969696,1
17.0,2369.797,0,0,0,0,0,0,0,0,0.17647058823529413,44.44705882352942,11.999967765808105,0.23529411764705885,0.11764705882352942,0.29411764705882354,11000.0,11000.0,-1.7941176470588236,0
14.0,1927.2424999999996,0,0,0,0,0,0,0,0,0.14285714285714288,51.82857142857143,11.999967765808105,0.14285714285714288,0.14285714285714288,0.28571428571428575,5500.0,5500.0,-1.5571428571428572,0
16.0,2358.781,0,0,0,0,0,0,0,0,0.1875,124.1,11.999967765808105,0.0625,0.0625,0.3125,11000.0,11000.0,-1.88125,1
17.0,2461.9239,0,0,0,0,0,0,0,0,0.17647058823529413,117.38823529411765,11.999967765808105,0.05882352941176471,0.05882352941176471,0.29411764705882354,11000.0,11000.0,-1.6235294117647059,1
15.0,1851.1750000000002,0,0,0,0,0,0,0,0,0.0,122.51333333333334,11.999967765808105,0.2,0.2,0.2,0.0,0.0,-1.5133333333333332,1
16.0,2165.5902,0,0,0,0,0,0,0,0,0.1875,69.46875,11.999967765808105,0.25,0.25,0.25,11000.0,11000.0,-2.2125,1
16.0,2168.6139,0,0,0,0,0,0,0,0,0.1875,101.64375,11.999967765808105,0.25,0.25,0.25,11000.0,11000.0,-1.85,1
12.0,1607.869,0,0,0,0,0,0,0,0,0.0,226.0166666666667,11.999967765808105,0.08333333333333334,0.25,0.16666666666666669,0.0,0.0,-2.341666666666667,1
16.0,2116.4715,0,0,0,0,0,0,0,0,0.125,45.393750000000004,11.733971214294431,0.25,0.0625,0.375,5500.0,5500.0,-1.5687499999999999,1
14.0,1582.8462,0,0,0,0,0,0,0,0,0.0,50.2,9.510198783874515,0.5714285714285714,0.2142857142857143,0.35714285714285715,0.0,0.0,0.22142857142857136,0
15.0,1871.2112000000002,0,0,0,0,0,0,0,0,0.0,183.06666666666663,11.999967765808105,0.2,0.26666666666666666,0.06666666666666667,0.0,0.0,-2.253333333333333,1
36.0,4130.8676,1,0,0,0,0,1,0,0,0.08333333333333333,26.827777777777783,10.665214347839356,0.4444444444444445,0.1388888888888889,0.3333333333333333,5500.0,5500.0,-0.4722222222222222,1
6.0,756.8607,0,0,0,0,0,0,0,0,0.0,170.96666666666667,11.999967765808105,0.0,0.33333333333333337,0.0,0.0,0.0,-3.1333333333333333,1
13.0,1677.9424,0,0,0,0,0,0,0,0,0.0,175.60000000000002,11.999967765808105,0.23076923076923078,0.15384615384615385,0.0,0.0,0.0,-2.6153846153846154,1
10.0,1503.6867,0,0,0,0,0,0,0,0,0.0,143.32000000000002,11.999967765808105,0.0,0.0,0.0,0.0,0.0,-3.9799999999999995,1
10.0,1376.6200999999999,0,0,0,0,0,0,0,0,0.0,189.68,11.999967765808105,0.0,0.30000000000000004,0.1,0.0,0.0,-2.92,1
7.0,950.1461,0,0,0,0,0,0,0,0,0.0,134.65714285714287,11.999967765808105,0.0,0.28571428571428575,0.14285714285714288,0.0,0.0,-2.3857142857142857,0
15.0,1920.3216000000002,0,0,0,0,0,0,0,0,0.0,104.45333333333333,11.999967765808105,0.06666666666666667,0.4,0.13333333333333333,0.0,0.0,-2.1866666666666665,1
17.0,2173.6225,0,0,0,0,0,0,0,0,0.0,100.23529411764707,11.999967765808105,0.05882352941176471,0.411764705882353,0.11764705882352942,0.0,0.0,-2.288235294117647,0
24.0,2938.5364999999997,0,0,0,0,0,0,0,0,0.04166666666666667,102.875,11.999967765808105,0.08333333333333334,0.4583333333333333,0.16666666666666669,0.0,0.0,-1.75,0
11.0,1428.6832,0,0,0,0,0,0,0,0,0.0,88.46363636363637,11.166069221496581,0.5454545454545454,0.09090909090909091,0.09090909090909091,0.0,0.0,-2.9181818181818184,0
24.0,2427.7158,0,0,0,0,0,0,0,0,0.0,38.420833333333334,11.69902935028076,0.2916666666666667,0.2916666666666667,0.375,0.0,0.0,0.10833333333333334,0
9.0,1294.6023,0,0,0,0,0,0,0,0,0.0,242.6222222222222,11.999967765808105,0.33333333333333337,0.0,0.33333333333333337,0.0,0.0,-1.7333333333333334,1
18.0,2528.1612,0,0,0,0,0,0,0,0,0.0,222.05555555555551,11.999967765808105,0.38888888888888884,0.0,0.38888888888888884,0.0,0.0,-1.2722222222222224,1
12.0,1570.7576,0,0,0,0,0,0,0,0,0.16666666666666669,200.5166666666667,11.999967765808105,0.08333333333333334,0.33333333333333337,0.25,1490.0,1490.0,-1.7000000000000002,1
10.0,1396.603,0,0,0,0,0,0,0,0,0.2,200.1,11.999967765808105,0.1,0.2,0.30000000000000004,1490.0,1490.0,-1.8800000000000001,0
24.0,3034.4444,0,0,0,0,0,0,0,0,0.20833333333333337,55.220833333333324,4.942173194885252,0.16666666666666669,0.16666666666666669,0.5416666666666667,8480.0,8480.0,-0.20833333333333334,0
7.0,1032.3095,0,0,0,0,0,0,0,0,0.14285714285714288,90.4,11.999967765808105,0.5714285714285714,0.0,0.14285714285714288,5500.0,5500.0,-2.814285714285714,1
12.0,1633.9442999999999,0,0,0,0,0,0,0,0,0.08333333333333334,160.66666666666669,11.999967765808105,0.16666666666666669,0.25,0.33333333333333337,5500.0,5500.0,-1.5,1
9.0,1311.5899,0,0,0,0,0,0,0,0,0.0,166.3777777777778,11.999967765808105,0.33333333333333337,0.0,0.0,0.0,0.0,-4.188888888888889,1
12.0,1615.9524,0,0,0,0,0,0,0,0,0.0,140.77499999999998,11.999967765808105,0.33333333333333337,0.08333333333333334,0.16666666666666669,0.0,0.0,-2.466666666666667,1
3.0,486.57239999999996,0,0,0,0,0,0,0,0,0.0,388.53333333333336,11.999967765808105,0.0,0.0,0.0,0.0,0.0,-4.5,1
9.0,1256.422,0,0,0,0,0,0,0,0,0.0,199.82222222222222,11.82919101715088,0.4444444444444444,0.0,0.0,0.0,0.0,-3.511111111111111,1
11.0,1659.8724,0,0,0,0,0,0,0,0,0.0,183.27272727272722,11.999967765808105,0.0,0.0,0.0,0.0,0.0,-4.027272727272727,1
14.0,1918.3023,0,0,0,0,0,0,0,0,0.07142857142857144,180.05714285714285,11.999967765808105,0.2142857142857143,0.2142857142857143,0.28571428571428575,5500.0,5500.0,-1.885714285714286,1
15.0,2061.5372,0,0,0,0,0,0,0,0,0.0,190.99333333333334,11.999967765808105,0.13333333333333333,0.0,0.3333333333333333,0.0,0.0,-1.48,1
9.0,1339.6033,0,0,0,0,0,0,0,0,0.0,257.44444444444446,11.999967765808105,0.2222222222222222,0.0,0.0,0.0,0.0,-4.2555555555555555,1
29.0,3304.7478,0,0,0,0,0,0,0,0,0.10344827586206896,77.54827586206896,11.705282783508299,0.24137931034482757,0.31034482758620685,0.24137931034482757,5500.0,5500.0,-0.8172413793103448,1
4.0,642.7581,0,0,0,0,0,0,0,0,0.0,437.1,11.999967765808105,0.0,0.0,0.0,0.0,0.0,-4.5,1
11.0,1342.5972,0,0,0,0,0,0,0,0,0.0,209.27272727272725,10.348287773132324,0.18181818181818182,0.2727272727272727,0.09090909090909091,0.0,125.0,-1.481818181818182,1
38.0,4443.239,1,0,0,0,0,1,0,0,0.07894736842105264,56.0894736842105,11.604776573181152,0.42105263157894735,0.13157894736842105,0.3157894736842105,5500.0,5500.0,-0.6842105263157895,1
32.0,4122.7915,0,0,0,0,0,0,0,0,0.0,332.09374999999994,11.999967765808105,0.0,0.25,0.0625,0.0,125.0,-2.54375,1
12.0,1816.0581,0,0,0,0,0,0,0,0,0.0,216.56666666666666,11.999967765808105,0.0,0.0,0.0,0.0,0.0,-4.066666666666666,1
15.0,2164.4981000000002,0,0,0,0,0,0,0,0,0.0,254.90666666666667,11.999967765808105,0.0,0.13333333333333333,0.13333333333333333,0.0,0.0,-3.533333333333333,1
17.0,2324.6923,0,0,0,0,0,0,0,0,0.0,221.10000000000002,11.999967765808105,0.0,0.17647058823529413,0.11764705882352942,0.0,0.0,-2.9941176470588236,1
5.0,798.9438,0,0,0,0,0,0,0,0,0.0,466.24,11.999967765808105,0.0,0.0,0.0,0.0,0.0,-4.5,0
14.0,1958.2766,0,0,0,0,0,0,0,0,0.14285714285714288,192.60714285714283,11.82919101715088,0.35714285714285715,0.14285714285714288,0.35714285714285715,5500.0,5500.0,-1.6857142857142857,1
13.0,1972.2438,0,0,0,0,0,0,0,0,0.0,244.73846153846154,11.999967765808105,0.0,0.0,0.0,0.0,0.0,-4.1,1
6.0,955.1294999999999,0,0,0,0,0,0,0,0,0.0,485.66666666666663,11.999967765808105,0.0,0.0,0.0,0.0,0.0,-4.5,1
10.0,1503.6867,0,0,0,0,0,0,0,0,0.0,314.65999999999997,11.999967765808105,0.0,0.0,0.0,0.0,0.0,-3.9799999999999995,1
10.0,1380.6551,0,0,0,0,0,0,0,0,0.0,306.16999999999996,11.999967765808105,0.1,0.1,0.2,0.0,0.0,-2.3899999999999997,1
7.0,1111.3152,0,0,0,0,0,0,0,0,0.0,499.5428571428571,11.999967765808105,0.0,0.0,0.0,0.0,0.0,-4.5,1
9.0,1271.5094,0,0,0,0,0,0,0,0,0.0,381.3222222222222,11.999967765808105,0.0,0.1111111111111111,0.0,0.0,0.0,-3.2666666666666666,1
14.0,2015.1132,0,0,0,0,0,0,0,0,0.0,394.4857142857144,6.468754768371581,0.5,0.0,0.0,0.0,0.0,-4.0,1
8.0,1267.5009,0,0,0,0,0,0,0,0,0.0,509.94999999999993,11.999967765808105,0.0,0.0,0.0,0.0,0.0,-4.5,1
12.0,1720.0701,0,0,0,0,0,0,0,0,0.0,386.51666666666665,11.999967765808105,0.08333333333333334,0.08333333333333334,0.0,0.0,125.0,-2.716666666666667,1
12.0,1702.9352999999999,0,0,0,0,0,0,0,0,0.0,392.7333333333333,11.999967765808105,0.0,0.25,0.0,0.0,0.0,-3.7583333333333333,1
9.0,1380.6585,0,0,0,0,0,0,0,0,0.0,454.3999999999999,11.999967765808105,0.1111111111111111,0.0,0.1111111111111111,0.0,0.0,-3.577777777777778,1
12.0,1723.9976,0,0,0,0,0,0,0,0,0.0,376.88333333333327,11.999967765808105,0.08333333333333334,0.16666666666666669,0.0,0.0,0.0,-4.0249999999999995,1
9.0,1370.6438,0,0,0,0,0,0,0,0,0.0,454.3999999999999,11.999967765808105,0.0,0.0,0.0,0.0,0.0,-3.7222222222222223,1
15.0,1967.3400000000001,0,0,0,0,0,0,0,0,0.0,308.8799999999999,11.999967765808105,0.13333333333333333,0.2,0.06666666666666667,0.0,125.0,-2.2866666666666666,1
10.0,1427.6951,0,0,0,0,0,0,0,0,0.0,401.4699999999999,11.999967765808105,0.0,0.1,0.0,0.0,0.0,-3.3899999999999997,1
11.0,1597.904,0,0,0,0,0,0,0,0,0.0,384.8181818181817,11.999967765808105,0.09090909090909091,0.09090909090909091,0.09090909090909091,0.0,0.0,-3.0181818181818185,1
9.0,1423.6866,0,0,0,0,0,0,0,0,0.0,518.0444444444444,11.999967765808105,0.0,0.0,0.0,0.0,0.0,-4.5,0
18.0,2585.7126,0,0,0,0,0,0,0,0,0.0,408.91111111111115,6.514737510681152,0.5,0.0,0.0,0.0,0.0,-4.0,1
25.0,3103.7322999999997,0,0,0,0,0,0,0,0,0.04,174.01199999999994,11.999967765808105,0.32,0.12,0.24,0.0,0.0,-1.556,1
25.0,3103.7322999999997,0,0,0,0,0,0,0,0,0.04,178.53999999999996,11.999967765808105,0.32,0.12,0.24,0.0,0.0,-1.556,1
10.0,1526.8295,0,0,0,0,0,0,0,0,0.0,467.2399999999999,11.999967765808105,0.0,0.0,0.0,0.0,0.0,-3.8,1
11.0,1718.0341999999998,0,0,0,0,0,0,0,0,0.18181818181818182,425.6727272727272,11.999967765808105,0.0,0.0,0.18181818181818182,0.0,0.0,-3.1727272727272724,1
62.0,8454.785999999998,0,0,0,0,0,0,0,0,0.08064516129032258,334.3096774193547,11.999967765808105,0.0,0.24193548387096772,0.08064516129032258,5500.0,5500.0,-3.0274193548387096,1
29.0,3625.0968000000003,0,0,0,0,0,0,0,0,0.06896551724137931,229.3103448275862,11.999967765808105,0.0,0.41379310344827586,0.06896551724137931,5500.0,5500.0,-2.531034482758621,1
26.0,3074.7304999999997,0,0,0,0,0,0,0,0,0.07692307692307693,179.3307692307692,11.999967765808105,0.423076923076923,0.11538461538461539,0.2692307692307692,0.0,0.0,-0.15769230769230774,1
13.0,1651.8917999999999,0,0,0,0,0,0,0,0,0.0,383.66923076923064,11.999967765808105,0.0,0.3076923076923077,0.0,0.0,0.0,-3.2384615384615385,1
19.0,1994.1996,0,0,0,0,0,0,0,0,0.0,304.6368421052631,11.999967765808105,0.0,0.5263157894736842,0.0,0.0,0.0,-2.3421052631578947,1
25.0,3145.5271,0,0,0,0,0,0,0,0,0.04,199.37199999999996,11.999967765808105,0.2,0.16,0.08,5500.0,5500.0,-2.2920000000000003,1
24.0,3165.6292,0,0,0,0,0,0,0,0,0.16666666666666669,185.40416666666664,11.999967765808105,0.04166666666666667,0.16666666666666669,0.33333333333333337,16500.0,16500.0,-1.7750000000000001,1
10.0,1579.8723,0,0,0,0,0,0,0,0,0.0,524.5199999999999,11.999967765808105,0.0,0.0,0.0,0.0,0.0,-4.5,1
11.0,1736.058,0,0,0,0,0,0,0,0,0.0,529.8181818181816,11.999967765808105,0.0,0.0,0.0,0.0,0.0,-4.5,1
12.0,1892.2436999999998,0,0,0,0,0,0,0,0,0.0,534.2333333333332,11.999967765808105,0.0,0.0,0.0,0.0,0.0,-4.5,0
16.0,2516.9865,0,0,0,0,0,0,0,0,0.0,546.3749999999998,11.999967765808105,0.0,0.0,0.0,0.0,0.0,-4.5,0
28.0,3587.0887000000002,0,0,0,0,0,0,0,0,0.07142857142857144,238.77857142857135,11.999967765808105,0.10714285714285714,0.1785714285714286,0.2142857142857143,1490.0,1490.0,-2.039285714285714,1
8.0,1297.5251,0,0,0,0,0,0,0,0,0.125,509.94999999999993,11.999967765808105,0.0,0.0,0.125,5500.0,5500.0,-4.05,1
12.0,1982.3162999999997,0,0,0,0,0,0,0,0,0.25,391.03333333333325,11.999967765808105,0.0,0.0,0.25,16500.0,16500.0,-3.6,1
21.0,3144.3423,0,0,0,0,0,0,0,0,0.14285714285714288,351.92380952380955,6.514737510681152,0.42857142857142855,0.0,0.14285714285714288,16500.0,16500.0,-3.5571428571428574,1
12.0,2012.3405,0,0,0,0,0,0,0,0,0.33333333333333337,343.29999999999995,11.999967765808105,0.0,0.0,0.33333333333333337,22000.0,22000.0,-3.3000000000000003,1
6.0,698.8147,0,0,0,0,0,0,0,0,0.0,135.9,11.999967765808105,0.16666666666666669,0.33333333333333337,0.33333333333333337,0.0,0.0,-1.3166666666666667,0
16.0,2006.3509,0,0,0,0,0,0,0,0,0.125,65.38125000000001,10.278081703186032,0.3125,0.125,0.5,1490.0,1490.0,-0.78125,0
23.0,2724.1789,0,0,0,0,0,0,0,0,0.043478260869565216,82.47826086956522,11.999967765808105,0.30434782608695654,0.21739130434782608,0.30434782608695654,5500.0,5500.0,-1.056521739130435,1
15.0,2289.6827,0,0,0,0,0,0,0,0,0.2,196.80666666666664,11.999967765808105,0.0,0.0,0.26666666666666666,12490.0,12490.0,-2.6933333333333334,1
5.0,830.9357,0,0,0,0,0,0,0,0,0.4,237.12,11.999967765808105,0.0,0.0,0.4,11000.0,11000.0,-2.8600000000000003,1
6.0,987.1213999999999,0,0,0,0,0,0,0,0,0.33333333333333337,199.26666666666668,11.999967765808105,0.0,0.0,0.33333333333333337,11000.0,11000.0,-3.1333333333333333,1
9.0,1374.662,0,0,0,0,0,0,0,0,0.2222222222222222,136.17777777777778,11.999967765808105,0.3333333333333333,0.0,0.2222222222222222,11000.0,11000.0,-2.7444444444444445,1
15.0,2274.6283,0,0,0,0,0,0,0,0,0.2,246.67999999999998,11.999967765808105,0.0,0.13333333333333333,0.2,11000.0,11000.0,-2.933333333333333,1
16.0,2697.1317,0,0,0,0,0,0,0,0,0.375,331.57499999999993,11.999967765808105,0.0,0.0,0.375,33000.0,33000.0,-3.15,1
9.0,1513.7592,0,0,0,0,0,0,0,0,0.33333333333333337,327.1111111111111,11.999967765808105,0.0,0.0,0.33333333333333337,16500.0,16500.0,-3.3,1
8.0,1387.5977,0,0,0,0,0,0,0,0,0.5,223.55,11.999967765808105,0.0,0.0,0.5,22000.0,22000.0,-2.7,1
9.0,1516.7117,0,0,0,0,0,0,0,0,0.4444444444444444,199.82222222222222,11.999967765808105,0.1111111111111111,0.0,0.4444444444444444,22000.0,22000.0,-2.788888888888889,1
20.0,2162.4455,0,0,0,0,0,0,0,0,0.05,39.754999999999995,8.58881664276123,0.4,0.4,0.4,1490.0,1490.0,-0.29000000000000004,0
26.0,3019.3702999999996,0,0,0,0,0,0,0,0,0.15384615384615385,69.77692307692308,9.403439140319826,0.3076923076923077,0.34615384615384615,0.3076923076923077,8480.0,8480.0,-0.8961538461538462,0
14.0,1834.0399999999997,0,0,0,0,0,0,0,0,0.14285714285714288,87.85000000000002,6.1820589065551745,0.4285714285714286,0.2142857142857143,0.35714285714285715,5500.0,5500.0,-1.2785714285714287,1
14.0,1930.2234,0,0,0,0,0,0,0,0,0.14285714285714288,112.25714285714285,11.999967765808105,0.2857142857142857,0.14285714285714288,0.35714285714285715,5500.0,5500.0,-1.4642857142857142,1
23.0,2563.8539,0,0,0,0,0,0,0,0,0.043478260869565216,27.808695652173917,4.679122352600097,0.2608695652173913,0.21739130434782608,0.5217391304347826,0.0,0.0,-0.13043478260869565,0
15.0,1859.0905000000002,0,0,0,0,0,0,0,0,0.26666666666666666,59.28,8.745345878601075,0.06666666666666667,0.3333333333333333,0.4666666666666667,1490.0,1490.0,0.013333333333333301,0
10.0,1148.2872,0,0,0,0,0,0,0,0,0.0,-22.06,4.0500284194946286,0.30000000000000004,0.30000000000000004,0.4,0.0,0.0,-0.17,0
15.0,1841.1154000000001,0,0,0,0,0,0,0,0,0.13333333333333333,-1.9866666666666668,9.9971284866333,0.4,0.2,0.4666666666666667,1490.0,1490.0,-1.04,1
20.0,2087.0809,0,0,0,0,0,0,0,0,0.1,-16.615,9.750021171569824,0.05,0.55,0.30000000000000004,5500.0,5500.0,-1.275,0
8.0,1039.1101,0,0,0,0,0,0,0,0,0.0,46.2875,11.69902935028076,0.125,0.125,0.125,0.0,0.0,-3.1,0
10.0,1425.6526999999999,0,0,0,0,0,0,0,0,0.0,193.18,11.999967765808105,0.0,0.1,0.2,0.0,0.0,-3.15,1
11.0,1242.4232,0,0,0,0,0,0,0,0,0.09090909090909091,26.6,5.83636417388916,0.18181818181818182,0.36363636363636365,0.4545454545454546,5500.0,5500.0,0.5818181818181819,0
16.0,2104.527,0,0,0,0,0,0,0,0,0.125,39.24375,11.07529773712158,0.25,0.125,0.3125,5500.0,5500.0,-1.39375,1
15.0,2005.3960000000002,0,0,0,0,0,0,0,0,0.13333333333333333,79.38,11.07529773712158,0.26666666666666666,0.13333333333333333,0.26666666666666666,5500.0,5500.0,-1.7666666666666666,1
15.0,1989.3304000000003,0,0,0,0,0,0,0,0,0.13333333333333333,108.67333333333332,11.744350624084472,0.26666666666666666,0.2,0.26666666666666666,5500.0,5500.0,-1.9866666666666668,1
17.0,2057.3497,0,0,0,0,0,0,0,0,0.05882352941176471,49.735294117647065,6.303410148620606,0.5294117647058824,0.17647058823529413,0.35294117647058826,1490.0,1490.0,-0.8823529411764706,0
21.0,2605.9019,0,0,0,0,0,0,0,0,0.09523809523809523,58.438095238095244,4.9557008743286115,0.3333333333333333,0.1904761904761905,0.2857142857142857,5500.0,5500.0,-0.8238095238095239,0
15.0,1995.2405000000003,0,0,0,0,0,0,0,0,0.2,29.433333333333337,8.588945579528808,0.26666666666666666,0.06666666666666667,0.5333333333333333,12490.0,12490.0,-1.0799999999999998,1
13.0,1656.0341999999998,0,0,0,0,0,0,0,0,0.07692307692307693,38.861538461538466,11.999967765808105,0.23076923076923078,0.0,0.5384615384615385,0.0,0.0,0.14615384615384613,0
22.0,2623.075,0,0,0,0,0,0,0,0,0.045454545454545456,83.56818181818183,11.999967765808105,0.3181818181818182,0.22727272727272727,0.2727272727272727,5500.0,5500.0,-1.0727272727272728,1
13.0,1591.9437999999998,0,0,0,0,0,0,0,0,0.07692307692307693,35.01538461538461,11.999967765808105,0.07692307692307693,0.07692307692307693,0.6153846153846154,0.0,0.0,0.6846153846153846,1
22.0,2567.9932,0,0,0,0,0,0,0,0,0.045454545454545456,59.73636363636364,11.999967765808105,0.3181818181818182,0.22727272727272727,0.3181818181818182,5500.0,5500.0,-0.9,1
16.0,2228.689,0,0,0,0,0,0,0,0,0.1875,137.25,11.999967765808105,0.3125,0.0625,0.375,11000.0,11000.0,-1.6125,1
16.0,2246.7274,0,0,0,0,0,0,0,0,0.1875,112.16250000000001,11.999967765808105,0.3125,0.0625,0.3125,11000.0,11000.0,-1.73125,1
16.0,2340.7426,0,0,0,0,0,0,0,0,0.1875,180.6625,11.999967765808105,0.0625,0.0625,0.375,11000.0,11000.0,-1.7625,1
4.0,674.75,0,0,0,0,0,0,0,0,0.5,150.7,9.750021171569824,0.0,0.0,0.5,11000.0,11000.0,-2.45,1
5.0,830.9357,0,0,0,0,0,0,0,0,0.4,122.56,11.999967765808105,0.0,0.0,0.4,11000.0,11000.0,-2.8600000000000003,1
12.0,2012.3405,0,0,0,0,0,0,0,0,0.33333333333333337,343.29999999999995,11.999967765808105,0.0,0.0,0.33333333333333337,22000.0,22000.0,-3.3000000000000003,1
9.0,1293.6092,0,0,0,0,0,0,0,0,0.2222222222222222,136.17777777777778,10.332815361022949,0.33333333333333337,0.0,0.2222222222222222,11000.0,11125.0,-1.9444444444444444,1
6.0,1045.2021000000002,0,0,0,0,0,0,0,0,0.5,294.73333333333335,11.999967765808105,0.0,0.0,0.5,16500.0,16500.0,-2.6999999999999997,1
8.0,1387.5977,0,0,0,0,0,0,0,0,0.5,295.15,11.999967765808105,0.0,0.0,0.5,22000.0,22000.0,-2.7,1
10.0,1729.9932999999999,0,0,0,0,0,0,0,0,0.5,295.4,11.999967765808105,0.0,0.0,0.5,27500.0,27500.0,-2.7,1
21.0,3570.1436,0,0,0,0,0,0,0,0,0.4761904761904762,297.80952380952374,11.999967765808105,0.047619047619047616,0.0,0.4761904761904762,55000.0,55000.0,-2.757142857142857,1
12.0,2072.3889000000004,0,0,0,0,0,0,0,0,0.5,295.56666666666666,11.999967765808105,0.0,0.0,0.5,33000.0,33000.0,-2.6999999999999997,1
21.0,3234.4148999999998,0,0,0,0,0,0,0,0,0.28571428571428575,297.3714285714286,4.850662422180174,0.42857142857142855,0.0,0.28571428571428575,33000.0,33000.0,-3.0428571428571427,1
19.0,2272.4701,0,0,0,0,0,0,0,0,0.052631578947368425,109.91052631578947,4.325129127502442,0.3684210526315789,0.15789473684210528,0.3157894736842105,1490.0,1490.0,-0.7578947368421053,0
37.0,4244.7330999999995,0,0,0,0,0,0,0,0,0.08108108108108107,7.0,8.592878150939942,0.24324324324324323,0.37837837837837834,0.2702702702702703,6990.0,6990.0,-0.7054054054054054,0
14.0,1705.0121,0,0,0,0,0,0,0,0,0.14285714285714288,24.671428571428578,10.278081703186032,0.3571428571428572,0.2142857142857143,0.3571428571428572,1490.0,1490.0,-0.7428571428571429,1
11.0,1442.6369,0,0,0,0,0,0,0,0,0.0,200.32727272727274,11.999967765808105,0.09090909090909091,0.2727272727272727,0.0,0.0,0.0,-3.309090909090909,1
13.0,1361.4779999999998,0,0,0,0,0,0,0,0,0.0,63.938461538461546,5.376025199890138,0.46153846153846156,0.23076923076923075,0.23076923076923078,0.0,0.0,-0.23846153846153847,1
15.0,1648.8114999999998,0,0,0,0,0,0,0,0,0.0,57.773333333333326,4.129716682434082,0.5333333333333333,0.3333333333333333,0.3333333333333333,0.0,0.0,0.013333333333333272,0
19.0,2181.6376,0,0,0,0,0,0,0,0,0.052631578947368425,56.60000000000001,4.676507759094237,0.5263157894736842,0.2105263157894737,0.3684210526315789,0.0,125.0,0.6789473684210525,0
27.0,2869.2124999999996,0,0,0,0,0,0,0,0,0.037037037037037035,56.26296296296296,5.86364688873291,0.2962962962962963,0.4074074074074074,0.25925925925925924,0.0,0.0,-0.4481481481481482,0
16.0,1954.1905000000002,0,0,0,0,0,0,0,0,0.0,120.7875,11.999967765808105,0.25,0.1875,0.0,0.0,0.0,-2.18125,1
14.0,1449.7315999999998,0,0,0,0,0,0,0,0,0.14285714285714288,4.850000000000002,5.23978214263916,0.28571428571428575,0.28571428571428575,0.5714285714285715,1490.0,1490.0,1.8928571428571428,0
12.0,1389.6236,0,0,0,0,0,0,0,0,0.16666666666666669,28.758333333333333,11.000192070007323,0.33333333333333337,0.25,0.33333333333333337,11000.0,11000.0,-0.3333333333333333,1
26.0,2529.7362999999996,0,0,0,0,0,0,0,0,0.038461538461538464,26.346153846153843,4.6489408493042,0.19230769230769232,0.46153846153846156,0.2692307692307692,0.0,0.0,-0.0038461538461538494,0
24.0,2609.882,0,0,0,0,0,0,0,0,0.125,8.279583333333333,4.534751319885253,0.33333333333333337,0.25,0.45833333333333337,2980.0,2980.0,0.28750000000000003,0
15.0,1807.1386000000002,0,0,0,0,0,0,0,0,0.13333333333333333,40.519999999999996,4.0500284194946286,0.4666666666666667,0.2,0.3333333333333333,6990.0,6990.0,0.49999999999999994,1
8.0,875.8770999999999,0,0,0,0,0,0,0,0,0.0,23.400000000000002,4.0500284194946286,0.25,0.375,0.25,0.0,0.0,-0.5375,0
15.0,1722.8934,0,0,0,0,0,0,0,0,0.06666666666666667,73.53333333333333,4.676564598083496,0.26666666666666666,0.26666666666666666,0.4,0.0,0.0,-0.06666666666666668,0
35.0,4104.8239,0,0,0,0,0,0,0,0,0.05714285714285714,61.451428571428565,10.381682395935059,0.34285714285714286,0.17142857142857143,0.34285714285714286,1490.0,1490.0,-0.8085714285714286,1
8.0,978.1427000000001,0,0,0,0,0,0,0,0,0.25,13.975000000000005,5.713932991027832,0.25,0.125,0.375,1490.0,1615.0,0.3125,0
11.0,1333.5289,0,0,0,0,0,0,0,0,0.18181818181818182,57.91818181818182,4.368724632263183,0.36363636363636365,0.2727272727272727,0.36363636363636365,2980.0,3105.0,-0.30000000000000004,0
13.0,1626.7642999999998,0,0,0,0,0,0,0,0,0.15384615384615385,52.815384615384616,4.529237937927246,0.3076923076923077,0.23076923076923078,0.46153846153846156,2980.0,2980.0,-0.7230769230769231,0
15.0,1728.9908,0,0,0,0,0,0,0,0,0.0,103.95333333333333,11.000127601623536,0.4666666666666667,0.13333333333333333,0.26666666666666666,0.0,0.0,-0.9266666666666666,0
12.0,1335.4669,0,0,0,0,0,0,0,0,0.16666666666666669,2.8833333333333333,9.48827953338623,0.33333333333333337,0.16666666666666669,0.33333333333333337,0.0,0.0,0.10833333333333328,1
6.0,771.9661,0,0,0,0,0,0,0,0,0.33333333333333337,37.61666666666667,8.465101814270021,0.33333333333333337,0.16666666666666669,0.5,0.0,0.0,1.2166666666666666,0
11.0,1149.1231,0,0,0,0,0,0,0,0,0.0,48.51818181818182,4.0500284194946286,0.36363636363636365,0.4545454545454546,0.09090909090909091,0.0,0.0,-1.1272727272727272,1
27.0,2897.2691999999997,0,0,0,0,0,0,0,0,0.037037037037037035,55.218518518518515,9.984234809875488,0.2962962962962963,0.4444444444444444,0.25925925925925924,0.0,0.0,-0.6111111111111112,0
18.0,2043.1559000000002,0,0,0,0,0,0,0,0,0.1111111111111111,17.983333333333334,6.48285083770752,0.1111111111111111,0.4444444444444444,0.3333333333333333,11000.0,11000.0,-1.2055555555555555,1
26.0,2642.9105,0,0,0,0,0,0,0,0,0.038461538461538464,19.74615384615385,4.0500284194946286,0.4230769230769231,0.3076923076923077,0.34615384615384615,0.0,0.0,0.55,0
22.0,2363.7296,0,0,0,0,0,0,0,0,0.045454545454545456,49.03636363636363,5.218410682678221,0.3181818181818182,0.36363636363636365,0.4545454545454546,5500.0,5500.0,0.4772727272727272,0
13.0,1577.7337,0,0,0,0,0,0,0,0,0.07692307692307693,136.80769230769232,4.492917823791504,0.5384615384615385,0.15384615384615385,0.3076923076923077,0.0,0.0,-0.9384615384615386,0
28.0,3001.3966,0,0,0,0,0,0,0,0,0.10714285714285715,4.732142857142858,9.696963691711428,0.4285714285714286,0.25,0.32142857142857145,6990.0,6990.0,-0.09285714285714289,0
37.0,3973.6047,0,0,0,0,0,0,0,0,0.027027027027027025,52.65675675675675,11.999967765808105,0.32432432432432434,0.2972972972972973,0.1891891891891892,0.0,0.0,-1.0513513513513513,1
38.0,4076.7475999999997,0,0,0,0,0,0,0,0,0.026315789473684213,51.534210526315775,11.999967765808105,0.3157894736842105,0.2894736842105263,0.1842105263157895,0.0,0.0,-0.9578947368421052,1
19.0,2227.5371,0,0,0,0,0,0,0,0,0.15789473684210528,63.82105263157895,7.919570350646973,0.15789473684210528,0.2105263157894737,0.5263157894736843,6990.0,6990.0,-0.3684210526315789,0
15.0,1568.7051999999999,0,0,0,0,0,0,0,0,0.13333333333333333,26.686666666666667,4.0500284194946286,0.3333333333333333,0.3333333333333333,0.3333333333333333,6990.0,6990.0,0.01333333333333333,0
12.0,1463.6341,0,0,0,0,0,0,0,0,0.25,23.808333333333334,6.45607967376709,0.25,0.16666666666666669,0.5833333333333334,6990.0,6990.0,-0.041666666666666734,1
23.0,2896.1333999999997,0,0,0,0,0,0,0,0,0.17391304347826086,25.747826086956522,4.862371253967285,0.2608695652173913,0.2608695652173913,0.21739130434782608,8480.0,8480.0,-1.391304347826087,0
12.0,1515.7584,0,0,0,0,0,0,0,0,0.16666666666666669,98.42500000000001,9.48827953338623,0.25,0.4166666666666667,0.4166666666666667,11000.0,11000.0,-0.6000000000000001,1
16.0,1808.9231,0,0,0,0,0,0,0,0,0.0625,83.30624999999999,5.473276710510253,0.25,0.25,0.25,0.0,0.0,-1.225,0
16.0,1766.9905,0,0,0,0,0,0,0,0,0.0625,62.337500000000006,5.298383140563964,0.3125,0.3125,0.375,5500.0,5500.0,0.12499999999999997,0
27.0,2910.3255999999997,0,0,0,0,0,0,0,0,0.0,15.314814814814817,4.534751319885253,0.18518518518518517,0.3333333333333333,0.40740740740740744,0.0,0.0,0.5370370370370371,0
29.0,3418.8138,0,0,0,0,0,0,0,0,0.20689655172413796,31.241379310344833,9.984234809875488,0.24137931034482757,0.24137931034482757,0.41379310344827586,5500.0,5500.0,-0.2896551724137931,0
10.0,1116.2701,0,0,0,0,0,0,0,0,0.0,40.57,6.657460212707521,0.0,0.4,0.4,0.0,0.0,0.45999999999999996,0
7.0,744.9426,0,0,0,0,0,0,0,0,0.0,49.6,8.465101814270021,0.4285714285714286,0.28571428571428575,0.28571428571428575,0.0,0.0,0.8714285714285713,0
15.0,1519.5702,0,0,0,0,0,0,0,0,0.0,30.4,4.55617961883545,0.26666666666666666,0.5333333333333333,0.13333333333333333,0.0,0.0,-1.06,0
8.0,946.1890000000001,0,0,0,0,0,0,0,0,0.0,-1.8625000000000003,10.602164268493652,0.625,0.125,0.25,0.0,0.0,-2.1,0
60.0,7662.722,0,0,0,0,0,0,0,0,0.11666666666666667,53.34,11.387518119812015,0.2833333333333333,0.15,0.35000000000000003,9970.0,9970.0,-1.4333333333333333,1
7.0,869.0183999999999,0,0,0,0,0,0,0,0,0.28571428571428575,25.314285714285717,8.462780952453613,0.4285714285714286,0.14285714285714288,0.5714285714285715,1490.0,1490.0,0.7999999999999999,0
31.0,3129.3804,0,0,0,0,0,0,0,0,0.03225806451612903,51.25806451612904,4.0500284194946286,0.6129032258064515,0.22580645161290322,0.29032258064516125,0.0,0.0,0.3903225806451613,0
29.0,3476.9327000000003,0,0,0,0,0,0,0,0,0.1724137931034483,21.127586206896563,5.493568229675293,0.24137931034482757,0.24137931034482757,0.48275862068965514,12490.0,12490.0,-0.12758620689655173,0
19.0,2486.9979,0,0,0,0,0,0,0,0,0.21052631578947367,57.0,11.711342811584473,0.5263157894736843,0.10526315789473685,0.5789473684210527,16500.0,16500.0,0.31578947368421045,1
12.0,1378.6354999999999,0,0,0,0,0,0,0,0,0.25,140.0,5.240009498596191,0.25,0.5,0.41666666666666674,5500.0,5500.0,0.6166666666666666,1
8.0,862.9942000000001,0,0,0,0,0,0,0,0,0.0,48.25,7.964827156066894,0.375,0.375,0.25,0.0,0.0,0.2875,0
38.0,4355.8073,0,0,0,0,0,0,0,0,0.07894736842105264,30.16842105263158,4.119940376281736,0.3157894736842105,0.34210526315789475,0.368421052631579,6990.0,6990.0,-0.2973684210526316,0
34.0,4115.5597,0,0,0,0,0,0,0,0,0.11764705882352942,37.141176470588235,4.780068397521972,0.2647058823529412,0.2647058823529412,0.411764705882353,8480.0,8480.0,-0.5441176470588235,0
15.0,1692.9483,0,0,0,0,0,0,0,0,0.13333333333333333,9.333333333333332,4.368781471252441,0.4,0.26666666666666666,0.5333333333333333,5500.0,5500.0,0.9600000000000001,0
20.0,2608.1842,0,0,0,0,0,0,0,0,0.2,66.49000000000001,11.999967765808105,0.5499999999999999,0.05,0.55,22000.0,22000.0,0.285,1
20.0,2651.2089,0,0,0,0,0,0,0,0,0.2,72.66000000000001,11.999967765808105,0.5,0.1,0.55,22000.0,22000.0,0.01999999999999994,1
20.0,2667.2117,0,0,0,0,0,0,0,0,0.2,88.46000000000001,11.999967765808105,0.45,0.1,0.5,22000.0,22000.0,-0.26000000000000006,1
20.0,2697.2359,0,0,0,0,0,0,0,0,0.25,90.67,11.999967765808105,0.45,0.1,0.55,27500.0,27500.0,-0.08000000000000004,1
20.0,2740.264,0,0,0,0,0,0,0,0,0.25,90.67,11.999967765808105,0.4,0.1,0.5,27500.0,27500.0,-0.495,1
24.0,2511.0076,0,0,0,0,0,0,0,0,0.08333333333333334,18.012500000000003,5.237679100036621,0.375,0.2916666666666667,0.5,2980.0,2980.0,1.3416666666666666,0
12.0,1430.5928999999999,0,0,0,0,0,0,0,0,0.0,39.54166666666667,11.999967765808105,0.25,0.4166666666666667,0.16666666666666669,0.0,0.0,-1.7083333333333333,1
24.0,2915.3352,0,0,0,0,0,0,0,0,0.16666666666666669,70.51666666666668,8.037740898132324,0.25,0.25,0.375,11000.0,11000.0,-0.26250000000000007,0
18.0,2089.4113,0,0,0,0,0,0,0,0,0.1111111111111111,3.127777777777778,5.430704307556151,0.2777777777777778,0.2777777777777778,0.3888888888888889,1490.0,1490.0,-0.20000000000000004,1
31.0,3436.8098,0,0,0,0,0,0,0,0,0.03225806451612903,45.33870967741936,9.817261695861816,0.29032258064516125,0.3225806451612903,0.25806451612903225,1490.0,1490.0,-1.2516129032258063,0
28.0,3265.768,0,0,0,0,0,0,0,0,0.14285714285714285,12.274999999999999,10.284399604797361,0.32142857142857145,0.25,0.32142857142857145,1490.0,1490.0,-0.43928571428571433,0
9.0,1027.1174,0,0,0,0,0,0,0,0,0.1111111111111111,59.211111111111116,7.991903877258301,0.1111111111111111,0.4444444444444444,0.1111111111111111,5500.0,5500.0,-1.1777777777777778,0
12.0,1305.3897,0,0,0,0,0,0,0,0,0.08333333333333334,20.416666666666668,4.0500284194946286,0.16666666666666669,0.5833333333333334,0.41666666666666674,5500.0,5500.0,-0.1333333333333334,1
27.0,3113.6079,0,0,0,0,0,0,0,0,0.0,70.87407407407407,5.199255943298339,0.5185185185185186,0.2222222222222222,0.2962962962962963,0.0,0.0,-0.43703703703703706,0
18.0,1786.8527,0,0,0,0,0,0,0,0,0.05555555555555555,50.62777777777779,6.4564207077026365,0.0,0.6111111111111112,0.2777777777777778,0.0,0.0,-0.6222222222222222,1
23.0,2600.8064,0,0,0,0,0,0,0,0,0.0,140.92173913043476,4.364518547058106,0.4782608695652174,0.2608695652173913,0.17391304347826086,0.0,0.0,-1.3608695652173914,0
12.0,1374.6917999999998,0,0,0,0,0,0,0,0,0.0,59.03333333333334,8.465101814270021,0.4166666666666667,0.4166666666666667,0.16666666666666669,0.0,0.0,-0.6416666666666667,1
18.0,1996.2269999999999,0,0,0,0,0,0,0,0,0.05555555555555555,74.39444444444445,9.992357826232912,0.16666666666666666,0.3888888888888889,0.3888888888888889,1490.0,1490.0,-0.9444444444444444,1
8.0,922.9782,0,0,0,0,0,0,0,0,0.125,53.06249999999999,5.552567100524903,0.125,0.625,0.25,1490.0,1490.0,-1.3625,0
21.0,2178.4517,0,0,0,0,0,0,0,0,0.0,46.85238095238095,11.698964881896973,0.3333333333333333,0.33333333333333337,0.19047619047619047,0.0,0.0,-0.31428571428571433,0
16.0,2016.4352,0,0,0,0,0,0,0,0,0.125,35.3625,11.388291740417483,0.375,0.125,0.3125,5500.0,5500.0,-1.13125,1
23.0,2865.3113,0,0,0,0,0,0,0,0,0.13043478260869565,26.647826086956524,5.190104866027831,0.21739130434782608,0.13043478260869565,0.43478260869565216,11000.0,11000.0,-0.05217391304347828,0
20.0,2006.2365,0,0,0,0,0,0,0,0,0.05,59.5,4.0500284194946286,0.2,0.45,0.35000000000000003,0.0,0.0,0.545,0
16.0,1954.1905000000002,0,0,0,0,0,0,0,0,0.0,115.48124999999999,11.999967765808105,0.25,0.1875,0.0,0.0,0.0,-2.18125,1
29.0,3296.7508,0,0,0,0,0,0,0,0,0.06896551724137931,30.49310344827587,8.155524635314944,0.3793103448275862,0.24137931034482757,0.3448275862068966,2980.0,2980.0,-0.44482758620689655,0
29.0,3294.6241,0,0,0,0,0,0,0,0,0.10344827586206896,26.679310344827584,8.155395698547363,0.27586206896551724,0.3793103448275862,0.3448275862068966,6990.0,6990.0,-1.0241379310344827,0
15.0,1675.8784,0,0,0,0,0,0,0,0,0.0,42.193333333333335,5.86364688873291,0.4,0.33333333333333337,0.33333333333333337,0.0,0.0,-0.1866666666666667,0
16.0,1973.2368999999999,0,0,0,0,0,0,0,0,0.0,151.28125,11.999967765808105,0.25,0.1875,0.0,0.0,0.0,-2.2625,1
19.0,2395.7804,0,0,0,0,0,0,0,0,0.0,179.33157894736843,11.999967765808105,0.31578947368421056,0.2631578947368421,0.0,0.0,0.0,-3.0368421052631582,1
14.0,1592.7683,0,0,0,0,0,0,0,0,0.0,176.0142857142857,11.999967765808105,0.14285714285714288,0.4285714285714286,0.07142857142857144,0.0,0.0,-1.7785714285714287,1
16.0,1973.2368999999999,0,0,0,0,0,0,0,0,0.0,196.0875,11.999967765808105,0.25,0.1875,0.0,0.0,0.0,-2.2625,1
16.0,2007.2332999999999,0,0,0,0,0,0,0,0,0.0,168.625,11.999967765808105,0.25,0.1875,0.0,0.0,0.0,-2.61875,1
16.0,1954.1905000000002,0,0,0,0,0,0,0,0,0.0,141.1625,11.999967765808105,0.25,0.1875,0.0,0.0,0.0,-2.18125,0
16.0,2023.2989000000002,0,0,0,0,0,0,0,0,0.0,141.1625,11.999967765808105,0.25,0.125,0.0,0.0,0.0,-2.4125,1
16.0,1982.2039,0,0,0,0,0,0,0,0,0.0,168.625,11.999967765808105,0.1875,0.1875,0.0,0.0,0.0,-2.21875,1
16.0,1982.2039,0,0,0,0,0,0,0,0,0.0,148.25,11.999967765808105,0.1875,0.1875,0.0,0.0,0.0,-2.21875,1
16.0,1954.1905000000002,0,0,0,0,0,0,0,0,0.0,120.7875,11.999967765808105,0.25,0.1875,0.0,0.0,0.0,-2.18125,1
16.0,2023.2989000000002,0,0,0,0,0,0,0,0,0.0,129.125,11.999967765808105,0.25,0.125,0.0,0.0,0.0,-2.4125,1
16.0,1954.1905000000002,0,0,0,0,0,0,0,0,0.0,139.24375,11.999967765808105,0.25,0.1875,0.0,0.0,0.0,-2.18125,1
12.0,1587.8561,0,0,0,0,0,0,0,0,0.0,146.50000000000003,11.999967765808105,0.16666666666666669,0.25,0.08333333333333334,0.0,0.0,-2.3833333333333333,1
10.0,1510.7639,0,0,0,0,0,0,0,0,0.0,486.4999999999999,11.999967765808105,0.0,0.1,0.0,0.0,0.0,-4.13,1
10.0,1380.6865,0,0,0,0,0,0,0,0,0.2,142.82,10.332170677185058,0.3,0.1,0.2,11000.0,11125.0,-1.83,1
10.0,1364.6209000000001,0,0,0,0,0,0,0,0,0.2,142.82,11.105340003967282,0.3,0.2,0.2,11000.0,11000.0,-2.16,0
10.0,1364.6209000000001,0,0,0,0,0,0,0,0,0.2,175.42,11.105340003967282,0.3,0.2,0.2,11000.0,11000.0,-2.16,0
10.0,1348.5553,0,0,0,0,0,0,0,0,0.2,162.07999999999998,11.999967765808105,0.3,0.3,0.2,11000.0,11000.0,-2.4899999999999998,0
29.0,2908.2735999999995,0,0,0,0,0,0,0,0,0.0,44.13103448275862,9.164390373229981,0.3448275862068966,0.41379310344827586,0.27586206896551724,0.0,0.0,0.14137931034482754,0
26.0,2346.4644,0,0,0,0,0,0,0,0,0.0,29.876923076923088,5.679488563537597,0.34615384615384615,0.6153846153846154,0.11538461538461538,0.0,0.0,-0.2384615384615385,0
34.0,3432.9138000000003,0,0,0,0,0,0,0,0,0.0,69.35,4.406408882141113,0.35294117647058826,0.3235294117647059,0.3823529411764706,0.0,0.0,0.4852941176470588,0
18.0,2077.2063,0,0,0,0,0,0,0,0,0.3333333333333333,16.044444444444448,4.0500284194946286,0.16666666666666666,0.4444444444444445,0.4444444444444444,2980.0,2980.0,0.2055555555555555,1
25.0,2975.2268999999997,0,0,0,0,0,0,0,0,0.16,25.244000000000003,5.373978996276856,0.32,0.24,0.32,6990.0,7115.0,-0.972,0
10.0,1090.2081,0,0,0,0,0,0,0,0,0.0,22.120000000000005,4.745510292053221,0.2,0.5,0.2,0.0,0.0,-0.45,0
19.0,2070.153,0,0,0,0,0,0,0,0,0.10526315789473685,48.405263157894744,4.0500284194946286,0.15789473684210528,0.5789473684210527,0.15789473684210528,0.0,0.0,-0.9526315789473685,0
29.0,3051.3446999999996,0,0,0,0,0,0,0,0,0.0,51.64137931034484,5.961409950256347,0.3448275862068966,0.4482758620689655,0.24137931034482757,0.0,0.0,-0.34827586206896555,0
12.0,1414.6014,0,0,0,0,0,0,0,0,0.33333333333333337,81.25000000000001,5.240009498596191,0.08333333333333334,0.5,0.5,5500.0,5500.0,0.7833333333333332,1
22.0,2507.8979999999997,0,0,0,0,0,0,0,0,0.09090909090909091,28.522727272727273,4.529237937927246,0.45454545454545453,0.18181818181818182,0.5,1490.0,1490.0,0.25454545454545446,0
17.0,1699.8104,0,0,0,0,0,0,0,0,0.0,107.89411764705882,4.0500284194946286,0.29411764705882354,0.4705882352941177,0.29411764705882354,0.0,0.0,-0.047058823529411785,1
8.0,957.0857000000001,0,0,0,0,0,0,0,0,0.0,119.075,9.314859580993652,0.25,0.25,0.375,0.0,0.0,-0.95,0
18.0,2123.348,0,0,0,0,0,0,0,0,0.1111111111111111,36.205555555555556,8.355570030212405,0.1111111111111111,0.22222222222222224,0.5,2980.0,2980.0,-0.37222222222222223,1
5.0,562.6171,0,0,0,0,0,0,0,0,0.0,46.52,9.46507091522217,0.2,0.4,0.4,0.0,0.0,-0.6,0
13.0,1421.5828999999999,0,0,0,0,0,0,0,0,0.0,12.484615384615388,10.859844398498534,0.23076923076923078,0.3076923076923077,0.23076923076923078,0.0,0.0,-1.169230769230769,0
21.0,2341.4959,0,0,0,0,0,0,0,0,0.047619047619047616,83.4,6.4694936752319325,0.1904761904761905,0.380952380952381,0.23809523809523808,0.0,0.0,-1.0095238095238095,0
13.0,1428.779,0,0,0,0,0,0,0,0,0.0,-11.846153846153847,8.310893440246584,0.46153846153846156,0.15384615384615385,0.46153846153846156,0.0,0.0,0.8076923076923077,0
31.0,3501.8745,0,0,0,0,0,0,0,0,0.0967741935483871,30.974516129032256,4.593522834777832,0.25806451612903225,0.3870967741935484,0.3225806451612903,1490.0,1490.0,-0.42903225806451617,0
24.0,2569.1331,0,0,0,0,0,0,0,0,0.04166666666666667,27.64166666666667,6.4564207077026365,0.41666666666666663,0.20833333333333337,0.5416666666666666,0.0,0.0,1.575,0
12.0,1347.5603999999998,0,0,0,0,0,0,0,0,0.08333333333333334,44.79166666666667,6.4564207077026365,0.33333333333333337,0.33333333333333337,0.4166666666666667,5500.0,5500.0,0.4166666666666666,1
19.0,2211.5726,0,0,0,0,0,0,0,0,0.052631578947368425,72.0578947368421,11.999967765808105,0.368421052631579,0.2631578947368421,0.2631578947368421,5500.0,5500.0,-0.9894736842105264,1
12.0,1455.6136999999999,0,0,0,0,0,0,0,0,0.25,111.26666666666668,6.45607967376709,0.08333333333333334,0.5,0.41666666666666674,12490.0,12490.0,-0.4583333333333334,1
12.0,1538.6196,0,0,0,0,0,0,0,0,0.25,46.07500000000001,5.9319673538208,0.08333333333333334,0.33333333333333337,0.4166666666666667,16500.0,16500.0,-1.0916666666666666,1
29.0,3177.6611000000003,0,0,0,0,0,0,0,0,0.10344827586206896,51.882758620689664,9.516839027404785,0.27586206896551724,0.27586206896551724,0.3103448275862069,2980.0,2980.0,-0.2241379310344828,0
21.0,2698.0021,0,0,0,0,0,0,0,0,0.2380952380952381,121.44809523809523,9.979850959777831,0.19047619047619047,0.1904761904761905,0.4285714285714286,4470.0,4470.0,-0.9952380952380951,1
22.0,2884.3444,0,0,0,0,0,0,0,0,0.2727272727272727,140.40954545454545,11.379717445373537,0.18181818181818182,0.09090909090909091,0.5,4470.0,4470.0,-0.5045454545454545,1
30.0,3414.8935,0,0,0,0,0,0,0,0,0.06666666666666667,19.863333333333333,4.781489372253417,0.4,0.23333333333333334,0.5,1490.0,1490.0,-0.03666666666666669,0
12.0,1363.5153,0,0,0,0,0,0,0,0,0.08333333333333334,41.26666666666667,8.462780952453613,0.08333333333333334,0.33333333333333337,0.5,1490.0,1490.0,-0.6583333333333333,1
21.0,2281.6902,0,0,0,0,0,0,0,0,0.14285714285714285,13.28095238095238,8.310119819641116,0.33333333333333337,0.33333333333333337,0.5238095238095238,1490.0,1490.0,0.8142857142857142,0
5.0,630.6461,0,0,0,0,0,0,0,0,0.4,15.7,5.23978214263916,0.0,0.4,0.6000000000000001,1490.0,1490.0,-0.7,0
5.0,597.6147,0,0,0,0,0,0,0,0,0.2,-8.98,4.0500284194946286,0.2,0.4,0.6000000000000001,1490.0,1490.0,-0.5,0
20.0,2243.5897,0,0,0,0,0,0,0,0,0.0,69.74000000000001,10.666632652282715,0.5,0.15000000000000002,0.25,0.0,0.0,-0.445,0
33.0,3953.5935,0,0,0,0,0,0,0,0,0.06060606060606061,47.24848484848484,10.11529903411865,0.5454545454545454,0.15151515151515152,0.36363636363636365,1490.0,1490.0,-1.121212121212121,0
7.0,769.8859,0,0,0,0,0,0,0,0,0.0,82.65714285714286,5.1849893569946275,0.28571428571428575,0.14285714285714288,0.4285714285714286,0.0,0.0,0.11428571428571425,0
18.0,2189.5242,0,0,0,0,0,0,0,0,0.05555555555555555,68.9,11.451599693298341,0.5,0.0,0.2777777777777778,1490.0,1490.0,-1.3611111111111112,1
20.0,2349.7183999999997,0,0,0,0,0,0,0,0,0.05,58.76500000000001,10.886663246154786,0.45,0.05,0.25,1490.0,1490.0,-1.1199999999999999,0
13.0,1380.6746999999998,0,0,0,0,0,0,0,0,0.07692307692307693,37.23076923076923,8.410110282897953,0.5384615384615385,0.3076923076923077,0.3076923076923077,0.0,0.0,0.5307692307692308,0
15.0,1755.0243,0,0,0,0,0,0,0,0,0.2,-5.746666666666667,10.000287437438963,0.33333333333333337,0.2,0.4,1490.0,1490.0,-0.5466666666666666,0
22.0,2485.7918,0,0,0,0,0,0,0,0,0.0,65.34545454545454,8.405146217346196,0.13636363636363635,0.2272727272727273,0.5,0.0,0.0,-0.4272727272727272,0
15.0,1733.9723,0,0,0,0,0,0,0,0,0.0,52.90666666666667,6.328646659851075,0.13333333333333333,0.2,0.2,0.0,250.0,-0.30666666666666675,0
24.0,2728.0447,0,0,0,0,0,0,0,0,0.08333333333333334,36.466666666666676,7.910029029846191,0.08333333333333334,0.3333333333333333,0.5416666666666666,0.0,0.0,-0.054166666666666675,0
8.0,1051.2183,0,0,0,0,0,0,0,0,0.25,50.94999999999999,7.898360252380372,0.25,0.0,0.625,6990.0,6990.0,-0.55,1
9.0,1138.2956000000001,0,0,0,0,0,0,0,0,0.2222222222222222,46.39999999999999,7.898360252380372,0.2222222222222222,0.1111111111111111,0.5555555555555556,6990.0,6990.0,-0.5777777777777778,1
32.0,3750.3198,0,0,0,0,0,0,0,0,0.0625,0.5562499999999981,6.45085048675537,0.5,0.21875,0.40625,1490.0,1490.0,-0.7000000000000001,0
6.0,730.8498,0,0,0,0,0,0,0,0,0.16666666666666669,188.5666666666667,4.0500284194946286,0.33333333333333337,0.0,0.5,0.0,0.0,0.3833333333333333,0
20.0,2091.1974999999998,0,0,0,0,0,0,0,0,0.0,49.160000000000004,5.927988624572753,0.45,0.3,0.1,0.0,0.0,-1.325,0
31.0,3608.0762000000004,0,0,0,0,0,0,0,0,0.06451612903225806,78.71290322580647,10.566900062561036,0.25806451612903225,0.1935483870967742,0.3548387096774194,1490.0,1490.0,-0.49354838709677423,0
15.0,2034.3908000000001,0,0,0,0,0,0,0,0,0.13333333333333333,61.879999999999995,11.722947120666507,0.26666666666666666,0.06666666666666667,0.3333333333333333,5500.0,5500.0,-1.5466666666666666,0
17.0,2285.6327,0,0,0,0,0,0,0,0,0.11764705882352942,55.77647058823529,11.722947120666507,0.23529411764705885,0.11764705882352942,0.29411764705882354,5500.0,5500.0,-1.7588235294117647,0
34.0,3566.4785,0,0,0,0,0,0,0,0,0.0,63.51764705882353,4.0500284194946286,0.2058823529411765,0.5588235294117647,0.29411764705882354,0.0,0.0,-1.197058823529412,0
24.0,2611.986,0,0,0,0,0,0,0,0,0.04166666666666667,8.50833333333333,6.421294212341309,0.4583333333333333,0.2916666666666667,0.4166666666666667,0.0,0.0,-0.041666666666666706,0
6.0,663.7655,0,0,0,0,0,0,0,0,0.16666666666666669,28.900000000000002,9.410143852233887,0.16666666666666669,0.16666666666666669,0.5,0.0,0.0,0.5833333333333334,0
12.0,1158.3035,0,0,0,0,0,0,0,0,0.08333333333333334,53.45,5.1849893569946275,0.16666666666666669,0.33333333333333337,0.41666666666666674,0.0,0.0,0.5166666666666667,1
17.0,1852.1132000000002,0,0,0,0,0,0,0,0,0.05882352941176471,50.20588235294118,4.5327051162719725,0.29411764705882354,0.35294117647058826,0.4705882352941177,0.0,0.0,0.5529411764705882,0
12.0,1463.5463,0,0,0,0,0,0,0,0,0.25,0.641666666666667,4.206506156921387,0.0,0.33333333333333337,0.5833333333333334,1490.0,1490.0,-0.375,0
27.0,2718.0388999999996,0,0,0,0,0,0,0,0,0.0,37.94814814814816,11.542113304138184,0.07407407407407407,0.37037037037037035,0.29629629629629634,0.0,125.0,-1.0,0
26.0,2819.2234,0,0,0,0,0,0,0,0,0.038461538461538464,75.57692307692308,9.003864097595216,0.07692307692307693,0.34615384615384615,0.4230769230769231,0.0,125.0,0.21538461538461537,0
20.0,2251.5173,0,0,0,0,0,0,0,0,0.05,42.805,5.598777198791503,0.5,0.30000000000000004,0.2,5500.0,5500.0,-1.21,0
26.0,2648.8819,0,0,0,0,0,0,0,0,0.11538461538461539,110.44615384615386,10.834314918518068,0.07692307692307693,0.5384615384615384,0.2692307692307693,1490.0,1490.0,-0.6346153846153846,0
15.0,1622.7379,0,0,0,0,0,0,0,0,0.06666666666666667,64.82666666666667,8.406951332092287,0.26666666666666666,0.3333333333333333,0.26666666666666666,0.0,0.0,-1.0333333333333334,0
19.0,2164.3356,0,0,0,0,0,0,0,0,0.052631578947368425,56.13684210526316,4.3156938552856445,0.26315789473684215,0.368421052631579,0.2105263157894737,5500.0,5500.0,-1.0842105263157895,0
25.0,2887.3087,0,0,0,0,0,0,0,0,0.12,18.7084,4.778761100769043,0.36,0.2,0.48,1490.0,1490.0,0.039999999999999994,0
8.0,832.9003,0,0,0,0,0,0,0,0,0.125,-4.212499999999999,6.40151424407959,0.25,0.25,0.5,0.0,0.0,0.32499999999999996,0
25.0,2995.4168,0,0,0,0,0,0,0,0,0.08,65.388,9.996096992492678,0.28,0.28,0.32,6990.0,6990.0,-1.048,0
26.0,2871.2218,0,0,0,0,0,0,0,0,0.038461538461538464,39.261538461538464,4.0500284194946286,0.23076923076923078,0.2692307692307692,0.4615384615384615,5500.0,5500.0,0.22307692307692306,0
31.0,3764.3066,0,0,0,0,0,0,0,0,0.06451612903225806,109.60322580645162,4.814114952087402,0.4193548387096774,0.12903225806451613,0.4193548387096774,2980.0,2980.0,-0.45483870967741935,0
11.0,1254.434,0,0,0,0,0,0,0,0,0.09090909090909091,12.936363636363637,6.433003044128417,0.4545454545454546,0.09090909090909091,0.4545454545454546,5500.0,5500.0,0.2818181818181818,0
32.0,3561.0924000000005,0,0,0,0,0,0,0,0,0.0625,68.25312499999998,8.132767295837404,0.28125,0.25,0.375,2980.0,2980.0,-0.16562500000000002,0
23.0,2528.8563,0,0,0,0,0,0,0,0,0.0,38.03478260869565,8.255192756652832,0.21739130434782608,0.21739130434782608,0.4782608695652174,0.0,0.0,-0.3043478260869565,0
25.0,2742.9885999999997,0,0,0,0,0,0,0,0,0.0,-15.648000000000003,4.622169685363769,0.48,0.16,0.32,0.0,0.0,-0.688,0
24.0,2947.293,0,0,0,0,0,0,0,0,0.16666666666666669,-4.104166666666668,4.5932954788208,0.41666666666666674,0.20833333333333331,0.5,6990.0,6990.0,-0.7208333333333333,0
22.0,2529.8013,0,0,0,0,0,0,0,0,0.0,76.7363636363636,5.833238029479981,0.09090909090909091,0.2727272727272727,0.5,0.0,0.0,-0.6681818181818181,0
13.0,1540.8063,0,0,0,0,0,0,0,0,0.0,78.36923076923077,9.98404140472412,0.15384615384615385,0.23076923076923078,0.46153846153846156,0.0,0.0,-0.723076923076923,0
22.0,2515.8145,0,0,0,0,0,0,0,0,0.0,68.94545454545454,5.885132026672363,0.18181818181818182,0.2272727272727273,0.5,0.0,0.0,-0.6409090909090909,0
22.0,2542.8862,0,0,0,0,0,0,0,0,0.0,80.16363636363634,9.976176261901855,0.13636363636363635,0.2272727272727273,0.5,0.0,0.0,-0.6863636363636364,0
22.0,2541.9445,0,0,0,0,0,0,0,0,0.0,58.795454545454525,11.000063133239745,0.13636363636363635,0.2272727272727273,0.5,0.0,0.0,-0.7045454545454546,1
22.0,2555.9710999999998,0,0,0,0,0,0,0,0,0.0,76.30454545454543,11.000063133239745,0.18181818181818182,0.18181818181818182,0.5,0.0,0.0,-0.7045454545454546,1
33.0,3568.0371999999998,0,0,0,0,0,0,0,0,0.030303030303030304,57.56666666666667,4.601025581359862,0.30303030303030304,0.30303030303030304,0.3939393939393939,0.0,0.0,0.08181818181818179,0
6.0,572.6945999999999,0,0,0,0,0,0,0,0,0.0,28.900000000000002,5.1849893569946275,0.16666666666666669,0.33333333333333337,0.6666666666666667,0.0,0.0,1.8833333333333335,0
33.0,4143.7618,0,0,0,0,0,0,0,0,0.18181818181818182,95.12121212121211,4.801837730407715,0.33333333333333337,0.24242424242424243,0.3939393939393939,16500.0,16500.0,-0.46666666666666673,0
19.0,2171.5353,0,0,0,0,0,0,0,0,0.0,99.73684210526315,4.5216783523559565,0.47368421052631576,0.15789473684210528,0.3157894736842105,0.0,0.0,-0.08947368421052634,0
12.0,1321.4818,0,0,0,0,0,0,0,0,0.0,74.45833333333333,8.440732765197758,0.25,0.41666666666666674,0.33333333333333337,0.0,0.0,-0.75,1
12.0,1261.5094,0,0,0,0,0,0,0,0,0.0,77.88333333333334,6.40151424407959,0.41666666666666674,0.25,0.5833333333333334,0.0,0.0,1.05,1
24.0,2516.5211999999997,1,0,0,0,0,1,0,0,0.0,-0.6333333333333346,4.0500284194946286,0.7916666666666666,0.08333333333333334,0.04166666666666667,0.0,0.0,-1.0708333333333333,1
24.0,2390.2817999999997,1,0,0,0,0,1,0,0,0.0,-20.229166666666668,4.0500284194946286,0.4166666666666667,0.4583333333333333,0.04166666666666667,0.0,0.0,-1.8958333333333333,1
15.0,1868.3448000000003,1,0,0,0,0,1,0,0,0.0,-7.013333333333335,11.53489284515381,0.6666666666666666,0.13333333333333333,0.06666666666666667,0.0,0.0,-3.033333333333333,1
15.0,2120.4654,1,0,0,0,0,1,0,0,0.0,312.36666666666656,11.999967765808105,0.06666666666666667,0.13333333333333333,0.06666666666666667,0.0,0.0,-3.393333333333333,1
11.0,1329.5832,0,0,0,0,0,0,0,0,0.18181818181818182,33.945454545454545,4.665765190124512,0.36363636363636365,0.18181818181818182,0.4545454545454546,0.0,0.0,0.43636363636363634,0
5.0,604.6571,0,0,0,0,0,0,0,0,0.0,65.82,11.000192070007323,0.2,0.4,0.2,0.0,0.0,-2.68,0
14.0,1469.7034999999998,0,0,0,0,0,0,0,0,0.0,77.65714285714286,5.210510063171386,0.2142857142857143,0.42857142857142855,0.28571428571428575,0.0,0.0,-0.4,0
8.0,1013.0544,0,0,0,0,0,0,0,0,0.25,-0.675,4.0500284194946286,0.375,0.25,0.5,1490.0,1490.0,-0.9375,0
15.0,1925.1221,0,0,0,0,0,0,0,0,0.33333333333333337,125.71333333333332,5.049428367614746,0.13333333333333333,0.2,0.5333333333333333,2980.0,2980.0,-0.4000000000000001,0
12.0,1419.5553,0,0,0,0,0,0,0,0,0.16666666666666669,13.933333333333334,5.498115348815917,0.16666666666666669,0.25,0.5,1490.0,1490.0,-1.0583333333333333,1
20.0,2153.3875,0,0,0,0,0,0,0,0,0.05,38.39,4.50729808807373,0.5,0.25,0.4,0.0,0.0,0.22499999999999995,0
12.0,1415.6162,0,0,0,0,0,0,0,0,0.08333333333333334,0.5250000000000007,5.882460594177245,0.33333333333333337,0.25,0.41666666666666674,5500.0,5500.0,-0.17500000000000002,0
11.0,1226.4689,0,0,0,0,0,0,0,0,0.0,48.518181818181816,11.263674354553224,0.45454545454545453,0.2727272727272727,0.2727272727272727,0.0,0.0,-1.4545454545454546,1
8.0,876.9562000000001,0,0,0,0,0,0,0,0,0.125,4.137499999999998,8.408240699768072,0.125,0.5,0.25,0.0,0.0,-1.525,0
22.0,3010.4631999999997,0,0,0,0,0,0,0,0,0.18181818181818182,84.35,11.567513847351076,0.2727272727272727,0.18181818181818182,0.36363636363636365,22000.0,22000.0,-2.059090909090909,1
9.0,1115.2143,0,0,0,0,0,0,0,0,0.0,57.02222222222223,4.12948932647705,0.4444444444444444,0.1111111111111111,0.3333333333333333,0.0,0.0,-0.8555555555555556,0
13.0,1501.734,0,0,0,0,0,0,0,0,0.0,37.23076923076923,11.165940284729004,0.6153846153846154,0.07692307692307693,0.07692307692307693,0.0,0.0,-2.1307692307692307,1
26.0,2913.3248999999996,0,0,0,0,0,0,0,0,0.038461538461538464,28.23846153846154,8.13366985321045,0.3076923076923077,0.2692307692307693,0.46153846153846156,0.0,0.0,-0.4269230769230769,0
27.0,3141.4071999999996,0,0,0,0,0,0,0,0,0.14814814814814814,28.69259259259259,8.082997703552245,0.3333333333333333,0.25925925925925924,0.2962962962962963,4470.0,4470.0,-1.0666666666666667,0
32.0,3753.1978,0,0,0,0,0,0,0,0,0.0625,63.57187499999999,4.593124961853028,0.25,0.28125,0.375,0.0,0.0,-0.45,0
11.0,1240.3627,0,0,0,0,0,0,0,0,0.09090909090909091,52.53636363636363,8.407853889465336,0.0,0.2727272727272727,0.6363636363636364,1490.0,1490.0,-0.00909090909090906,0
17.0,2437.739,0,0,0,0,0,0,0,0,0.05882352941176471,207.8,11.999967765808105,0.11764705882352942,0.05882352941176471,0.11764705882352942,5500.0,5500.0,-3.4588235294117644,1
19.0,2597.9332,0,0,0,0,0,0,0,0,0.052631578947368425,182.51052631578946,11.999967765808105,0.10526315789473685,0.10526315789473685,0.10526315789473685,5500.0,5500.0,-2.9842105263157896,1
16.0,2281.5533,0,0,0,0,0,0,0,0,0.0625,184.3625,11.999967765808105,0.125,0.0625,0.125,5500.0,5500.0,-3.39375,1
16.0,2110.3877,0,0,0,0,0,0,0,0,0.0,119.85,11.999967765808105,0.25,0.1875,0.1875,0.0,0.0,-2.73125,1
13.0,1783.0184,0,0,0,0,0,0,0,0,0.0,165.72307692307692,11.999967765808105,0.07692307692307693,0.07692307692307693,0.15384615384615385,0.0,0.0,-3.276923076923077,1
15.0,1943.2125999999998,0,0,0,0,0,0,0,0,0.0,139.29999999999998,11.999967765808105,0.06666666666666667,0.13333333333333333,0.13333333333333333,0.0,0.0,-2.7,0
12.0,1614.86,0,0,0,0,0,0,0,0,0.08333333333333334,205.03333333333333,11.999967765808105,0.16666666666666669,0.16666666666666669,0.16666666666666669,0.0,0.0,-2.75,1
16.0,1916.2201,0,0,0,0,0,0,0,0,0.0625,94.48125000000002,4.781603050231933,0.5,0.1875,0.375,1490.0,1490.0,-0.2,0
21.0,2434.8474,0,0,0,0,0,0,0,0,0.047619047619047616,84.19523809523808,11.999967765808105,0.2380952380952381,0.23809523809523808,0.33333333333333337,0.0,0.0,-0.6380952380952382,1
21.0,2473.8835,0,0,0,0,0,0,0,0,0.047619047619047616,78.6142857142857,11.999967765808105,0.2380952380952381,0.23809523809523808,0.33333333333333337,5500.0,5500.0,-0.8142857142857144,1
24.0,2691.129,0,0,0,0,0,0,0,0,0.04166666666666667,71.64166666666665,11.999967765808105,0.20833333333333334,0.2916666666666667,0.2916666666666667,5500.0,5500.0,-0.6416666666666667,1
15.0,1750.9697,0,0,0,0,0,0,0,0,0.06666666666666667,104.14,5.80987720489502,0.4,0.13333333333333333,0.26666666666666666,1490.0,1490.0,-0.84,0
12.0,1236.2915,0,0,0,0,0,0,0,0,0.0,124.26666666666668,6.406288719177247,0.16666666666666669,0.5,0.16666666666666669,0.0,0.0,-1.2833333333333334,1
26.0,2427.8183,0,0,0,0,0,0,0,0,0.0,-12.492307692307694,7.887142753601073,0.3846153846153846,0.3076923076923077,0.34615384615384615,0.0,0.0,0.9538461538461539,0
12.0,1321.4818,0,0,0,0,0,0,0,0,0.0,92.81666666666668,8.440732765197758,0.25,0.41666666666666674,0.33333333333333337,0.0,0.0,-0.75,1
28.0,3040.2340000000004,0,0,0,0,0,0,0,0,0.10714285714285715,22.892857142857135,5.83090763092041,0.2142857142857143,0.4642857142857143,0.28571428571428575,2980.0,2980.0,-1.0392857142857144,0
9.0,962.0559000000001,0,0,0,0,0,0,0,0,0.0,27.088888888888892,8.410110282897953,0.1111111111111111,0.3333333333333333,0.4444444444444445,0.0,0.0,-0.911111111111111,0
17.0,1764.1354000000001,0,0,0,0,0,0,0,0,0.11764705882352942,1.6882352941176466,5.1849893569946275,0.411764705882353,0.17647058823529413,0.6470588235294118,5500.0,5500.0,1.6470588235294117,0
15.0,1644.8890999999999,0,0,0,0,0,0,0,0,0.06666666666666667,18.013333333333335,6.410210609436036,0.26666666666666666,0.06666666666666667,0.4666666666666667,0.0,0.0,0.26666666666666666,0
6.0,667.7078,0,0,0,0,0,0,0,0,0.16666666666666669,-4.233333333333333,5.184875679016112,0.16666666666666669,0.16666666666666669,0.6666666666666667,1490.0,1490.0,-0.03333333333333329,0
13.0,1530.7963,0,0,0,0,0,0,0,0,0.07692307692307693,62.63846153846155,7.811263465881348,0.15384615384615385,0.15384615384615385,0.38461538461538464,5500.0,5625.0,0.03846153846153843,0
20.0,2426.7656,0,0,0,0,0,0,0,0,0.1,67.66,6.423226737976075,0.5,0.1,0.35000000000000003,2980.0,2980.0,-0.825,0
24.0,2326.64,0,0,0,0,0,0,0,0,0.0,63.775000000000006,4.0500284194946286,0.16666666666666669,0.5,0.4166666666666667,0.0,0.0,0.975,0
29.0,2903.2205000000004,0,0,0,0,0,0,0,0,0.034482758620689655,28.134482758620692,4.0500284194946286,0.3793103448275862,0.27586206896551724,0.41379310344827586,5500.0,5500.0,0.7551724137931034,0
19.0,2105.3513,0,0,0,0,0,0,0,0,0.052631578947368425,5.8,9.696641349792483,0.3157894736842105,0.31578947368421056,0.368421052631579,0.0,0.0,-0.8473684210526317,1
17.0,1923.1549,0,0,0,0,0,0,0,0,0.0,87.17647058823529,5.945153999328612,0.29411764705882354,0.11764705882352942,0.35294117647058826,0.0,0.0,-0.21764705882352942,0
25.0,2741.3196999999996,0,0,0,0,0,0,0,0,0.12,55.224000000000004,5.662038993835449,0.4,0.24,0.4,6990.0,6990.0,0.76,0
6.0,846.9715,0,0,0,0,0,0,0,0,0.33333333333333337,10.266666666666667,8.286588859558108,0.33333333333333337,0.0,0.6666666666666667,6990.0,6990.0,-1.0333333333333334,1
7.0,852.0276,0,0,0,0,0,0,0,0,0.28571428571428575,25.314285714285717,5.184875679016112,0.14285714285714288,0.14285714285714288,0.8571428571428572,1490.0,1490.0,1.6714285714285713,1
11.0,1287.618,0,0,0,0,0,0,0,0,0.0,38.72727272727273,10.461494255065915,0.7272727272727273,0.09090909090909091,0.18181818181818182,0.0,0.0,-0.9181818181818181,1
42.0,3929.5434999999998,0,0,0,0,0,0,0,0,0.023809523809523808,53.09285714285713,6.711116218566894,0.40476190476190477,0.38095238095238093,0.2619047619047619,0.0,0.0,0.7,0
10.0,1078.1792,0,0,0,0,0,0,0,0,0.0,57.980000000000004,5.550350379943848,0.5,0.2,0.2,0.0,0.0,-0.51,0
27.0,2892.2491999999997,0,0,0,0,0,0,0,0,0.07407407407407407,12.329629629629625,6.127152442932128,0.3333333333333333,0.25925925925925924,0.3333333333333333,6990.0,6990.0,-0.16296296296296295,0
30.0,3350.8644999999997,0,0,0,0,0,0,0,0,0.06666666666666667,23.163333333333334,6.179387474060058,0.3,0.16666666666666666,0.43333333333333335,5500.0,5500.0,0.21333333333333335,0
34.0,3534.9937,0,0,0,0,0,0,0,0,0.05882352941176471,43.0705882352941,8.46806735992432,0.44117647058823534,0.2058823529411765,0.2647058823529412,1490.0,1490.0,0.029411764705882353,0
15.0,1619.8894,0,0,0,0,0,0,0,0,0.06666666666666667,34.40666666666666,11.69902935028076,0.33333333333333337,0.2,0.3333333333333333,0.0,0.0,0.2533333333333333,0
33.0,3645.6474,0,0,0,0,0,0,0,0,0.09090909090909091,55.10909090909091,4.0500284194946286,0.24242424242424243,0.36363636363636365,0.33333333333333337,2980.0,2980.0,-0.8303030303030302,0
29.0,3101.4443,0,0,0,0,0,0,0,0,0.10344827586206896,50.065517241379325,4.785809135437011,0.3103448275862069,0.3793103448275862,0.3448275862068966,2980.0,2980.0,-0.09655172413793106,0
13.0,1499.7524999999998,0,0,0,0,0,0,0,0,0.15384615384615385,21.246923076923075,10.289557075500486,0.23076923076923078,0.15384615384615385,0.5384615384615385,1490.0,1490.0,0.06923076923076926,0
31.0,3980.5600000000004,0,0,0,0,0,0,0,0,0.22580645161290322,66.93870967741935,9.511359214782715,0.1935483870967742,0.16129032258064516,0.4193548387096774,16960.0,17085.0,-0.7838709677419355,0
18.0,2217.6973,0,0,0,0,0,0,0,0,0.2777777777777778,51.35000000000001,6.686618614196779,0.2222222222222222,0.1111111111111111,0.5,12490.0,12615.0,1.3444444444444443,0
30.0,3563.8562999999995,0,0,0,0,0,0,0,0,0.06666666666666667,54.673333333333325,4.281192588806152,0.26666666666666666,0.3333333333333333,0.3666666666666667,2980.0,2980.0,-0.8300000000000001,0
31.0,3262.5771,0,0,0,0,0,0,0,0,0.03225806451612903,-4.777419354838708,4.084245491027832,0.29032258064516125,0.29032258064516125,0.4193548387096774,0.0,0.0,0.2870967741935484,0
11.0,1242.3304,0,0,0,0,0,0,0,0,0.18181818181818182,18.20909090909091,4.0500284194946286,0.4545454545454546,0.18181818181818182,0.4545454545454546,1490.0,1490.0,0.5454545454545454,0
11.0,1387.5744,0,0,0,0,0,0,0,0,0.2727272727272727,45.163636363636364,4.274315071105957,0.18181818181818182,0.18181818181818182,0.6363636363636364,1490.0,1490.0,0.6636363636363636,0
20.0,2340.6384,0,0,0,0,0,0,0,0,0.1,30.645000000000003,10.266928672790524,0.1,0.5,0.30000000000000004,2980.0,2980.0,-1.395,1
28.0,3000.3623,0,0,0,0,0,0,0,0,0.03571428571428572,5.635714285714285,8.401793861389162,0.25,0.35714285714285715,0.3928571428571429,1490.0,1490.0,-0.5392857142857143,0
14.0,1503.7178999999999,0,0,0,0,0,0,0,0,0.07142857142857144,20.250000000000007,4.207756614685059,0.28571428571428575,0.5000000000000001,0.28571428571428575,0.0,0.0,0.01428571428571426,0
8.0,933.0624,0,0,0,0,0,0,0,0,0.125,-31.262499999999996,8.560386085510256,0.125,0.375,0.375,1490.0,1490.0,-0.85,0
15.0,1704.8366,0,0,0,0,0,0,0,0,0.06666666666666667,-5.1933333333333325,5.227561759948729,0.2,0.26666666666666666,0.4,0.0,0.0,-0.6933333333333334,0
26.0,3072.3900999999996,0,0,0,0,0,0,0,0,0.11538461538461539,66.73076923076924,8.410045814514163,0.3076923076923077,0.2692307692307693,0.3076923076923077,8480.0,8480.0,-1.1884615384615385,0
34.0,3891.4109,0,0,0,0,0,0,0,0,0.08823529411764706,41.082352941176474,5.777251625061035,0.35294117647058826,0.23529411764705885,0.3823529411764706,1490.0,1490.0,-0.16470588235294123,0
18.0,1916.2599,0,0,0,0,0,0,0,0,0.0,127.14444444444445,4.0500284194946286,0.33333333333333337,0.5,0.33333333333333337,0.0,0.0,-0.050000000000000044,1
21.0,2512.9145,0,0,0,0,0,0,0,0,0.09523809523809523,25.190476190476186,4.779954719543457,0.42857142857142855,0.23809523809523808,0.42857142857142855,1490.0,1490.0,-0.25238095238095243,0
22.0,2736.1493,0,0,0,0,0,0,0,0,0.18181818181818182,56.28636363636363,6.008017921447753,0.36363636363636365,0.18181818181818182,0.4545454545454546,2980.0,2980.0,-0.12727272727272734,0
30.0,3441.8189,0,0,0,0,0,0,0,0,0.16666666666666669,63.03333333333333,4.405272102355957,0.2,0.3,0.43333333333333335,6990.0,6990.0,-0.003333333333333366,0
16.0,1790.1942,0,0,0,0,0,0,0,0,0.0625,11.393750000000002,4.531284141540527,0.5,0.25,0.4375,0.0,0.0,0.88125,0
17.0,1685.8977,0,0,0,0,0,0,0,0,0.05882352941176471,28.794117647058826,5.238929557800293,0.29411764705882354,0.35294117647058826,0.29411764705882354,0.0,0.0,0.5941176470588235,0
27.0,3072.5503999999996,0,0,0,0,0,0,0,0,0.14814814814814814,23.25925925925926,4.684351539611816,0.2962962962962963,0.18518518518518517,0.5925925925925926,0.0,0.0,0.6222222222222222,0
6.0,599.763,0,0,0,0,0,0,0,0,0.0,-34.11666666666667,8.720009803771973,0.6666666666666667,0.16666666666666669,0.5,0.0,0.0,1.55,0
49.0,5089.801799999999,0,0,0,0,0,0,0,0,0.04081632653061225,51.446938775510205,9.523801612854005,0.40816326530612246,0.2448979591836735,0.326530612244898,1490.0,1490.0,0.022448979591836726,0
21.0,2400.8458,0,0,0,0,0,0,0,0,0.19047619047619047,5.761904761904763,10.479287528991698,0.33333333333333337,0.2380952380952381,0.33333333333333337,22000.0,22000.0,-0.32380952380952377,1
26.0,2505.6686,0,0,0,0,0,0,0,0,0.038461538461538464,6.419230769230769,4.0500284194946286,0.46153846153846156,0.34615384615384615,0.19230769230769232,1490.0,1490.0,0.16538461538461538,0
10.0,1053.1762999999999,0,0,0,0,0,0,0,0,0.0,112.5,11.999967765808105,0.1,0.30000000000000004,0.30000000000000004,0.0,0.0,-0.4,0
25.0,2569.9327,0,0,0,0,0,0,0,0,0.04,28.836000000000002,6.7216882705688485,0.48,0.24,0.28,0.0,0.0,0.16799999999999998,0
29.0,3299.9843,0,0,0,0,0,0,0,0,0.13793103448275862,25.63103448275862,9.702636909484863,0.27586206896551724,0.1724137931034483,0.6206896551724138,6990.0,6990.0,1.2275862068965517,0
27.0,3277.5584999999996,0,0,0,0,0,0,0,0,0.22222222222222224,16.34444444444444,4.78273983001709,0.25925925925925924,0.3333333333333333,0.37037037037037035,28990.0,28990.0,-0.9111111111111112,0
15.0,1673.8159999999998,0,0,0,0,0,0,0,0,0.13333333333333333,148.50666666666666,4.0500284194946286,0.4,0.4,0.3333333333333333,6990.0,6990.0,-0.39333333333333337,0
6.0,658.7887999999999,0,0,0,0,0,0,0,0,0.0,104.63333333333334,6.711116218566894,0.16666666666666669,0.5,0.33333333333333337,0.0,0.0,-7.401486830834377e-17,0
12.0,1299.5622999999998,0,0,0,0,0,0,0,0,0.0,121.5166666666667,6.8896474838256845,0.16666666666666669,0.5,0.33333333333333337,0.0,0.0,-7.401486830834377e-17,0
18.0,1940.3357999999998,0,0,0,0,0,0,0,0,0.0,127.14444444444445,6.995538520812987,0.16666666666666669,0.5,0.33333333333333337,0.0,0.0,-7.401486830834377e-17,0
17.0,1831.0097,0,0,0,0,0,0,0,0,0.0,33.53529411764706,4.0500284194946286,0.23529411764705885,0.411764705882353,0.29411764705882354,0.0,0.0,-0.20588235294117643,0
14.0,1553.954,0,0,0,0,0,0,0,0,0.0,81.37857142857143,9.786703681945799,0.35714285714285715,0.2142857142857143,0.35714285714285715,0.0,0.0,0.13571428571428573,0
9.0,1042.3786,0,0,0,0,0,0,0,0,0.0,-0.5444444444444447,8.720009803771973,0.4444444444444444,0.1111111111111111,0.6666666666666666,0.0,0.0,2.1666666666666665,0
13.0,1591.9437999999998,0,0,0,0,0,0,0,0,0.07692307692307693,30.88461538461539,11.999967765808105,0.07692307692307693,0.07692307692307693,0.6153846153846154,0.0,0.0,0.6846153846153846,0
13.0,1420.6922,0,0,0,0,0,0,0,0,0.07692307692307693,2.969230769230769,8.468389701843265,0.23076923076923078,0.23076923076923078,0.5384615384615385,1490.0,1490.0,1.0307692307692309,0
6.0,649.8217999999999,0,0,0,0,0,0,0,0,0.0,85.68333333333334,8.720009803771973,0.33333333333333337,0.5,0.33333333333333337,0.0,0.0,-0.1166666666666667,0
12.0,1281.6282999999999,0,0,0,0,0,0,0,0,0.0,102.56666666666668,10.002350425720216,0.33333333333333337,0.5,0.33333333333333337,0.0,0.0,-0.1166666666666667,0
18.0,1913.4348,0,0,0,0,0,0,0,0,0.0,108.19444444444443,10.301935005187985,0.33333333333333337,0.5,0.33333333333333337,0.0,0.0,-0.1166666666666667,1
24.0,2645.1411,0,0,0,0,0,0,0,0,0.20833333333333334,16.891666666666666,8.005313301086428,0.25,0.25,0.625,2980.0,3105.0,1.2833333333333334,0
34.0,4000.7158,0,0,0,0,0,0,0,0,0.05882352941176471,49.591470588235296,10.46130084991455,0.29411764705882354,0.2647058823529412,0.3235294117647059,1490.0,1490.0,-0.711764705882353,0
8.0,898.0549000000001,0,0,0,0,0,0,0,0,0.0,41.525,4.531284141540527,0.625,0.125,0.375,0.0,0.0,0.225,0
19.0,2316.8206999999998,0,0,0,0,0,0,0,0,0.0,33.68421052631579,11.999967765808105,0.26315789473684215,0.15789473684210528,0.368421052631579,0.0,0.0,-0.7052631578947368,0
20.0,2377.0566,0,0,0,0,0,0,0,0,0.05,29.325000000000006,11.50523738861084,0.7000000000000001,0.05,0.4,5500.0,5500.0,-0.585,1
7.0,788.9984,0,0,0,0,0,0,0,0,0.0,36.08571428571429,9.72004337310791,0.5714285714285715,0.14285714285714288,0.4285714285714286,0.0,0.0,1.457142857142857,0
12.0,1173.3199,0,0,0,0,0,0,0,0,0.0,29.258333333333333,8.717753410339355,0.4166666666666667,0.33333333333333337,0.25,0.0,0.0,0.30833333333333335,0
18.0,2166.5018,0,0,0,0,0,0,0,0,0.1111111111111111,98.0111111111111,6.030810356140137,0.33333333333333337,0.2777777777777778,0.2777777777777778,0.0,0.0,-0.21111111111111114,0
10.0,1197.4341,0,0,0,0,0,0,0,0,0.0,98.88,11.711342811584473,0.5,0.0,0.30000000000000004,0.0,0.0,-0.51,1
12.0,1351.6367,0,0,0,0,0,0,0,0,0.08333333333333334,62.75833333333331,8.717624473571778,0.33333333333333337,0.33333333333333337,0.33333333333333337,1490.0,1490.0,0.2583333333333333,1
17.0,2054.3358,0,0,0,0,0,0,0,0,0.05882352941176471,31.04705882352942,8.22934093475342,0.11764705882352942,0.23529411764705885,0.411764705882353,5500.0,5500.0,-0.4117647058823529,0
12.0,1516.9817,0,0,0,0,0,0,0,0,0.08333333333333334,22.183333333333334,11.10553340911865,0.4166666666666667,0.0,0.5,0.0,0.0,0.45,1
8.0,930.1843000000001,0,0,0,0,0,0,0,0,0.125,-1.8625000000000003,8.720009803771973,0.375,0.125,0.75,0.0,0.0,1.6125,0
5.0,537.6057,0,0,0,0,0,0,0,0,0.2,-8.98,5.4943639755249025,0.2,0.4,0.6000000000000001,1490.0,1490.0,1.1,0
25.0,2503.8977999999997,0,0,0,0,0,0,0,0,0.04,-16.788000000000004,8.715625953674316,0.48,0.24000000000000002,0.28,5500.0,5500.0,0.268,0
21.0,2542.0236999999997,0,0,0,0,0,0,0,0,0.047619047619047616,123.99523809523808,11.999967765808105,0.1904761904761905,0.14285714285714285,0.4285714285714286,5500.0,5500.0,-0.24285714285714288,1
23.0,2551.9968999999996,0,0,0,0,0,0,0,0,0.043478260869565216,75.22173913043477,4.225945091247559,0.43478260869565216,0.30434782608695654,0.3913043478260869,0.0,0.0,0.5826086956521739,0
21.0,2081.3993,0,0,0,0,0,0,0,0,0.0,13.28095238095238,10.834895133972168,0.33333333333333337,0.38095238095238093,0.23809523809523808,0.0,0.0,-0.10476190476190476,0
21.0,2182.4716,0,0,0,0,0,0,0,0,0.09523809523809523,3.271428571428571,8.468389701843265,0.23809523809523808,0.2857142857142857,0.5238095238095238,1490.0,1490.0,0.24761904761904763,0
6.0,633.7147,0,0,0,0,0,0,0,0,0.0,8.333333333333334,4.0500284194946286,0.6666666666666667,0.16666666666666669,0.16666666666666669,0.0,0.0,0.45,0
32.0,3780.1616999999997,0,0,0,0,0,0,0,0,0.09375,40.634375,4.546516990661622,0.375,0.125,0.40625,0.0,0.0,-0.278125,0
16.0,1865.188,0,0,0,0,0,0,0,0,0.0,73.48125,9.583499336242674,0.25,0.3125,0.3125,0.0,0.0,-0.00625000000000004,0
16.0,1977.3438,0,0,0,0,0,0,0,0,0.3125,46.56875,5.493170356750488,0.25,0.1875,0.6875,4470.0,4470.0,1.24375,0
34.0,4165.4992,0,0,0,0,0,0,0,0,0.14705882352941177,60.71176470588235,6.279878807067871,0.2647058823529412,0.2058823529411765,0.29411764705882354,15470.0,15595.0,-1.1794117647058824,0
5.0,526.6693,0,0,0,0,0,0,0,0,0.0,68.06,8.720009803771973,0.6000000000000001,0.2,0.4,0.0,0.0,0.86,1
5.0,554.6827,0,0,0,0,0,0,0,0,0.0,123.56,9.72004337310791,0.4,0.2,0.4,0.0,0.0,0.74,1
33.0,3821.4037,0,0,0,0,0,0,0,0,0.15151515151515152,18.293939393939393,5.443436241149903,0.18181818181818182,0.24242424242424243,0.48484848484848486,2980.0,3105.0,0.27272727272727265,0
5.0,586.7874,0,0,0,0,0,0,0,0,0.0,14.460000000000004,8.720009803771973,0.4,0.2,0.4,0.0,0.0,1.02,1
5.0,586.7874,0,0,0,0,0,0,0,0,0.0,14.460000000000004,8.720009803771973,0.6000000000000001,0.2,0.4,0.0,0.0,0.8800000000000001,1
10.0,1185.5425,0,0,0,0,0,0,0,0,0.0,-11.339999999999998,8.56219120025635,0.7000000000000001,0.2,0.30000000000000004,0.0,0.0,0.10999999999999996,1
9.0,973.1062,0,0,0,0,0,0,0,0,0.1111111111111111,12.655555555555559,6.710263633728027,0.1111111111111111,0.4444444444444444,0.3333333333333333,1490.0,1490.0,-0.01111111111111112,0
27.0,3134.3734999999997,0,0,0,0,0,0,0,0,0.1111111111111111,43.21111111111111,5.753947639465332,0.18518518518518517,0.25925925925925924,0.2962962962962963,1490.0,1615.0,-0.9,0
5.0,557.6370000000001,0,0,0,0,0,0,0,0,0.0,46.52,4.598695182800292,0.4,0.2,0.6000000000000001,0.0,0.0,0.44000000000000006,1
5.0,556.6953,0,0,0,0,0,0,0,0,0.0,29.540000000000003,8.720009803771973,0.4,0.2,0.6000000000000001,0.0,0.0,0.36,1
5.0,556.6522,0,0,0,0,0,0,0,0,0.0,111.72,5.494989204406737,0.2,0.2,0.6000000000000001,0.0,0.0,0.44000000000000006,1
15.0,1930.2166000000002,0,0,0,0,0,0,0,0,0.13333333333333333,67.02666666666667,11.00038547515869,0.2,0.13333333333333333,0.4,6990.0,6990.0,-0.92,0
24.0,2599.8659,0,0,0,0,0,0,0,0,0.08333333333333334,28.52083333333333,4.3166601181030275,0.41666666666666674,0.25,0.33333333333333337,1490.0,1490.0,-0.10416666666666667,0
8.0,1116.343,0,0,0,0,0,0,0,0,0.125,247.625,11.700318717956542,0.125,0.0,0.375,5500.0,5500.0,-0.925,1
15.0,1923.0880000000002,0,0,0,0,0,0,0,0,0.2,33.88666666666666,4.0500284194946286,0.2,0.2,0.4666666666666667,6990.0,6990.0,-0.76,0
10.0,1283.5895,0,0,0,0,0,0,0,0,0.0,96.31,11.999967765808105,0.4,0.1,0.2,0.0,0.0,-1.55,0
22.0,2837.4921,0,0,0,0,0,0,0,0,0.045454545454545456,97.93181818181819,11.999967765808105,0.40909090909090906,0.13636363636363635,0.22727272727272727,0.0,0.0,-1.7590909090909093,1
28.0,3154.4393,0,0,0,0,0,0,0,0,0.10714285714285714,36.28571428571429,4.507866477966309,0.25000000000000006,0.32142857142857145,0.39285714285714285,0.0,0.0,-0.5607142857142857,0
12.0,1523.8699,0,0,0,0,0,0,0,0,0.08333333333333334,9.166666666666668,11.999967765808105,0.16666666666666669,0.0,0.5,5500.0,5500.0,0.1333333333333334,1
10.0,1183.4042,0,0,0,0,0,0,0,0,0.0,33.11,10.834895133972168,0.6000000000000001,0.0,0.30000000000000004,0.0,0.0,-0.45,0
27.0,3035.5521999999996,0,0,0,0,0,0,0,0,0.037037037037037035,7.329629629629629,11.834348487854005,0.3333333333333333,0.07407407407407407,0.4074074074074074,0.0,0.0,-0.14074074074074072,0
6.0,677.8352,0,0,0,0,0,0,0,0,0.0,104.63333333333334,9.72004337310791,0.16666666666666669,0.5,0.33333333333333337,0.0,0.0,-0.2166666666666667,0
12.0,1337.6551,0,0,0,0,0,0,0,0,0.0,121.5166666666667,11.999967765808105,0.16666666666666669,0.5,0.33333333333333337,0.0,0.0,-0.2166666666666667,0
18.0,1997.475,0,0,0,0,0,0,0,0,0.0,127.14444444444445,11.999967765808105,0.16666666666666669,0.5,0.33333333333333337,0.0,0.0,-0.2166666666666667,1
13.0,1656.0341999999998,0,0,0,0,0,0,0,0,0.07692307692307693,105.63846153846153,11.999967765808105,0.23076923076923078,0.0,0.5384615384615385,0.0,0.0,0.14615384615384613,1
5.0,516.6314,0,0,0,0,0,0,0,0,0.0,-8.98,8.720009803771973,0.6000000000000001,0.2,0.4,0.0,0.0,1.02,1
33.0,3872.0701,0,0,0,0,0,0,0,0,0.09090909090909091,54.54848484848484,4.0500284194946286,0.36363636363636365,0.21212121212121213,0.3939393939393939,1490.0,1490.0,-0.6787878787878787,0
5.0,517.6195,0,0,0,0,0,0,0,0,0.0,-8.98,10.002350425720216,0.4,0.4,0.2,0.0,0.0,-0.96,1
12.0,1486.6490999999999,0,0,0,0,0,0,0,0,0.25,82.50000000000001,8.468325233459474,0.16666666666666669,0.41666666666666674,0.33333333333333337,8480.0,8480.0,-1.2166666666666666,1
5.0,573.7258,0,0,0,0,0,0,0,0,0.0,-8.98,10.002350425720216,0.6000000000000001,0.2,0.4,0.0,0.0,-0.11999999999999997,1
14.0,1880.1831999999997,0,0,0,0,0,0,0,0,0.0,353.1071428571428,11.999967765808105,0.0,0.2142857142857143,0.07142857142857144,0.0,0.0,-3.0285714285714285,1
15.0,1983.3261000000002,0,0,0,0,0,0,0,0,0.0,330.23333333333323,11.999967765808105,0.0,0.2,0.06666666666666667,0.0,0.0,-2.6599999999999997,1
41.0,5044.7913,0,0,0,0,0,0,0,0,0.04878048780487805,214.5219512195121,11.999967765808105,0.04878048780487805,0.29268292682926833,0.12195121951219513,2980.0,2980.0,-2.278048780487805,1
34.0,4001.5298000000003,0,0,0,0,0,0,0,0,0.08823529411764706,10.147058823529417,5.3462984085083,0.23529411764705885,0.2647058823529412,0.35294117647058826,6990.0,6990.0,-0.30000000000000004,0
26.0,2758.2151,0,0,0,0,0,0,0,0,0.0,27.15384615384616,4.678951835632325,0.4230769230769231,0.19230769230769232,0.42307692307692313,0.0,0.0,0.3192307692307692,0
27.0,3088.5782999999997,0,0,0,0,0,0,0,0,0.037037037037037035,20.325925925925926,5.482825660705566,0.37037037037037035,0.2222222222222222,0.4074074074074074,5500.0,5500.0,-0.13333333333333336,0
21.0,2493.9874,0,0,0,0,0,0,0,0,0.09523809523809523,37.33333333333333,9.78045024871826,0.3333333333333333,0.2380952380952381,0.42857142857142855,2980.0,2980.0,-0.23333333333333334,0
21.0,2486.6883,0,0,0,0,0,0,0,0,0.14285714285714285,-24.114285714285714,4.723968315124511,0.19047619047619047,0.23809523809523808,0.47619047619047616,6990.0,6990.0,-0.5142857142857143,1
17.0,1860.9663,0,0,0,0,0,0,0,0,0.0,38.405882352941184,4.0500284194946286,0.35294117647058826,0.29411764705882354,0.35294117647058826,0.0,0.0,-0.6470588235294118,0
16.0,1784.0227,0,0,0,0,0,0,0,0,0.0,89.80000000000001,11.000707817077636,0.1875,0.375,0.4375,0.0,0.0,-0.40625,0
12.0,1548.7401,0,0,0,0,0,0,0,0,0.33333333333333337,-13.983333333333329,5.494989204406737,0.08333333333333334,0.08333333333333334,0.6666666666666667,16500.0,16500.0,0.025000000000000012,1
30.0,3157.5972,0,0,0,0,0,0,0,0,0.0,53.45333333333333,4.41328639984131,0.13333333333333333,0.5,0.3,0.0,0.0,-0.22333333333333336,0
26.0,3081.6499999999996,0,0,0,0,0,0,0,0,0.07692307692307693,6.9846153846153864,9.525671195983886,0.34615384615384615,0.1923076923076923,0.46153846153846156,1490.0,1490.0,-0.09999999999999999,0
47.0,5057.908399999999,0,0,0,0,0,0,0,0,0.10638297872340424,35.31063829787234,9.401311683654786,0.3191489361702127,0.2553191489361702,0.425531914893617,2980.0,2980.0,0.43617021276595747,0
13.0,1591.8509999999999,0,0,0,0,0,0,0,0,0.15384615384615385,24.51538461538462,8.71536808013916,0.15384615384615385,0.23076923076923078,0.5384615384615384,1490.0,1490.0,0.25384615384615383,0
12.0,1546.9162999999999,0,0,0,0,0,0,0,0,0.25,-12.0,9.517354774475098,0.25,0.0,0.6666666666666667,4470.0,4470.0,0.6,1
5.0,547.7082,0,0,0,0,0,0,0,0,0.0,2.24,5.494989204406737,0.2,0.0,0.8,0.0,0.0,2.7600000000000002,0
29.0,3281.7146999999995,0,0,0,0,0,0,0,0,0.034482758620689655,50.13103448275862,8.10833377838135,0.27586206896551724,0.27586206896551724,0.3448275862068966,1490.0,1490.0,-0.893103448275862,0
8.0,917.0663,0,0,0,0,0,0,0,0,0.125,53.00000000000001,10.834895133972168,0.125,0.25,0.375,1490.0,1490.0,-0.26249999999999996,0
21.0,2202.5062,0,0,0,0,0,0,0,0,0.047619047619047616,10.60952380952381,6.091741752624511,0.4285714285714286,0.23809523809523808,0.4285714285714286,0.0,0.0,0.03333333333333333,0
9.0,930.0966000000001,0,0,0,0,0,0,0,0,0.0,-7.811111111111111,4.0500284194946286,0.2222222222222222,0.1111111111111111,0.7777777777777778,0.0,0.0,1.9777777777777779,0
11.0,1378.6407,0,0,0,0,0,0,0,0,0.18181818181818182,41.31818181818181,9.506330680847167,0.09090909090909091,0.18181818181818182,0.5454545454545454,11000.0,11000.0,0.29090909090909095,0
19.0,2299.5977,0,0,0,0,0,0,0,0,0.2105263157894737,61.97894736842105,4.3530370712280275,0.15789473684210528,0.2105263157894737,0.6315789473684211,13980.0,13980.0,0.48947368421052634,0
28.0,3298.9318000000003,0,0,0,0,0,0,0,0,0.1785714285714286,28.014285714285712,8.10826930999756,0.35714285714285715,0.2142857142857143,0.4642857142857143,8480.0,8480.0,0.4178571428571428,0
26.0,2945.2092,0,0,0,0,0,0,0,0,0.07692307692307693,67.1076923076923,4.0500284194946286,0.46153846153846156,0.3076923076923077,0.34615384615384615,2980.0,2980.0,-0.2384615384615385,0
31.0,3567.0507,0,0,0,0,0,0,0,0,0.06451612903225806,42.954838709677425,4.647292518615722,0.45161290322580644,0.22580645161290322,0.4193548387096774,2980.0,2980.0,-0.18709677419354842,0
5.0,547.6436,0,0,0,0,0,0,0,0,0.2,69.96000000000001,5.4943639755249025,0.2,0.2,0.6000000000000001,1490.0,1490.0,1.4600000000000002,0
29.0,3816.3720000000003,0,0,0,0,0,0,0,0,0.3103448275862069,43.0348275862069,6.730668830871582,0.13793103448275862,0.24137931034482757,0.4482758620689655,30480.0,30605.0,-0.2827586206896552,0
30.0,3032.3562999999995,0,0,0,0,0,0,0,0,0.03333333333333333,7.153333333333333,4.0500284194946286,0.9333333333333332,0.0,0.26666666666666666,5500.0,5500.0,0.7733333333333333,1
30.0,3270.7765,0,0,0,0,0,0,0,0,0.03333333333333333,28.66333333333333,10.197044944763181,0.6666666666666667,0.0,0.23333333333333334,5500.0,5500.0,0.2733333333333333,1
30.0,3289.8229,0,0,0,0,0,0,0,0,0.03333333333333333,31.493333333333332,11.400153923034669,0.6666666666666667,0.0,0.23333333333333334,5500.0,5500.0,0.22999999999999995,1
30.0,3131.8219,0,0,0,0,0,0,0,0,0.03333333333333333,18.65333333333333,9.904036140441892,0.9,0.0,0.23333333333333334,5500.0,5500.0,0.2833333333333333,1
30.0,3270.7765,0,0,0,0,0,0,0,0,0.03333333333333333,25.07333333333333,10.197044944763181,0.6666666666666667,0.0,0.23333333333333334,5500.0,5500.0,0.2733333333333333,1
30.0,3289.8229,0,0,0,0,0,0,0,0,0.03333333333333333,27.903333333333336,11.400153923034669,0.6666666666666667,0.0,0.23333333333333334,5500.0,5500.0,0.22999999999999995,1
24.0,2684.1596999999997,0,0,0,0,0,0,0,0,0.04166666666666667,17.608333333333338,11.999967765808105,0.6666666666666666,0.0,0.25,5500.0,5500.0,0.09999999999999998,1
30.0,3327.9156999999996,0,0,0,0,0,0,0,0,0.03333333333333333,37.153333333333336,11.875414848327637,0.6666666666666667,0.0,0.23333333333333334,5500.0,5500.0,0.14333333333333328,1
11.0,1607.925,0,0,0,0,0,0,0,0,0.2727272727272727,61.163636363636364,11.999967765808105,0.36363636363636365,0.09090909090909091,0.2727272727272727,11000.0,11000.0,-2.2545454545454544,1
17.0,2124.3923,0,0,0,0,0,0,0,0,0.05882352941176471,77.37058823529412,7.2064111709594725,0.23529411764705885,0.11764705882352942,0.29411764705882354,5500.0,5500.0,-0.7058823529411766,0
12.0,1441.7611,0,0,0,0,0,0,0,0,0.16666666666666669,9.3,10.302063941955566,0.4166666666666667,0.08333333333333334,0.4166666666666667,5500.0,5500.0,0.27499999999999997,1
12.0,1427.6948,0,0,0,0,0,0,0,0,0.16666666666666669,28.900000000000002,11.16626262664795,0.4166666666666667,0.08333333333333334,0.33333333333333337,5500.0,5500.0,-9.25185853854297e-18,1
12.0,1511.8542,0,0,0,0,0,0,0,0,0.16666666666666669,28.900000000000002,11.16626262664795,0.33333333333333337,0.08333333333333334,0.5,5500.0,5500.0,0.3916666666666666,1
12.0,1469.7745,0,0,0,0,0,0,0,0,0.16666666666666669,28.900000000000002,11.16626262664795,0.33333333333333337,0.08333333333333334,0.4166666666666667,5500.0,5500.0,0.22499999999999998,1
12.0,1483.8011,0,0,0,0,0,0,0,0,0.16666666666666669,28.900000000000002,11.16626262664795,0.33333333333333337,0.0,0.5,5500.0,5500.0,0.2333333333333333,1
12.0,1545.8704,0,0,0,0,0,0,0,0,0.25,39.18333333333333,10.289686012268067,0.33333333333333337,0.0,0.5,6990.0,6990.0,0.18333333333333332,1
15.0,2005.2930999999999,0,0,0,0,0,0,0,0,0.2,66.66666666666667,11.999967765808105,0.26666666666666666,0.06666666666666667,0.3333333333333333,11000.0,11000.0,-1.2133333333333334,1
15.0,2037.3581,0,0,0,0,0,0,0,0,0.2,61.64,11.712567710876463,0.2,0.06666666666666667,0.3333333333333333,11000.0,11000.0,-1.1666666666666667,1
21.0,2495.8095,0,0,0,0,0,0,0,0,0.14285714285714285,46.047619047619044,5.445141410827636,0.3333333333333333,0.2857142857142857,0.23809523809523808,11000.0,11000.0,-0.6333333333333334,0
15.0,2037.3581,0,0,0,0,0,0,0,0,0.2,66.66666666666667,11.712567710876463,0.2,0.06666666666666667,0.3333333333333333,11000.0,11000.0,-1.1666666666666667,1
15.0,2069.4231,0,0,0,0,0,0,0,0,0.2,61.64,10.786930656433107,0.13333333333333333,0.06666666666666667,0.3333333333333333,11000.0,11125.0,-1.12,1
14.0,1736.9909999999998,0,0,0,0,0,0,0,0,0.14285714285714288,87.24285714285715,8.745539283752443,0.3571428571428572,0.07142857142857144,0.3571428571428572,5500.0,5500.0,-0.5928571428571427,0
16.0,1806.0695,0,0,0,0,0,0,0,0,0.125,60.91250000000001,5.835682106018066,0.3125,0.5,0.1875,5500.0,5500.0,-0.61875,0
15.0,2235.5571,0,0,0,0,0,0,0,0,0.3333333333333333,66.66666666666667,11.999967765808105,0.13333333333333333,0.06666666666666667,0.4666666666666667,22000.0,22000.0,-1.5733333333333335,1
6.0,728.8784999999999,0,0,0,0,0,0,0,0,0.16666666666666669,28.900000000000002,5.525000190734862,0.6666666666666667,0.16666666666666669,0.6666666666666667,5500.0,5500.0,1.4666666666666666,0
23.0,2789.3795,0,0,0,0,0,0,0,0,0.08695652173913043,87.84347826086956,11.999967765808105,0.43478260869565216,0.08695652173913043,0.3913043478260869,11000.0,11000.0,-0.16956521739130437,1
32.0,3763.4933,0,0,0,0,0,0,0,0,0.1875,95.90937499999998,7.9490968704223635,0.28125,0.21875,0.4375,5500.0,5625.0,0.6656249999999999,0
33.0,3920.4406,0,0,0,0,0,0,0,0,0.09090909090909091,29.524242424242427,9.986426734924319,0.30303030303030304,0.24242424242424243,0.33333333333333337,11000.0,11000.0,-0.5303030303030303,0
20.0,2133.6623999999997,0,0,0,0,0,0,0,0,0.1,30.875,11.000836753845213,0.65,0.1,0.5,5500.0,5500.0,1.6149999999999998,1
10.0,1362.6679,0,0,0,0,0,0,0,0,0.2,18.08,11.999967765808105,0.4,0.1,0.30000000000000004,5500.0,5500.0,-1.9300000000000002,1
8.0,1253.4987,0,0,0,0,0,0,0,0,0.5,-28.825,11.999967765808105,0.25,0.0,0.5,11000.0,11000.0,-1.625,1
12.0,1871.2404,0,0,0,0,0,0,0,0,0.5,-28.40833333333333,11.999967765808105,0.25,0.0,0.5,16500.0,16500.0,-1.625,1
9.0,1573.8076,0,0,0,0,0,0,0,0,0.5555555555555556,263.4666666666667,11.999967765808105,0.0,0.0,0.5555555555555556,27500.0,27500.0,-2.5,1
10.0,1729.9932999999999,0,0,0,0,0,0,0,0,0.5,238.12,11.999967765808105,0.0,0.0,0.5,27500.0,27500.0,-2.7,1
14.0,2414.7845,0,0,0,0,0,0,0,0,0.5,254.77142857142854,11.999967765808105,0.0,0.0,0.5,38500.0,38500.0,-2.6999999999999997,1
22.0,2330.5474,0,0,0,0,0,0,0,0,0.13636363636363635,20.554545454545455,6.141077995300292,0.45454545454545453,0.36363636363636365,0.3181818181818182,8480.0,8480.0,-0.23636363636363636,0
8.0,950.9884,0,0,0,0,0,0,0,0,0.125,46.2875,4.3702592849731445,0.25,0.5,0.25,5500.0,5500.0,-1.2125,0
8.0,935.0368000000001,0,0,0,0,0,0,0,0,0.25,46.2875,8.747602272033692,0.125,0.5,0.375,6990.0,6990.0,-0.7625000000000001,0
9.0,1208.2794000000001,0,0,0,0,0,0,0,0,0.2222222222222222,85.05555555555557,4.531397819519043,0.2222222222222222,0.1111111111111111,0.3333333333333333,5500.0,5500.0,-1.4666666666666666,0
8.0,1275.5441,0,0,0,0,0,0,0,0,0.5,8.75,10.477740287780762,0.5,0.0,0.5,22000.0,22000.0,-2.4,1
10.0,1639.9207,0,0,0,0,0,0,0,0,0.2,409.9599999999999,11.999967765808105,0.0,0.0,0.2,11000.0,11000.0,-3.78,1
10.0,1647.9639,0,0,0,0,0,0,0,0,0.6,9.0,10.477740287780762,0.4,0.0,0.6,33000.0,33000.0,-2.1,1
11.0,1826.1306,0,0,0,0,0,0,0,0,0.2727272727272727,373.5999999999999,11.999967765808105,0.0,0.0,0.2727272727272727,16500.0,16500.0,-3.5181818181818185,1
10.0,1760.0175,0,0,0,0,0,0,0,0,0.6,238.12,11.999967765808105,0.0,0.0,0.6,33000.0,33000.0,-2.34,1
11.0,1889.1314999999997,0,0,0,0,0,0,0,0,0.5454545454545454,217.38181818181818,11.999967765808105,0.09090909090909091,0.0,0.5454545454545454,33000.0,33000.0,-2.4454545454545453,1
12.0,2012.3405,0,0,0,0,0,0,0,0,0.33333333333333337,343.29999999999995,11.999967765808105,0.0,0.0,0.33333333333333337,22000.0,22000.0,-3.3000000000000003,1
14.0,1571.8413999999998,0,0,0,0,0,0,0,0,0.07142857142857144,18.07857142857143,8.598229026794435,0.35714285714285715,0.07142857142857144,0.35714285714285715,1490.0,1490.0,0.39285714285714285,0
11.0,1204.3421999999998,0,0,0,0,0,0,0,0,0.09090909090909091,48.127272727272725,11.711342811584473,0.5454545454545454,0.0,0.09090909090909091,1490.0,1490.0,-0.6818181818181818,1
12.0,1307.4850999999999,0,0,0,0,0,0,0,0,0.08333333333333334,81.56666666666666,10.763593101501463,0.5,0.0,0.08333333333333334,1490.0,1490.0,-0.4166666666666667,1
11.0,1317.5065,0,0,0,0,0,0,0,0,0.09090909090909091,134.76363636363638,11.999967765808105,0.45454545454545453,0.0,0.09090909090909091,1490.0,1490.0,-1.3454545454545455,1
11.0,1375.5426,0,0,0,0,0,0,0,0,0.09090909090909091,134.76363636363638,11.82919101715088,0.4545454545454546,0.0,0.09090909090909091,1490.0,1490.0,-1.8272727272727274,1
11.0,1374.6009,0,0,0,0,0,0,0,0,0.09090909090909091,134.76363636363638,11.999967765808105,0.4545454545454546,0.0,0.09090909090909091,1490.0,1490.0,-1.8636363636363635,1
11.0,1442.6780999999999,0,0,0,0,0,0,0,0,0.09090909090909091,172.26363636363638,11.999967765808105,0.09090909090909091,0.18181818181818182,0.18181818181818182,1490.0,1490.0,-2.209090909090909,1
27.0,3003.5975999999996,0,0,0,0,0,0,0,0,0.14814814814814814,22.077777777777776,8.991744041442871,0.48148148148148145,0.07407407407407407,0.48148148148148145,4470.0,4470.0,0.9888888888888888,0
23.0,2610.8487999999998,0,0,0,0,0,0,0,0,0.13043478260869565,48.743478260869566,4.428973960876465,0.21739130434782608,0.30434782608695654,0.4782608695652174,4470.0,4470.0,-0.33478260869565224,0
33.0,3802.1758,0,0,0,0,0,0,0,0,0.06060606060606061,91.35757575757576,9.684456825256348,0.24242424242424243,0.36363636363636365,0.2727272727272727,2980.0,2980.0,-1.0,0
17.0,2191.3988,0,0,0,0,0,0,0,0,0.29411764705882354,35.688235294117646,8.430546760559086,0.23529411764705885,0.23529411764705885,0.411764705882353,8480.0,8480.0,-1.7176470588235293,0
12.0,1424.4691,0,0,0,0,0,0,0,0,0.08333333333333334,73.50000000000001,4.1373899459838865,0.16666666666666669,0.25,0.41666666666666674,1490.0,1490.0,-1.3666666666666665,0
28.0,3247.6072999999997,0,0,0,0,0,0,0,0,0.10714285714285715,22.08214285714286,5.502548789978026,0.4642857142857143,0.2142857142857143,0.35714285714285715,2980.0,2980.0,-0.47500000000000003,0
25.0,3117.5712,0,0,0,0,0,0,0,0,0.2,39.83600000000001,6.225995445251464,0.48,0.12,0.4,9970.0,9970.0,-0.8440000000000001,0
11.0,1433.5787,0,0,0,0,0,0,0,0,0.09090909090909091,106.38181818181819,11.417689323425293,0.45454545454545453,0.0,0.09090909090909091,1490.0,1490.0,-2.309090909090909,1
29.0,3413.6072000000004,0,0,0,0,0,0,0,0,0.13793103448275862,29.117241379310347,4.0500284194946286,0.5517241379310345,0.3103448275862069,0.24137931034482757,8480.0,8480.0,-1.010344827586207,0
33.0,3919.5892999999996,0,0,0,0,0,0,0,0,0.24242424242424243,21.060909090909092,7.998866462707519,0.33333333333333337,0.18181818181818182,0.48484848484848486,12950.0,13075.0,0.3636363636363636,0
19.0,2568.9313,0,0,0,0,0,0,0,0,0.2631578947368421,74.34210526315789,10.370787239074705,0.26315789473684215,0.10526315789473685,0.368421052631579,4470.0,4470.0,-2.068421052631579,0
7.0,887.9553999999999,0,0,0,0,0,0,0,0,0.28571428571428575,53.714285714285715,4.0500284194946286,0.28571428571428575,0.28571428571428575,0.28571428571428575,1490.0,1490.0,-0.7571428571428572,0
33.0,3528.9161999999997,0,0,0,0,0,0,0,0,0.18181818181818182,24.0909090909091,8.58978366851807,0.24242424242424243,0.33333333333333337,0.48484848484848486,6990.0,6990.0,0.44848484848484843,0
19.0,2616.9653,0,0,0,0,0,0,0,0,0.368421052631579,38.68947368421052,4.658717155456543,0.15789473684210528,0.15789473684210525,0.5263157894736843,8480.0,8480.0,-0.09473684210526319,0
24.0,2918.3008,0,0,0,0,0,0,0,0,0.3333333333333333,30.22541666666667,9.824740028381349,0.20833333333333331,0.2916666666666667,0.4583333333333333,7450.0,7450.0,-0.6666666666666666,0
6.0,593.6292,0,0,0,0,0,0,0,0,0.16666666666666669,-19.96666666666667,5.524318122863768,0.33333333333333337,0.5,0.33333333333333337,1490.0,1490.0,-3.700743415417188e-17,0
34.0,4027.7715,0,0,0,0,0,0,0,0,0.029411764705882356,72.96470588235294,9.418008995056152,0.35294117647058826,0.23529411764705885,0.17647058823529413,1490.0,1865.0,-1.288235294117647,1
32.0,3854.2313999999997,0,0,0,0,0,0,0,0,0.1875,33.462500000000006,4.0500284194946286,0.3125,0.21875,0.375,4470.0,4470.0,-0.19062500000000002,0
15.0,1273.3112999999998,0,0,0,0,0,0,0,0,0.06666666666666667,59.16666666666667,8.590879631042483,0.06666666666666667,0.7333333333333333,0.06666666666666667,1490.0,1490.0,-1.2666666666666666,1
29.0,3264.7070999999996,0,0,0,0,0,0,0,0,0.10344827586206896,12.682758620689656,6.212922477722167,0.24137931034482757,0.3793103448275862,0.3103448275862069,2980.0,2980.0,-0.5206896551724138,0
17.0,1904.2355000000002,0,0,0,0,0,0,0,0,0.17647058823529413,20.835294117647056,6.722199821472168,0.17647058823529413,0.29411764705882354,0.411764705882353,1490.0,1615.0,0.7,0
11.0,1303.4799,0,0,0,0,0,0,0,0,0.09090909090909091,105.5181818181818,11.999967765808105,0.36363636363636365,0.09090909090909091,0.09090909090909091,1490.0,1490.0,-1.5454545454545454,1
11.0,1222.3144,0,0,0,0,0,0,0,0,0.09090909090909091,76.33636363636363,11.711342811584473,0.2727272727272727,0.2727272727272727,0.09090909090909091,1490.0,1490.0,-1.3545454545454545,1
11.0,1307.4222,0,0,0,0,0,0,0,0,0.09090909090909091,145.9181818181818,11.999967765808105,0.18181818181818182,0.2727272727272727,0.09090909090909091,1490.0,1490.0,-1.9272727272727272,1
11.0,1392.53,0,0,0,0,0,0,0,0,0.09090909090909091,197.99090909090907,11.999967765808105,0.09090909090909091,0.2727272727272727,0.09090909090909091,1490.0,1490.0,-2.5,1
11.0,1346.5078999999998,0,0,0,0,0,0,0,0,0.09090909090909091,153.37272727272727,11.999967765808105,0.0,0.36363636363636365,0.09090909090909091,1490.0,1490.0,-2.7181818181818183,1
11.0,1532.7560999999998,0,0,0,0,0,0,0,0,0.09090909090909091,152.66363636363636,11.839377021789552,0.2727272727272727,0.09090909090909091,0.09090909090909091,1490.0,1490.0,-3.5454545454545454,1
12.0,1688.0001,0,0,0,0,0,0,0,0,0.08333333333333334,188.50833333333335,11.999967765808105,0.25,0.08333333333333334,0.08333333333333334,1490.0,1490.0,-3.658333333333333,1
11.0,1500.7573,0,0,0,0,0,0,0,0,0.09090909090909091,170.1727272727273,11.999967765808105,0.18181818181818182,0.18181818181818182,0.09090909090909091,1490.0,1490.0,-3.372727272727273,1
11.0,1559.8278,0,0,0,0,0,0,0,0,0.09090909090909091,204.73636363636365,11.999967765808105,0.18181818181818182,0.09090909090909091,0.09090909090909091,1490.0,1490.0,-3.6363636363636362,1
12.0,1662.9706999999999,0,0,0,0,0,0,0,0,0.08333333333333334,188.50833333333335,11.999967765808105,0.16666666666666669,0.08333333333333334,0.08333333333333334,1490.0,1490.0,-3.125,1
16.0,2209.4342,0,0,0,0,0,0,0,0,0.125,167.95625,11.379781913757324,0.125,0.1875,0.125,2980.0,2980.0,-3.45625,1
18.0,2435.7527999999998,0,0,0,0,0,0,0,0,0.1111111111111111,139.70555555555555,11.62959690093994,0.3333333333333333,0.1111111111111111,0.16666666666666666,2980.0,2980.0,-2.816666666666667,1
16.0,2207.4646,0,0,0,0,0,0,0,0,0.125,163.63125,11.999967765808105,0.125,0.1875,0.125,2980.0,2980.0,-3.45625,1
18.0,2433.7832,0,0,0,0,0,0,0,0,0.1111111111111111,146.21666666666667,11.999967765808105,0.2222222222222222,0.1111111111111111,0.16666666666666666,2980.0,2980.0,-2.816666666666667,1
12.0,1662.9706999999999,0,0,0,0,0,0,0,0,0.08333333333333334,188.50833333333335,11.999967765808105,0.16666666666666669,0.08333333333333334,0.08333333333333334,1490.0,1490.0,-3.125,1
25.0,3318.8857999999996,0,0,0,0,0,0,0,0,0.08,174.976,11.999967765808105,0.16,0.16,0.08,2980.0,2980.0,-3.1319999999999997,1
23.0,2948.3077,0,0,0,0,0,0,0,0,0.13043478260869565,123.66521739130435,11.71727390289307,0.2608695652173913,0.17391304347826086,0.30434782608695654,12490.0,12490.0,-1.9782608695652173,1
29.0,3535.9691000000003,0,0,0,0,0,0,0,0,0.06896551724137931,113.08620689655173,10.903296089172361,0.3103448275862069,0.27586206896551724,0.27586206896551724,6990.0,6990.0,-1.5,1
12.0,1688.0001,0,0,0,0,0,0,0,0,0.08333333333333334,188.50833333333335,11.999967765808105,0.25,0.08333333333333334,0.08333333333333334,1490.0,1490.0,-3.658333333333333,1
20.0,2518.8795999999998,0,0,0,0,0,0,0,0,0.05,154.08999999999997,11.722947120666507,0.25,0.25,0.2,1490.0,1490.0,-2.04,1
12.0,1673.9304,0,0,0,0,0,0,0,0,0.08333333333333334,198.79166666666669,11.999967765808105,0.16666666666666669,0.16666666666666669,0.08333333333333334,1490.0,1490.0,-3.625,1
21.0,2801.4022999999997,0,0,0,0,0,0,0,0,0.047619047619047616,139.51904761904763,11.999967765808105,0.380952380952381,0.14285714285714285,0.09523809523809523,1490.0,1490.0,-3.1714285714285713,1
15.0,1939.2386999999999,0,0,0,0,0,0,0,0,0.06666666666666667,191.32666666666665,11.999967765808105,0.13333333333333333,0.26666666666666666,0.06666666666666667,1490.0,1490.0,-3.14,1
20.0,2717.1428,0,0,0,0,0,0,0,0,0.25,149.54499999999996,11.722947120666507,0.15000000000000002,0.15000000000000002,0.4,8480.0,8480.0,-1.435,1
33.0,4643.4528,0,0,0,0,0,0,0,0,0.09090909090909091,200.77272727272725,11.999967765808105,0.18181818181818182,0.09090909090909091,0.09090909090909091,4470.0,4470.0,-3.6363636363636362,1
11.0,1518.7328,0,0,0,0,0,0,0,0,0.09090909090909091,262.19090909090903,11.999967765808105,0.09090909090909091,0.18181818181818182,0.09090909090909091,1490.0,1490.0,-3.3545454545454545,1
11.0,1449.6244,0,0,0,0,0,0,0,0,0.09090909090909091,197.99090909090907,11.999967765808105,0.09090909090909091,0.2727272727272727,0.09090909090909091,1490.0,1490.0,-3.0181818181818185,1
11.0,1388.5876999999998,0,0,0,0,0,0,0,0,0.09090909090909091,157.5909090909091,11.999967765808105,0.2727272727272727,0.09090909090909091,0.09090909090909091,1490.0,1490.0,-2.118181818181818,1
11.0,1473.6955,0,0,0,0,0,0,0,0,0.09090909090909091,209.66363636363636,11.999967765808105,0.18181818181818182,0.09090909090909091,0.09090909090909091,1490.0,1490.0,-2.690909090909091,1
11.0,1558.8032999999998,0,0,0,0,0,0,0,0,0.09090909090909091,313.80909090909086,11.999967765808105,0.09090909090909091,0.09090909090909091,0.09090909090909091,1490.0,1490.0,-3.2636363636363637,1
11.0,1643.9111,0,0,0,0,0,0,0,0,0.09090909090909091,417.9545454545453,11.999967765808105,0.0,0.09090909090909091,0.09090909090909091,1490.0,1490.0,-3.8363636363636364,1
8.0,885.9413999999999,0,0,0,0,0,0,0,0,0.125,-11.287500000000001,6.217469596862792,0.25,0.5,0.125,1490.0,1490.0,-1.225,0
12.0,1608.8154,0,0,0,0,0,0,0,0,0.16666666666666669,72.47500000000001,5.5789403915405265,0.41666666666666674,0.08333333333333334,0.33333333333333337,1490.0,1490.0,-1.1583333333333334,0
19.0,2118.2587,0,0,0,0,0,0,0,0,0.15789473684210525,51.46842105263158,4.935523033142089,0.2105263157894737,0.4210526315789474,0.3157894736842105,4470.0,4470.0,-0.9789473684210527,0
16.0,2101.5083,0,0,0,0,0,0,0,0,0.0625,186.4125,11.999967765808105,0.1875,0.125,0.375,1490.0,1490.0,-1.525,1
6.0,692.8465,0,0,0,0,0,0,0,0,0.16666666666666669,8.333333333333334,9.703023719787598,0.8333333333333335,0.0,0.33333333333333337,1490.0,1490.0,-0.2833333333333333,0
30.0,3371.1552,0,0,0,0,0,0,0,0,0.1,64.14666666666666,9.699284553527832,0.4,0.23333333333333334,0.3333333333333333,2980.0,3105.0,0.21,0
9.0,1078.3676,0,0,0,0,0,0,0,0,0.1111111111111111,36.733333333333334,8.590879631042483,0.2222222222222222,0.0,0.6666666666666666,1490.0,1490.0,1.6111111111111112,0
15.0,1576.8218000000002,0,0,0,0,0,0,0,0,0.06666666666666667,48.83333333333334,10.025816917419434,0.4,0.3333333333333333,0.06666666666666667,1490.0,1490.0,-1.7066666666666668,1
14.0,1505.7439,0,0,0,0,0,0,0,0,0.07142857142857144,51.60714285714287,10.025816917419434,0.35714285714285715,0.3571428571428572,0.07142857142857144,1490.0,1490.0,-1.957142857142857,1
42.0,4889.7771999999995,0,0,0,0,0,0,0,0,0.11904761904761904,82.60476190476189,9.506395149230958,0.2857142857142857,0.30952380952380953,0.16666666666666666,12490.0,12865.0,-1.0952380952380953,1
14.0,1505.7439,0,0,0,0,0,0,0,0,0.07142857142857144,51.60714285714287,10.025816917419434,0.35714285714285715,0.3571428571428572,0.07142857142857144,1490.0,1490.0,-1.957142857142857,1
26.0,3059.6465,0,0,0,0,0,0,0,0,0.07692307692307693,78.35769230769232,11.635205650329592,0.38461538461538464,0.2692307692307692,0.15384615384615385,1490.0,1490.0,-1.9461538461538461,1
14.0,1489.6782999999998,0,0,0,0,0,0,0,0,0.07142857142857144,65.09285714285716,10.301548194885253,0.35714285714285715,0.4285714285714286,0.07142857142857144,1490.0,1490.0,-2.1928571428571426,1
11.0,1374.6009,0,0,0,0,0,0,0,0,0.09090909090909091,142.87272727272727,11.999967765808105,0.4545454545454546,0.0,0.09090909090909091,1490.0,1490.0,-1.8636363636363635,1
11.0,1431.6952999999999,0,0,0,0,0,0,0,0,0.09090909090909091,142.87272727272727,11.999967765808105,0.45454545454545453,0.0,0.09090909090909091,1490.0,1490.0,-2.381818181818182,1
7.0,778.8494999999999,0,0,0,0,0,0,0,0,0.14285714285714288,-23.67142857142857,4.0500284194946286,0.5714285714285715,0.28571428571428575,0.4285714285714286,1490.0,1490.0,0.09999999999999995,0
19.0,2347.7049,0,0,0,0,0,0,0,0,0.31578947368421056,29.158421052631574,5.982042503356933,0.42105263157894735,0.052631578947368425,0.6842105263157895,5960.0,5960.0,0.868421052631579,0
15.0,1876.3299000000002,0,0,0,0,0,0,0,0,0.2,-15.226666666666667,9.825642585754395,0.4666666666666667,0.13333333333333333,0.5333333333333333,6990.0,6990.0,0.18666666666666665,1
31.0,3864.5488000000005,0,0,0,0,0,0,0,0,0.25806451612903225,55.98064516129032,5.076654243469237,0.22580645161290322,0.1935483870967742,0.6774193548387096,15470.0,15470.0,1.0290322580645161,0
18.0,1939.2151,0,0,0,0,0,0,0,0,0.1111111111111111,8.133333333333335,8.430417823791508,0.2777777777777778,0.3333333333333333,0.4444444444444444,2980.0,2980.0,0.005555555555555573,0
6.0,656.7264,0,0,0,0,0,0,0,0,0.33333333333333337,14.75,5.524318122863768,0.16666666666666669,0.33333333333333337,0.6666666666666667,1490.0,1490.0,0.6333333333333333,0
24.0,2601.9527,0,0,0,0,0,0,0,0,0.08333333333333334,6.666666666666667,8.58978366851807,0.33333333333333337,0.25,0.375,1490.0,1490.0,0.19583333333333333,0
32.0,4053.5806000000002,0,0,0,0,0,0,0,0,0.28125,92.81906249999999,5.730018424987794,0.21875,0.25,0.40625,23950.0,23950.0,-0.41875000000000007,0
10.0,1237.3583,0,0,0,0,0,0,0,0,0.4,-6.029999999999999,5.523579216003417,0.2,0.30000000000000004,0.6000000000000001,2980.0,2980.0,0.5,1
6.0,790.8188,0,0,0,0,0,0,0,0,0.33333333333333337,-1.2666666666666664,4.0500284194946286,0.0,0.6666666666666667,0.33333333333333337,6990.0,6990.0,-2.066666666666667,0
30.0,3611.2455,0,0,0,0,0,0,0,0,0.13333333333333333,3.4700000000000024,10.214838218688964,0.26666666666666666,0.23333333333333334,0.4,2980.0,2980.0,-0.92,0
11.0,1343.5438,0,0,0,0,0,0,0,0,0.09090909090909091,117.60000000000001,11.999967765808105,0.36363636363636365,0.09090909090909091,0.09090909090909091,1490.0,1490.0,-1.6545454545454545,1
12.0,1421.4701,0,0,0,0,0,0,0,0,0.16666666666666669,106.13333333333333,6.742661857604981,0.08333333333333334,0.41666666666666674,0.33333333333333337,2980.0,2980.0,-1.7416666666666665,1
23.0,2780.2338,0,0,0,0,0,0,0,0,0.08695652173913043,19.765217391304343,10.548848915100098,0.2608695652173913,0.21739130434782608,0.3913043478260869,2980.0,2980.0,-1.0217391304347827,0
10.0,1199.4432,0,0,0,0,0,0,0,0,0.1,24.15,9.197140312194826,0.4,0.1,0.2,1490.0,1490.0,-0.62,1
10.0,1336.4565,0,0,0,0,0,0,0,0,0.30000000000000004,3.8100000000000023,8.752501869201662,0.1,0.2,0.30000000000000004,1490.0,1490.0,-1.4700000000000002,1
4.0,612.7203000000001,0,0,0,0,0,0,0,0,0.5,-72.35,9.994291877746583,0.25,0.0,0.5,1490.0,1490.0,-1.725,1
13.0,1915.2879,0,0,0,0,0,0,0,0,0.4615384615384615,-64.47692307692307,10.637299537658691,0.3076923076923077,0.0,0.5384615384615384,4470.0,4470.0,-1.3000000000000003,1
33.0,3858.3199999999997,0,0,0,0,0,0,0,0,0.09090909090909091,46.33939393939394,6.7692056655883786,0.36363636363636365,0.15151515151515152,0.3939393939393939,6990.0,6990.0,-0.43333333333333335,0
11.0,1317.5065,0,0,0,0,0,0,0,0,0.09090909090909091,97.86363636363636,11.999967765808105,0.45454545454545453,0.0,0.09090909090909091,1490.0,1490.0,-1.3454545454545455,1
11.0,1743.0455,0,0,0,0,0,0,0,0,0.09090909090909091,462.37272727272716,11.999967765808105,0.0,0.0,0.09090909090909091,1490.0,1490.0,-4.209090909090909,1
21.0,2412.5188,0,0,0,0,0,0,0,0,0.14285714285714285,7.661904761904763,4.0500284194946286,0.14285714285714288,0.4285714285714286,0.33333333333333337,1490.0,1490.0,-0.5476190476190477,0
9.0,1082.0818,0,0,0,0,0,0,0,0,0.1111111111111111,30.28888888888889,4.558112144470216,0.3333333333333333,0.3333333333333333,0.1111111111111111,1490.0,1490.0,-2.0,0
12.0,1347.5140999999999,0,0,0,0,0,0,0,0,0.16666666666666669,77.88333333333334,6.740160942077638,0.16666666666666669,0.25,0.5833333333333334,1490.0,1490.0,0.19166666666666662,1
8.0,879.0083999999999,0,0,0,0,0,0,0,0,0.125,8.75,4.0500284194946286,0.75,0.125,0.5,1490.0,1490.0,1.1749999999999998,0
7.0,883.9005999999999,0,0,0,0,0,0,0,0,0.28571428571428575,69.57142857142858,4.0500284194946286,0.0,0.4285714285714286,0.28571428571428575,1490.0,1490.0,-1.6285714285714286,0
18.0,2407.5881,0,0,0,0,0,0,0,0,0.3888888888888889,29.916666666666668,6.139600181579589,0.2777777777777778,0.2222222222222222,0.4444444444444444,12950.0,12950.0,-1.3666666666666667,1
24.0,2488.5751999999998,0,0,0,0,0,0,0,0,0.125,115.95833333333334,9.696641349792483,0.08333333333333334,0.625,0.25,4470.0,4470.0,-0.4708333333333334,1
18.0,2278.4062,0,0,0,0,0,0,0,0,0.33333333333333337,27.538888888888888,4.0500284194946286,0.1111111111111111,0.38888888888888884,0.4444444444444444,12950.0,12950.0,-0.9833333333333333,0
16.0,1964.4019000000003,0,0,0,0,0,0,0,0,0.1875,3.6937500000000014,11.166069221496581,0.4375,0.0,0.5,6990.0,6990.0,0.1,1
12.0,1404.5652,0,0,0,0,0,0,0,0,0.25,5.3,8.590879631042483,0.16666666666666669,0.25,0.5833333333333334,1490.0,1490.0,-0.10000000000000002,1
24.0,2791.1151,0,0,0,0,0,0,0,0,0.25,2.5749999999999997,9.528249931335449,0.16666666666666669,0.25,0.5833333333333334,2980.0,2980.0,-0.10000000000000002,1
14.0,1863.2101999999998,0,0,0,0,0,0,0,0,0.14285714285714288,13.000000000000002,8.597262001037599,0.4285714285714286,0.07142857142857144,0.4285714285714286,6990.0,6990.0,-0.6500000000000001,0
21.0,2339.5589999999997,0,0,0,0,0,0,0,0,0.1904761904761905,40.46190476190477,6.742661857604981,0.14285714285714285,0.2857142857142857,0.4285714285714286,1490.0,1490.0,-0.37142857142857144,1
40.0,4342.1260999999995,0,0,0,0,0,0,0,0,0.15000000000000002,33.589999999999996,9.403439140319826,0.25,0.225,0.625,5960.0,5960.0,1.0825,0
13.0,1660.9198999999999,0,0,0,0,0,0,0,0,0.23076923076923075,96.58461538461539,10.637299537658691,0.3846153846153846,0.07692307692307693,0.3076923076923077,4470.0,4470.0,-2.0461538461538464,0
1.0,89.0932,0,0,0,0,0,0,0,0,0.0,0.0,5.57001667022705,1.0,0.0,0.0,0.0,0.0,1.8,1
3.0,424.5177,0,0,0,0,0,0,0,0,0.33333333333333337,6.666666666666667,8.249712944030762,0.0,0.0,0.33333333333333337,0.0,0.0,0.2666666666666666,1
3.0,390.5015,0,0,0,0,0,0,0,0,0.0,6.666666666666667,8.249712944030762,0.0,0.0,0.33333333333333337,0.0,0.0,0.8333333333333334,1
2.0,132.1179,0,0,0,0,0,0,0,0,0.0,66.7,5.525000190734862,0.0,1.0,0.0,0.0,0.0,-0.4,1
1.0,89.0932,0,0,0,0,0,0,0,0,0.0,0.0,5.57001667022705,1.0,0.0,0.0,0.0,0.0,1.8,1
1.0,131.1729,0,0,0,0,0,0,0,0,0.0,0.0,5.525000190734862,1.0,0.0,1.0,0.0,0.0,3.8,1
13.0,1782.9462999999998,0,0,0,0,0,0,0,0,0.5384615384615384,12.261538461538464,5.374263191223145,0.15384615384615385,0.0,0.6923076923076923,0.0,0.0,0.36923076923076914,1
15.0,1907.2329,0,0,0,0,0,0,0,0,0.0,9.333333333333332,7.284337425231934,0.4666666666666666,0.0,0.4666666666666666,0.0,0.0,0.06666666666666649,1
16.0,2095.2313,0,0,0,0,0,0,0,0,0.4375,-15.793749999999998,6.917725944519043,0.0,0.3125,0.5625,0.0,0.0,-0.35625000000000007,1
6.0,840.8511,0,0,0,0,0,0,0,0,0.0,8.333333333333334,7.205899620056152,0.0,0.0,0.0,0.0,0.0,-3.2000000000000006,1
11.0,1335.8011999999999,0,0,0,0,0,0,0,0,0.09090909090909091,41.83636363636363,5.525000190734862,0.9090909090909091,0.0,1.0,5500.0,5500.0,3.372727272727273,1
7.0,1111.3152,0,0,0,0,0,0,0,0,0.0,499.5428571428571,11.999967765808105,0.0,0.0,0.0,0.0,0.0,-4.5,1
7.0,1111.3152,0,0,0,0,0,0,0,0,0.0,499.5428571428571,11.999967765808105,0.0,0.0,0.0,0.0,0.0,-4.5,1
4.0,515.6103,0,0,0,0,0,0,0,0,0.0,46.550000000000004,11.999967765808105,0.25,0.25,0.0,0.0,0.0,-3.325,1
6.0,955.1294999999999,0,0,0,0,0,0,0,0,0.0,485.66666666666663,11.999967765808105,0.0,0.0,0.0,0.0,0.0,-4.5,1
5.0,798.9438,0,0,0,0,0,0,0,0,0.0,466.24,11.999967765808105,0.0,0.0,0.0,0.0,0.0,-4.5,1
4.0,642.7581,0,0,0,0,0,0,0,0,0.0,437.1,11.999967765808105,0.0,0.0,0.0,0.0,0.0,-4.5,1
4.0,642.7581,0,0,0,0,0,0,0,0,0.0,437.1,11.999967765808105,0.0,0.0,0.0,0.0,0.0,-4.5,1
3.0,486.57239999999996,0,0,0,0,0,0,0,0,0.0,388.53333333333336,11.999967765808105,0.0,0.0,0.0,0.0,0.0,-4.5,1
1.0,133.1027,0,0,0,0,0,0,0,0,0.0,0.0,4.299381065368652,0.0,1.0,0.0,0.0,0.0,-3.5,1
2.0,178.2095,0,0,0,0,0,0,0,0,0.0,5.0,5.518122673034666,0.0,0.5,0.0,0.0,0.0,1.05,1
2.0,178.2095,0,0,0,0,0,0,0,0,0.0,5.0,5.518122673034666,0.0,0.5,0.0,0.0,0.0,1.05,1
19.0,2600.6252999999997,0,0,0,0,0,0,0,0,0.0,21.936842105263157,7.516013145446778,0.0,0.052631578947368425,0.0,0.0,0.0,-3.2157894736842105,1
26.0,3712.9715999999994,1,0,0,0,0,1,0,0,0.0,168.57692307692304,11.999967765808105,0.0,0.038461538461538464,0.0,0.0,0.0,-3.6115384615384616,1
26.0,3712.9715999999994,0,0,0,0,0,0,0,0,0.0,168.57692307692304,11.999967765808105,0.0,0.038461538461538464,0.0,0.0,0.0,-3.6115384615384616,1
4.0,246.22049999999996,0,0,0,0,0,0,0,0,0.0,100.04999999999998,5.525000190734862,0.0,1.0,0.0,0.0,0.0,-0.4,1
22.0,2269.8105,0,0,0,0,0,0,1,0,0.045454545454545456,-0.995454545454546,10.176286125183104,0.6818181818181818,0.18181818181818182,0.40909090909090906,1490.0,1490.0,0.8545454545454546,1
22.0,2269.8105,0,0,0,0,0,0,0,0,0.045454545454545456,-0.995454545454546,10.176286125183104,0.6818181818181818,0.18181818181818182,0.40909090909090906,1490.0,1490.0,0.8545454545454546,1
