{
    "run_name": "RDKit_Descriptors_test",
    "best_model": "gbm",
    "metrics_test": {
        "MSE": 67720973.51521127,
        "RMSE": 8229.275394298777,
        "MAE": 3532.9292985059874,
        "RMSLE": 2.4907547265124657,
        "Mean Residual Deviance": 67720973.51521127,
        "R2": -0.0001661289127030674
    },
    "metrics_train": {
        "MSE": 25648699.85449043,
        "RMSE": 5064.4545465914125,
        "MAE": 2658.9896699243013,
        "RMSLE": 2.946078976540137,
        "Mean Residual Deviance": 25648699.85449043,
        "R2": 0.34354972215055013
    }
}