{
    "run_name": "RDKit_Descriptors_test2",
    "best_model": "gbm",
    "metrics_test": {
        "MSE": 67328297.86022905,
        "RMSE": 8205.382249488994,
        "MAE": 3588.883424635535,
        "RMSLE": 2.5420383924846996,
        "Mean Residual Deviance": 67328297.86022905,
        "R2": 0.00563326925562968
    },
    "metrics_train": {
        "MSE": 26172968.605953865,
        "RMSE": 5115.952365489134,
        "MAE": 2708.9785315912154,
        "RMSLE": 2.9861502288912485,
        "Mean Residual Deviance": 26172968.605953865,
        "R2": 0.33013163977138793
    }
}